-- phpMyAdmin SQL Dump
-- version 4.9.2
-- https://www.phpmyadmin.net/
--
-- Host: 127.0.0.1
-- Generation Time: Aug 24, 2020 at 04:19 AM
-- Server version: 10.4.11-MariaDB
-- PHP Version: 7.4.1

SET SQL_MODE = "NO_AUTO_VALUE_ON_ZERO";
SET AUTOCOMMIT = 0;
START TRANSACTION;
SET time_zone = "+00:00";


/*!40101 SET @OLD_CHARACTER_SET_CLIENT=@@CHARACTER_SET_CLIENT */;
/*!40101 SET @OLD_CHARACTER_SET_RESULTS=@@CHARACTER_SET_RESULTS */;
/*!40101 SET @OLD_COLLATION_CONNECTION=@@COLLATION_CONNECTION */;
/*!40101 SET NAMES utf8mb4 */;

--
-- Database: `digimice`
--

-- --------------------------------------------------------

--
-- Table structure for table `event`
--

CREATE TABLE `event` (
  `id` int(11) NOT NULL,
  `name` varchar(45) DEFAULT NULL,
  `start` date DEFAULT NULL,
  `end` date DEFAULT NULL,
  `event_type_id` int(11) DEFAULT NULL,
  `banner` varchar(100) DEFAULT NULL,
  `description` text DEFAULT NULL,
  `place` varchar(255) DEFAULT NULL,
  `address` varchar(255) DEFAULT NULL,
  `event_status` varchar(45) DEFAULT NULL,
  `event_paket_id` int(11) DEFAULT NULL,
  `presence_type` varchar(45) DEFAULT NULL,
  `event_ticket_price` int(11) DEFAULT NULL,
  `created_at` timestamp NULL DEFAULT NULL,
  `updated_at` timestamp NULL DEFAULT NULL
) ENGINE=InnoDB DEFAULT CHARSET=utf8;

--
-- Dumping data for table `event`
--

INSERT INTO `event` (`id`, `name`, `start`, `end`, `event_type_id`, `banner`, `description`, `place`, `address`, `event_status`, `event_paket_id`, `presence_type`, `event_ticket_price`, `created_at`, `updated_at`) VALUES
(1, 'SPCF 2019 - Surabaya', '2020-04-17', '2020-04-17', 3, 'upload/images/image1588297830.jpeg', 'seminar kesehatan', 'surabaya', 'surabaya', '', 2, 'Berdasarkan Sesi', 2000, NULL, '2020-05-01 01:56:55'),
(2, 'SPCF 2019 - Jember', '2019-11-09', '2019-11-10', 3, NULL, '', '', '', '', 1, '', 0, NULL, NULL),
(3, 'Test Event', '2019-11-07', '2019-11-07', 1, NULL, '', '', '', '', 0, '', 0, NULL, NULL),
(173, 'Workhop Android', '2020-05-02', '2020-05-02', 3, 'upload/images/blank.jpg', 'Belajar Android Bersama', 'Rumah Masing-masing', 'Rumahmu', 'true', 1, 'Bebas', 0, '2020-05-02 05:34:36', '2020-05-02 05:34:36'),
(174, 'Workshop Android Expert', '2020-05-02', '2020-05-03', 3, 'upload/images/image1588562929.jpeg', 'Menjadi Android Expert', 'Dirumah', 'Dirumah', 'true', 1, 'Bebas', 0, '2020-05-02 05:47:01', '2020-05-04 03:28:49'),
(175, 'Ngoding', '2020-05-04', '2020-05-04', 3, 'upload/images/blank.jpg', 'ngoding', 'rumah', 'rumah', 'true', 1, 'Bebas', 0, '2020-05-04 04:13:06', '2020-05-04 04:13:06'),
(176, 'Ngoding 2', '2020-05-04', '2020-05-04', 3, 'upload/images/image1588735254.jpeg', 'ngoding', 'rumah', 'rumah', 'true', 1, 'Bebas', 0, '2020-05-04 05:03:10', '2020-05-06 03:20:54'),
(181, 'Belajar Membaca', '2020-05-06', '2020-05-06', 3, 'upload/images/blank.jpg', 'membaca bersama', 'rumah', 'rumah', 'true', 2, 'Bebas', 10000, '2020-05-06 06:07:18', '2020-05-17 04:07:37'),
(182, 'tess', '2020-05-14', '2020-05-14', 3, 'upload/images/blank.jpg', 'asd', 'asd', 'asd', 'false', 2, 'Bebas', 8800, '2020-05-14 14:05:42', '2020-05-14 14:05:42'),
(183, 'yutube', '2020-05-18', '2020-05-18', 3, 'upload/images/blank.jpg', 'yutubr', 'rumah', 'rumah', 'true', 1, 'Berdasarkan Sesi', 0, '2020-05-18 03:51:41', '2020-05-18 03:51:41'),
(184, 'bsh', '2020-05-19', '2020-05-19', 3, 'upload/images/blank.jpg', 'bsbd', 'bdb', 'dbd', 'true', 1, 'Berdasarkan Sesi', 0, '2020-05-19 03:40:35', '2020-05-19 03:40:35'),
(185, 'hrhr', '2020-05-19', '2020-05-19', 3, 'upload/images/image1589947949.jpeg', 'heh', 'hdh', 'bsh', 'true', 1, 'Bebas', 0, '2020-05-19 03:43:31', '2020-05-20 04:12:29'),
(186, 'cek', '2020-05-20', '2020-05-20', 3, 'upload/images/image1589948176.jpeg', 'nx', 'nd', 'bd', 'true', 1, 'Bebas', 0, '2020-05-20 04:13:26', '2020-05-20 04:16:16'),
(187, 'SEMINAR 2', '2020-06-17', '2020-06-17', 3, 'upload/images/image1592380583.jpeg', 'SEMINAR', 'banyuwangi', 'banyuwangi', 'true', 1, 'Bebas', 0, '2020-06-17 07:56:26', '2020-06-17 07:56:26'),
(188, 'Seminar 2', '2020-06-17', '2020-06-17', 3, 'upload/images/image1592381592.jpeg', 'seminar', 'banyuwangi', 'banyuwangi', 'true', 1, 'Bebas', 0, '2020-06-17 08:13:12', '2020-06-17 08:13:12'),
(189, 'Seminar Nasional', '2020-06-18', '2020-06-18', 3, 'upload/images/image1592441244.jpeg', 'seminar nasional ekonomi', 'banyuwangi', 'banyuwangi', 'true', 2, 'Berdasarkan Sesi', 10000, '2020-06-18 00:47:24', '2020-06-18 00:52:09'),
(190, 'Seminar 3', '2020-06-18', '2020-06-18', 3, 'upload/images/blank.jpg', 'seminar', 'rumah', 'rumah', 'true', 2, 'Berdasarkan Sesi', 100000, '2020-06-18 01:14:59', '2020-06-18 12:55:56'),
(191, 'bxb', '2020-06-18', '2020-06-18', 3, 'upload/images/blank.jpg', 'hdhd', 'bshd', 'bsbs', 'false', 2, 'Bebas', 10000, '2020-06-18 12:30:34', '2020-06-18 12:30:34'),
(192, 'bsbsb', '2020-06-18', '2020-06-18', 3, 'upload/images/image1592483477.jpeg', 'jdbdbdbdbddb', 'bdbdbdbddb', 'bdbdbddb', 'false', 2, 'Berdasarkan Sesi', 10000, '2020-06-18 12:31:17', '2020-06-18 12:31:17'),
(193, 'Seminar Seni Tari', '2020-06-18', '2020-06-18', 3, 'upload/images/image1592483588.jpeg', 'seminar seni tari nasional', 'banyuwangi', 'banyuwangi', 'false', 2, 'Berdasarkan Sesi', 10000, '2020-06-18 12:33:08', '2020-06-18 12:33:08'),
(194, 'Seminar Multimedia', '2020-06-18', '2020-06-18', 3, 'upload/images/image1592483706.jpeg', 'Seminar multi media nasional', 'banyuwangi', 'banyuwangi', 'false', 2, 'Berdasarkan Sesi', 10000, '2020-06-18 12:35:06', '2020-06-18 12:35:06'),
(195, 'dndndn', '2020-06-18', '2020-06-18', 3, 'upload/images/blank.jpg', 'bdbdbd', 'bdbdb', 'sjsh', 'false', 2, 'Bebas', 10000, '2020-06-18 12:39:40', '2020-06-18 12:39:40'),
(196, 'hhd', '2020-06-18', '2020-06-18', 3, 'upload/images/blank.jpg', 'hdhd', 'hdh', 'db', 'true', 1, 'Bebas', 0, '2020-06-18 13:04:51', '2020-06-18 13:04:51'),
(197, 'hhd', '2020-06-18', '2020-06-19', 3, 'upload/images/blank.jpg', 'hdhd', 'hdh', 'db', 'true', 1, 'Bebas', 0, '2020-06-18 13:05:06', '2020-06-18 13:05:06'),
(198, 'hsb', '2020-06-18', '2020-06-20', 3, 'upload/images/blank.jpg', 'bddb', 'bddb', 'sb', 'false', 2, 'Berdasarkan Sesi', 10000, '2020-06-18 13:05:34', '2020-06-18 13:05:34'),
(199, 'hhh', '2020-06-18', '2020-06-20', 3, 'upload/images/blank.jpg', 'bhhhh', 'vvh', 'hhh', 'true', 1, 'Bebas', 0, '2020-06-18 13:11:52', '2020-06-18 13:11:52'),
(200, 'Seminar Programming', '2020-06-19', '2020-06-20', 3, 'upload/images/image1592543671.jpeg', 'seminar programming se banyuwangi jawa timur', 'banyuwangi', 'banyuwangi', 'true', 2, 'Bebas', 15000, '2020-06-19 05:14:31', '2020-06-19 05:23:19'),
(201, 'Seminar Multimedia', '2020-06-19', '2020-06-21', 3, 'upload/images/image1592974444.jpeg', 'seminar nasional multimedia', 'Banyuwangi', 'Banyuwangi', 'true', 2, 'Berdasarkan Sesi', 15000, '2020-06-19 11:52:47', '2020-06-24 04:54:04'),
(202, 'Seminar Nasional Programmer', '2020-06-20', '2020-08-06', 3, 'upload/images/image1592739931.jpeg', 'Seminar programer merupakan acara yang diselenggarakan oleh komunitas', 'Hotel Santika', 'Jl. Purwoasri Tegaldlimo', 'true', 2, 'Berdasarkan Sesi', 10000, '2020-06-20 12:44:51', '2020-08-06 13:34:58'),
(203, 'tresa', '2020-06-24', '2020-06-24', 3, 'upload/images/blank.jpg', 'sd', 'asd', 'asd', 'false', 2, 'Bebas', 10000, '2020-06-24 09:09:44', '2020-06-24 09:09:44'),
(204, 'saea', '2020-06-30', '2020-06-30', 3, 'upload/images/blank.jpg', 'qweqw', 'qew', 'qwe', 'false', 2, 'Bebas', 10000, '2020-06-30 03:50:44', '2020-06-30 03:50:44'),
(205, 'hhh', '2020-08-02', '2020-08-02', 3, 'upload/images/blank.jpg', 'jjh', 'hh', 'jh', 'false', 2, 'Bebas', 10000, '2020-08-02 03:54:20', '2020-08-02 03:54:20'),
(206, 'asd', '2020-08-06', '2020-08-06', 3, 'upload/images/blank.jpg', 'asd', 'asd', 'asd', 'false', 2, 'Bebas', 10000, '2020-08-06 13:15:59', '2020-08-06 13:15:59'),
(207, 'Seminar Olahraga', '2020-08-29', '2020-08-29', 3, 'upload/images/blank.jpg', 'komunitas olahraga se indonesia', 'banyuwangi', 'jl. merpati', 'true', 1, 'Bebas', 0, '2020-08-15 05:17:18', '2020-08-15 11:15:01'),
(208, 'Seminar Olahraga II', '2020-08-15', '2020-08-15', 3, 'upload/images/blank.jpg', 'olah raga', 'banyuwangu', 'jl. merpati', 'true', 1, 'Bebas', 0, '2020-08-15 05:20:59', '2020-08-15 05:20:59'),
(209, 'Seminar Olahraga III', '2020-08-02', '2020-08-03', 3, 'upload/images/blank.jpg', 'olahraga', 'bwi', 'jl. merpati', 'true', 1, 'Bebas', 0, '2020-08-15 05:29:55', '2020-08-15 11:15:24'),
(210, NULL, NULL, NULL, NULL, 'upload/images/blank.jpg', NULL, NULL, NULL, NULL, NULL, NULL, NULL, '2020-08-15 05:32:32', '2020-08-15 05:32:32'),
(211, 'Seminar paket gratis', '2020-08-17', '2020-08-17', 3, 'upload/images/blank.jpg', 'gratis semua', 'bwi', 'jl. mandiri', 'true', 1, 'Bebas', 0, '2020-08-15 05:35:05', '2020-08-17 13:04:31'),
(212, 'Seminar Paket Gratis II', '2020-08-20', '2020-08-29', 3, 'upload/images/blank.jpg', 'gratis semua', 'jl. gratis', 'bwi', 'true', 1, 'Bebas', 0, '2020-08-15 05:37:19', '2020-08-15 11:03:28'),
(213, 'aa', '2020-08-15', '2020-08-15', 2, 'upload/images/image1597470269.jpeg', 'safd', 'asfd', 'asfd', 'false', 1, 'bebas', 0, '2020-08-15 05:44:29', '2020-08-15 05:44:29'),
(214, 'aa', '2020-08-15', '2020-08-15', 2, 'upload/images/image1597470329.jpeg', 'safd', 'asfd', 'asfd', 'false', 1, 'bebas', 0, '2020-08-15 05:45:29', '2020-08-15 05:45:29'),
(215, 'tes', '2020-08-15', '2020-08-15', 3, 'upload/images/blank.jpg', 'bdn', 'bdn', 'hs', 'false', 2, 'Bebas', 10000, '2020-08-15 06:34:50', '2020-08-15 06:34:50'),
(216, 'Seminar Peluang Usaha Digital', '2020-08-20', '2020-08-27', 3, 'upload/images/image1597673644.jpeg', 'membahas peluang usaha digital', 'banyuwangi', 'jl. merpati', 'true', 1, 'Bebas', 0, '2020-08-17 14:14:04', '2020-08-17 14:14:04'),
(217, 'DIGITAL MENDADAK', '2020-08-17', '2020-08-20', 3, 'upload/images/image1597676121.jpeg', 'seminar digital', 'bwi', 'jl. merpari', 'true', 2, 'Bebas', 10000, '2020-08-17 14:55:21', '2020-08-17 14:55:59'),
(218, 'Seminar Digital', '2020-08-18', '2020-08-19', 3, 'upload/images/image1597728114.jpeg', 'tes seminar', 'bwi', 'jl merpati', 'true', 1, 'Bebas', 0, '2020-08-18 05:21:55', '2020-08-18 05:21:55'),
(219, 'Seminar Digital', '2020-08-18', '2020-08-19', 3, 'upload/images/image1597728121.jpeg', 'tes seminar', 'bwi', 'jl merpati', 'true', 1, 'Bebas', 0, '2020-08-18 05:22:01', '2020-08-18 05:22:01'),
(220, 'Seminar Digital Baru', '2020-08-18', '2020-08-19', 3, 'upload/images/image1597728131.jpeg', 'tes seminar', 'bwi', 'jl merpati', 'true', 1, 'Bebas', 0, '2020-08-18 05:22:12', '2020-08-18 05:22:12'),
(221, 'Seminar Digital Baru', '2020-08-18', '2020-08-19', 3, 'upload/images/image1597728141.jpeg', 'tes seminar', 'bwi', 'jl merpati', 'true', 1, 'Bebas', 0, '2020-08-18 05:22:21', '2020-08-18 05:22:21'),
(222, 'Seminar Digital Baru', '2020-08-18', '2020-08-19', 3, 'upload/images/image1597728145.jpeg', 'tes seminar', 'bwi', 'jl merpati', 'true', 1, 'Bebas', 0, '2020-08-18 05:22:25', '2020-08-18 05:22:25'),
(223, 'Seminar Digital Baru', '2020-08-18', '2020-08-19', 3, 'upload/images/image1597728148.jpeg', 'tes seminar', 'bwi', 'jl merpati', 'true', 1, 'Bebas', 0, '2020-08-18 05:22:28', '2020-08-18 05:22:28'),
(224, 'tees', '2020-08-18', '2020-08-18', 3, 'upload/images/blank.jpg', 'tes', 'bwi', 'bwi', 'true', 2, 'Bebas', 10000, '2020-08-18 05:29:24', '2020-08-18 05:29:54'),
(225, 'bhshd', '2020-08-18', '2020-08-19', 3, 'upload/images/blank.jpg', 'hdhd', 'hdhd', 'bdbd', 'true', 1, 'Bebas', 0, '2020-08-18 05:31:08', '2020-08-18 05:31:08'),
(226, 'bhshd', '2020-08-18', '2020-08-19', 3, 'upload/images/blank.jpg', 'hdhd', 'hdhd', 'bdbd', 'true', 1, 'Bebas', 0, '2020-08-18 05:31:17', '2020-08-18 05:31:17'),
(227, 'bhshd', '2020-08-20', '2020-08-20', 3, 'upload/images/blank.jpg', 'hdhd', 'hdhd', 'bdbd', 'true', 1, 'Bebas', 0, '2020-08-18 05:32:28', '2020-08-18 05:33:46'),
(228, 'bhshd', '2020-08-18', '2020-08-19', 3, 'upload/images/blank.jpg', 'hdhd', 'hdhd', 'bdbd', 'true', 1, 'Bebas', 0, '2020-08-18 05:32:31', '2020-08-18 05:32:31'),
(229, 'bhshd', '2020-08-10', '2020-08-10', 3, 'upload/images/blank.jpg', 'hdhd', 'hdhd', 'bdbd', 'true', 1, 'Bebas', 0, '2020-08-18 05:32:52', '2020-08-18 05:33:31'),
(230, 'bsbsb', '2020-08-18', '2020-08-18', 3, 'upload/images/blank.jpg', 'shdh', 'dhdh', 'dhdh', 'true', 1, 'Bebas', 0, '2020-08-18 05:40:33', '2020-08-18 05:40:33'),
(231, 'bsbsb', '2020-08-18', '2020-08-18', 3, 'upload/images/blank.jpg', 'shdh', 'dhdh', 'dhdh', 'true', 1, 'Bebas', 0, '2020-08-18 05:40:48', '2020-08-18 05:40:48'),
(232, 'bsbsb', '2020-08-18', '2020-08-18', 3, 'upload/images/blank.jpg', 'bdbdbbz', 'bdhd', 'bzsh', 'true', 1, 'Bebas', 0, '2020-08-18 05:54:01', '2020-08-18 05:54:01'),
(233, 'aa', '2020-01-01', '2020-01-01', 2, 'upload/images/image1597730188.jpeg', 'safd', 'asfd', 'asfd', 'false', 1, 'bebas', 0, '2020-08-18 05:56:28', '2020-08-18 05:56:28'),
(234, 'bsbsb', '2020-08-18', '2020-08-18', 3, 'upload/images/blank.jpg', 'bdbdbbz', 'bdhd', 'bzsh', 'true', 1, 'Bebas', 0, '2020-08-18 05:57:06', '2020-08-18 05:57:06'),
(235, 'Seminar Peluang Usaha', '2020-08-27', '2020-08-28', 3, 'upload/images/image1597759973.jpeg', 'tws', 'hsb', 'bzb', 'true', 1, 'Bebas', 0, '2020-08-18 12:37:25', '2020-08-18 14:13:19'),
(236, 'tes 2', '2020-08-17', '2020-08-17', 3, 'upload/images/blank.jpg', 'hshs', 'sbsb', 'bsbs', 'true', 1, 'Bebas', 0, '2020-08-18 12:41:28', '2020-08-18 13:37:26'),
(237, 'MENDADAK DIGITAL', '2020-08-18', '2020-08-18', 3, 'upload/images/image1597760033.jpeg', 'sbsb', 'besb', 'sbsb', 'true', 2, 'Bebas', 10000, '2020-08-18 12:42:28', '2020-08-18 14:14:37');

--
-- Triggers `event`
--
DELIMITER $$
CREATE TRIGGER `team` AFTER INSERT ON `event` FOR EACH ROW BEGIN 
                INSERT INTO team (event_id) VALUES (NEW.id);
            END
$$
DELIMITER ;

-- --------------------------------------------------------

--
-- Table structure for table `event_agenda`
--

CREATE TABLE `event_agenda` (
  `id` int(11) NOT NULL,
  `start` datetime DEFAULT NULL,
  `end` datetime DEFAULT NULL,
  `poin` int(11) DEFAULT NULL,
  `qr_code` varchar(100) DEFAULT NULL,
  `name` varchar(100) DEFAULT NULL,
  `description` varchar(255) NOT NULL,
  `event_session_id` int(11) NOT NULL,
  `event_session_event_id` int(11) NOT NULL,
  `event_session_event_event_type_id` int(11) NOT NULL,
  `created_at` timestamp NULL DEFAULT NULL,
  `updated_at` timestamp NULL DEFAULT NULL
) ENGINE=InnoDB DEFAULT CHARSET=utf8;

--
-- Dumping data for table `event_agenda`
--

INSERT INTO `event_agenda` (`id`, `start`, `end`, `poin`, `qr_code`, `name`, `description`, `event_session_id`, `event_session_event_id`, `event_session_event_event_type_id`, `created_at`, `updated_at`) VALUES
(3, '2019-11-09 08:00:00', '2019-11-09 08:45:00', NULL, NULL, ' Sesi 1: Clinical Mentoring Modul Hipertensi', 'Pemateri: Dr. H. Bambang Rudy Utantio, SpJP. FIHA.', 1, 1, 3, NULL, NULL),
(4, '2019-11-09 08:45:00', '2019-11-09 09:30:00', NULL, NULL, 'Sesi 2 : “Clinical Mentoring Modul Diabetes Melitus Type 2”', 'Pemateri:  Dr. Hermawan Susanto, SpPD., FINASIM.', 1, 1, 3, NULL, NULL),
(5, '2019-11-09 09:30:00', '2019-11-09 10:15:00', NULL, NULL, 'Sesi 3 : “Pengendalian Dislipidemia dengan Obat dan tanpa Obat”', 'Pemateri: Dr. Hermawan Susanto, SpPD., FINASIM.', 1, 1, 3, NULL, NULL),
(8, '2019-11-09 08:00:03', '2019-11-09 08:45:03', NULL, NULL, 'Sesi 1', 'Clinical Mentoring Modul Hipertensi (Pemateri : Dr. H. Bambang Rudy Utantio, SpJP. FIHA.)', 6, 2, 3, NULL, NULL),
(9, '2019-11-09 08:45:25', '2019-11-09 09:30:25', NULL, NULL, 'Sesi 2', 'Clinical Mentoring Modul Diabetes Melitus Type 2 - Pemateri : Dr. Hermawan Susanto, SpPD., FINASIM.', 6, 2, 3, NULL, NULL),
(10, '2019-11-09 09:30:17', '2019-11-09 10:15:17', NULL, NULL, 'Sesi 3', '“Pengendalian Dislipidemia dengan Obat dan tanpa Obat” - Pemateri : Dr. Hermawan Susanto, SpPD., FINASIM.', 6, 2, 3, NULL, NULL),
(11, '2019-11-09 10:45:24', '2019-11-09 12:30:24', NULL, NULL, 'Diskusi Panel Sesi Organisasi', 'Etika “Internet Medicine” + “Upaya penguatan dan menambah kompetensi untuk Dokter Umum”', 6, 2, 3, NULL, NULL),
(12, '2019-11-09 13:30:26', '2019-11-09 14:15:26', NULL, NULL, 'Sesi 4', '“Tatalaksana komprehensif Rhinitis” - Pemateri : Dr. Rosydiah Rahmawati, SpTHT-KL.', 7, 2, 3, NULL, NULL),
(13, '2019-11-09 14:15:03', '2019-11-09 15:00:04', NULL, NULL, 'Sesi 5', '”Impacted Serumen, gangguan dan penatalaksanaannya” - Pemateri : Dr. Rosydiah Rahmawati, SpTHT-KL.', 7, 2, 3, NULL, NULL),
(14, '2019-11-09 15:15:12', '2019-11-09 16:00:12', NULL, NULL, 'Sesi 6', '“Dermatitis tuntas di Layanan Primer” Pemateri : Dr. Ary Widhyasti, MKes., Sp KK., FINSDV.', 7, 2, 3, NULL, NULL),
(15, '2019-11-09 16:00:18', '2019-11-09 16:45:18', NULL, NULL, 'Sesi 7', '“Tatalaksana Komprehensif Skabies di Masyarakat”', 7, 2, 3, NULL, NULL),
(16, '2019-11-09 10:45:59', '2019-11-09 12:30:59', NULL, NULL, 'Diskusi Panel Sesi Organisasi', 'Etika “Internet Medicine” + “Upaya penguatan dan menambah kompetensi untuk Dokter Umum”', 1, 1, 3, NULL, NULL),
(17, '2019-11-09 13:30:57', '2019-11-09 14:15:57', NULL, NULL, 'Sesi 4', '“Tatalaksana komprehensif Rhinitis” Pemateri : Dr. Rosydiah Rahmawati, SpTHT-KL.', 2, 1, 3, NULL, NULL),
(18, '2019-11-09 14:15:36', '2019-11-09 15:00:36', NULL, NULL, 'Sesi 5', '”Impacted Serumen, gangguan dan penatalaksanaannya” Pemateri : Dr. Rosydiah Rahmawati, SpTHT-KL.', 2, 1, 3, NULL, NULL),
(19, '2019-11-09 15:15:34', '2019-11-09 16:00:34', NULL, NULL, 'Sesi 6', '“Dermatitis tuntas di Layanan Primer” Pemateri : Dr. Ary Widhyasti, MKes., Sp KK., FINSDV.', 2, 1, 3, NULL, NULL),
(20, '2019-11-09 16:00:25', '2019-11-09 16:45:25', NULL, NULL, 'Sesi 7', '“Tatalaksana komprehensif Skabies di masyarakat” Pemateri : Dr. Ary Widhyasti, MKes., Sp KK., FINSDV.', 2, 1, 3, NULL, NULL),
(21, '2019-11-10 08:00:13', '2019-11-10 08:45:14', NULL, NULL, 'Sesi 8', 'Clinical Mentoring Modul Denghue Fever & DHF Pemateri : DR. Dr. Dominicus Husada, SpA (K).', 3, 1, 3, NULL, NULL),
(22, '2019-11-10 08:45:50', '2019-11-10 09:30:50', NULL, NULL, 'Sesi 9', 'Clinical Mentoring Modul Demam Typhoid Pemateri : DR. Dr. Dominicus Husada, SpA (K).', 3, 1, 3, NULL, NULL),
(23, '2019-11-10 09:45:00', '2019-11-10 10:30:00', NULL, NULL, 'Sesi 10', 'Clinical Mentoring Modul Asma Bronkhial “ Management of Acute Exacerbation COPD” Pemateri : Dr. Arief Bachtiar, SpP (K).', 3, 1, 3, NULL, NULL),
(24, '2019-11-10 10:30:09', '2019-11-10 11:15:09', NULL, NULL, 'Sesi 11', 'TBC Update “Tuberkulosis : Diagnosis, Pengobatan & Pencegahannya” Pemateri : DR. Dr. Soedarsono, SpP (K).', 3, 1, 3, NULL, NULL),
(25, '2019-11-10 11:15:15', '2019-11-10 12:00:15', NULL, NULL, 'Sesi 12', 'Cilical Mentoring CME Suplemen CDK Pemateri : Dr. K. Timbul Wahyudi', 3, 1, 3, NULL, NULL),
(26, '2019-11-10 13:00:18', '2019-11-10 13:45:18', NULL, NULL, 'Sesi 13', 'Cilical Mentoring Modul Tension Headache Pemateri : Dr. Paulus Sugianto, SpS (K).', 4, 1, 3, NULL, NULL),
(27, '2019-11-10 13:45:57', '2019-11-10 14:30:57', NULL, NULL, 'Sesi 14', 'Cilical Mentoring Modul Bell’s Palsy Pemateri : Dr. Paulus Sugianto, SpS (K).', 4, 1, 3, NULL, NULL),
(28, '2019-11-10 14:45:48', '2019-11-10 15:30:48', NULL, NULL, 'Sesi 15', '“Diagnosis dan Terapi operatif Lipoma di Layanan Primer “ Pemateri : Dr. Dwirani R. Pratiwi, SpB. FICS.', 4, 1, 3, NULL, NULL),
(29, '2019-11-10 15:30:00', '2019-11-10 16:15:00', NULL, NULL, 'Sesi 16', '“Penanganan Operatif Mastitis dan Problem pada Ibu Menyusui” Pemateri : Dr. Dwirani R. Pratiwi, SpB. FICS.', 3, 1, 3, NULL, '2020-04-30 11:30:32'),
(30, '2019-11-09 02:00:31', '2019-11-09 02:15:31', NULL, NULL, '1', 'ok', 5, 3, 1, NULL, NULL),
(31, '2019-11-09 09:00:07', '2019-11-09 10:00:07', NULL, NULL, 'Sesi 3', 'ok', 10, 3, 1, NULL, NULL),
(32, '2019-11-09 10:00:07', '2019-11-09 10:50:07', NULL, NULL, 'Sesi 4', 'ok', 10, 3, 1, NULL, NULL),
(33, '2019-11-10 08:00:32', '2019-11-10 08:45:32', NULL, NULL, 'Sesi 8', 'Clinical Mentoring Modul Denghue Fever & DHF', 8, 2, 3, NULL, NULL),
(34, '2019-11-10 08:45:30', '2019-11-10 09:30:30', NULL, NULL, 'Sesi 9', 'Clinical Mentoring Modul Demam Typhoid', 8, 2, 3, NULL, NULL),
(35, '2019-11-10 09:45:44', '2019-11-10 10:30:44', NULL, NULL, 'Sesi 10', 'Clinical Mentoring Modul Asma Bronkhial', 8, 2, 3, NULL, NULL),
(36, '2019-11-10 10:30:02', '2019-11-10 11:15:02', NULL, NULL, 'Sesi 11', 'TBC Update “Tuberkulosis : Diagnosis, Pengobatan & Pencegahannya”', 8, 2, 3, NULL, NULL),
(37, '2019-11-10 11:15:41', '2019-11-10 12:00:42', NULL, NULL, 'Sesi 12', 'Cilical Mentoring CME Suplemen CDK', 8, 2, 3, NULL, NULL),
(38, '2019-11-10 13:00:27', '2019-11-10 13:45:27', NULL, NULL, 'Sesi 13', 'Cilical Mentoring Modul Tension Headache', 9, 2, 3, NULL, NULL),
(39, '2019-11-10 13:45:19', '2019-11-10 14:30:19', NULL, NULL, 'Sesi 14', 'Cilical Mentoring Modul Bell’s Palsy', 9, 2, 3, NULL, NULL),
(40, '2019-11-10 14:45:53', '2019-11-10 15:30:53', NULL, NULL, 'Sesi 15', 'Diagnosis dan Terapi operatif Lipoma di Layanan Primer', 9, 2, 3, NULL, NULL),
(41, '2019-11-10 15:30:40', '2019-11-10 16:15:40', NULL, NULL, 'Sesi 16', 'Penanganan Operatif Mastitis dan Problem pada Ibu Menyusui', 9, 2, 3, NULL, NULL),
(49, '2020-06-18 08:11:00', '2020-06-26 09:03:00', NULL, NULL, '6coba', 'vobavbdbdhdjdjdjddjd\njdhdjdjdjdjdksjsjdhdjshdjskandhdbbdhhdhdhdhdhdhdhdhdhdhdheeh\nshdhejdjdjdjdjdidhejrhd\ndjdjdjrjr', 63, 181, 3, '2020-05-17 04:11:48', '2020-06-18 12:09:14'),
(50, '2020-05-16 12:08:00', '2020-05-16 13:08:00', NULL, NULL, 'sdf', 'sf', 63, 181, 3, '2020-05-17 05:08:23', '2020-05-17 05:08:23'),
(51, '2020-05-15 12:14:00', '2020-05-15 14:14:00', NULL, NULL, 'sdf', 'sdfsdf', 63, 181, 3, '2020-05-17 05:14:58', '2020-05-17 05:22:21'),
(52, '2020-05-18 10:53:00', '2020-05-18 11:53:00', NULL, NULL, 'tes', 'tes', 65, 183, 3, '2020-05-18 03:53:42', '2020-05-18 03:53:42'),
(53, '2020-05-18 08:54:00', '2020-05-18 09:45:00', NULL, NULL, 'trsss', 'tedd', 66, 183, 3, '2020-05-18 03:54:22', '2020-05-18 03:54:22'),
(54, '2020-06-16 14:49:00', '2020-06-16 15:50:00', NULL, NULL, 'sad', 'asd', 74, 186, 3, '2020-06-16 07:50:07', '2020-06-16 07:50:07'),
(55, '2020-06-17 15:38:00', '2020-06-17 16:38:00', NULL, NULL, 'pembukaan', 'pembukaan acara', 76, 188, 3, '2020-06-17 08:38:34', '2020-06-17 08:38:34'),
(56, '2020-06-18 07:58:00', '2020-06-18 10:58:00', NULL, NULL, 'Pengantar ', 'pengantar materi ekonomi', 77, 189, 3, '2020-06-18 00:58:33', '2020-06-18 00:58:33'),
(58, '2020-06-19 04:37:00', '2020-06-24 12:37:00', NULL, NULL, 'cgg', 'ggg', 90, 200, 3, '2020-06-19 05:37:05', '2020-06-19 06:26:58'),
(59, '2020-06-19 08:56:00', '2020-06-19 23:56:00', NULL, NULL, 'Prinsip Design', 'pengenalan prinsip design', 91, 201, 3, '2020-06-19 11:57:10', '2020-06-19 11:57:10'),
(61, '2020-06-20 08:00:00', '2020-06-20 09:00:00', NULL, NULL, 'HTML', 'Pengenalan bahasa HTML', 93, 202, 3, '2020-06-22 11:48:33', '2020-06-23 11:30:15'),
(62, '2020-07-21 08:00:00', '2020-08-06 22:33:00', NULL, NULL, 'CSS', 'Pengenalan bahasa CSS', 94, 202, 3, '2020-06-23 11:27:55', '2020-08-06 13:35:44'),
(63, '2020-06-20 09:00:00', '2020-06-20 12:00:00', NULL, NULL, 'Penerapan HTML', 'Praktik menggunakan html', 93, 202, 3, '2020-06-23 11:29:56', '2020-06-23 11:29:56'),
(64, '2020-06-21 09:00:00', '2020-09-25 16:56:00', NULL, NULL, 'Penerapan CSS', 'Praktik menggunakan CSS', 94, 202, 3, '2020-06-23 11:31:41', '2020-08-02 01:30:08'),
(67, '2020-08-20 18:50:00', '2020-08-21 00:50:00', NULL, NULL, 'bxb', 'ndn', 106, 212, 3, '2020-08-15 11:51:13', '2020-08-15 11:51:13'),
(68, '2020-08-17 23:33:00', '2020-08-18 23:33:00', NULL, NULL, 'bsbbsb', 'hdhdh', 111, 217, 3, '2020-08-17 16:33:54', '2020-08-17 16:33:54'),
(69, '2020-08-18 12:49:00', '2020-08-18 19:49:00', NULL, NULL, 'bb', 'bbh', 125, 231, 3, '2020-08-18 05:49:50', '2020-08-18 05:49:50');

-- --------------------------------------------------------

--
-- Table structure for table `event_certificate`
--

CREATE TABLE `event_certificate` (
  `id` int(11) NOT NULL,
  `name` varchar(100) DEFAULT NULL,
  `event_id` int(11) NOT NULL,
  `event_event_type_id` int(11) NOT NULL,
  `orientation` varchar(1) NOT NULL,
  `size` varchar(2) NOT NULL,
  `image` varchar(45) NOT NULL,
  `font` varchar(20) NOT NULL,
  `font_style` varchar(2) NOT NULL,
  `font_size` int(11) NOT NULL,
  `font_width` int(11) NOT NULL,
  `font_height` int(11) NOT NULL,
  `image_sample` varchar(10) NOT NULL,
  `image_size` int(11) NOT NULL
) ENGINE=InnoDB DEFAULT CHARSET=utf8;

--
-- Dumping data for table `event_certificate`
--

INSERT INTO `event_certificate` (`id`, `name`, `event_id`, `event_event_type_id`, `orientation`, `size`, `image`, `font`, `font_style`, `font_size`, `font_width`, `font_height`, `image_sample`, `image_size`) VALUES
(1, 'SurabayaPrimaryCareForum', 1, 3, 'L', 'A4', 'SurabayaPrimaryCareForum.jpg', 'Times', 'B', 20, 300, 130, 'Off', 100),
(2, 'ContinuingMedicalEducation', 1, 3, 'P', 'A4', 'ContinuingMedicalEducation.jpg', 'Times', 'B', 20, 180, 175, 'Off', 100);

-- --------------------------------------------------------

--
-- Table structure for table `event_material`
--

CREATE TABLE `event_material` (
  `id` int(11) NOT NULL,
  `name` varchar(100) DEFAULT NULL,
  `url` varchar(255) DEFAULT NULL,
  `event_id` int(11) NOT NULL,
  `event_agenda_id` int(11) NOT NULL,
  `event_event_type_id` int(11) NOT NULL,
  `created_at` timestamp NULL DEFAULT NULL,
  `updated_at` timestamp NULL DEFAULT NULL
) ENGINE=InnoDB DEFAULT CHARSET=utf8;

--
-- Dumping data for table `event_material`
--

INSERT INTO `event_material` (`id`, `name`, `url`, `event_id`, `event_agenda_id`, `event_event_type_id`, `created_at`, `updated_at`) VALUES
(50, 'gyuhg', 'upload/pdf/1589774412sertifikat hrd dan walkin interview FIX BARU.pdf', 183, 52, 3, '2020-05-18 04:00:12', '2020-05-18 04:00:12'),
(51, 'tes', 'upload/pdf/1592383168sertifikat hrd dan walkin interview FIX BARU.pdf', 188, 55, 3, '2020-06-17 08:39:28', '2020-06-17 08:39:28'),
(52, 'materi 1', 'upload/pdf/1592441965sertifikat hrd dan walkin interview FIX BARU.pdf', 189, 56, 3, '2020-06-18 00:59:25', '2020-06-18 00:59:25'),
(55, 'dasar html', 'upload/pdf/1592830192sertifikat hrd dan walkin interview FIX BARU.pdf', 202, 61, 3, '2020-06-22 12:49:53', '2020-06-22 12:49:53'),
(57, 'gabung', 'upload/pdf/1594269991gabung.pdf', 189, 56, 3, '2020-07-09 04:46:32', '2020-07-09 04:46:32');

-- --------------------------------------------------------

--
-- Table structure for table `event_order_history`
--

CREATE TABLE `event_order_history` (
  `id` int(11) NOT NULL,
  `status` varchar(45) NOT NULL,
  `event_id` int(11) NOT NULL,
  `user_id` int(11) NOT NULL,
  `event_paket_event_id` int(11) NOT NULL,
  `id_invoice` varchar(45) NOT NULL,
  `created_at` timestamp NULL DEFAULT NULL,
  `updated_at` timestamp NULL DEFAULT NULL
) ENGINE=InnoDB DEFAULT CHARSET=utf8mb4;

--
-- Dumping data for table `event_order_history`
--

INSERT INTO `event_order_history` (`id`, `status`, `event_id`, `user_id`, `event_paket_event_id`, `id_invoice`, `created_at`, `updated_at`) VALUES
(11, 'PAID', 173, 1270, 1, 'no invoice', '2020-05-02 05:34:36', '2020-05-02 05:34:36'),
(12, 'PAID', 174, 1270, 1, 'no invoice', '2020-05-02 05:47:01', '2020-05-02 05:47:01'),
(13, 'PAID', 175, 1270, 1, 'no invoice', '2020-05-04 04:13:06', '2020-05-04 04:13:06'),
(19, 'PAID', 181, 1270, 2, '5eb254191c9cf11118cc4a91', '2020-05-06 06:07:20', '2020-05-06 06:19:47'),
(20, 'EXPIRED', 182, 1270, 2, '5ebd50397d674631dda4eeb9', '2020-05-14 14:05:44', '2020-05-14 14:05:44'),
(21, 'PAID', 183, 1270, 1, 'no invoice', '2020-05-18 03:51:41', '2020-05-18 03:51:41'),
(22, 'PAID', 184, 1270, 1, 'no invoice', '2020-05-19 03:40:35', '2020-05-19 03:40:35'),
(23, 'PAID', 185, 1270, 1, 'no invoice', '2020-05-19 03:43:31', '2020-05-19 03:43:31'),
(24, 'PAID', 186, 1270, 1, 'no invoice', '2020-05-20 04:13:26', '2020-05-20 04:13:26'),
(25, 'PAID', 187, 1270, 1, 'no invoice', '2020-06-17 07:56:26', '2020-06-17 07:56:26'),
(26, 'PAID', 188, 1270, 1, 'no invoice', '2020-06-17 08:13:12', '2020-06-17 08:13:12'),
(27, 'PAID', 189, 1270, 2, '5eeab99f9c739f01d349af6a', '2020-06-18 00:47:25', '2020-06-18 00:52:09'),
(28, 'PAID', 190, 1270, 2, '5eeac0169c739f01d349af89', '2020-06-18 01:15:00', '2020-06-18 01:16:16'),
(29, 'EXPIRED', 191, 1270, 2, '5eeb5e6e9c739f01d349b5be', '2020-06-18 12:30:35', '2020-06-18 12:32:44'),
(30, 'EXPIRED', 192, 1270, 2, '5eeb5e9a9c739f01d349b5c1', '2020-06-18 12:31:18', '2020-06-18 12:32:44'),
(31, 'EXPIRED', 193, 1270, 2, '5eeb5f099c739f01d349b5c2', '2020-06-18 12:33:09', '2020-06-19 12:34:52'),
(32, 'EXPIRED', 194, 1270, 2, '5eeb5f819c739f01d349b5c7', '2020-06-18 12:35:10', '2020-06-19 12:36:10'),
(33, 'EXPIRED', 195, 1270, 2, '5eeb60919c739f01d349b5ca', '2020-06-18 12:39:42', '2020-06-19 11:53:55'),
(34, 'PAID', 196, 1270, 1, 'no invoice', '2020-06-18 13:04:51', '2020-06-18 13:04:51'),
(35, 'PAID', 197, 1270, 1, 'no invoice', '2020-06-18 13:05:06', '2020-06-18 13:05:06'),
(36, 'EXPIRED', 198, 1270, 2, '5eeb66a59c739f01d349b5fe', '2020-06-18 13:05:37', '2020-06-19 05:22:11'),
(37, 'PAID', 199, 1270, 1, 'no invoice', '2020-06-18 13:11:52', '2020-06-18 13:11:52'),
(38, 'PAID', 200, 1270, 2, '5eec49ba9c739f01d349bbbb', '2020-06-19 05:14:32', '2020-06-19 05:20:50'),
(39, 'PAID', 201, 1270, 2, '5eeca7119c739f01d349bffc', '2020-06-19 11:52:49', '2020-06-19 11:53:15'),
(40, 'PAID', 202, 1270, 2, '5eee04c59c739f01d349c729', '2020-06-20 12:44:52', '2020-06-21 11:39:20'),
(41, 'EXPIRED', 203, 1270, 2, '5ef3185afc16440c0fd4f340', '2020-06-24 09:09:45', '2020-06-26 01:07:42'),
(42, 'EXPIRED', 204, 1270, 2, '5efab69533bec410b628324a', '2020-06-30 03:50:45', '2020-06-30 03:50:45'),
(43, 'EXPIRED', 205, 1270, 2, '5f2638eed02ffe406c4d7399', '2020-08-02 03:54:21', '2020-08-02 03:54:21'),
(44, 'PENDING', 206, 1270, 2, '5f2c0293f7c70640309ef444', '2020-08-06 13:16:03', '2020-08-06 13:16:03'),
(45, 'PAID', 207, 1303, 1, 'no invoice', '2020-08-15 05:17:18', '2020-08-15 05:17:18'),
(46, 'PAID', 208, 1303, 1, 'no invoice', '2020-08-15 05:20:59', '2020-08-15 05:20:59'),
(47, 'PAID', 209, 1303, 1, 'no invoice', '2020-08-15 05:29:55', '2020-08-15 05:29:55'),
(48, 'PAID', 211, 1303, 1, 'no invoice', '2020-08-15 05:35:05', '2020-08-15 05:35:05'),
(49, 'PAID', 212, 1303, 1, 'no invoice', '2020-08-15 05:37:19', '2020-08-15 05:37:19'),
(50, 'PAID', 213, 999999, 1, 'no invoice', '2020-08-15 05:44:29', '2020-08-15 05:44:29'),
(51, 'PAID', 214, 999999, 1, 'no invoice', '2020-08-15 05:45:29', '2020-08-15 05:45:29'),
(52, 'PENDING', 215, 1303, 2, '5f37820d4b73f4203a874204', '2020-08-15 06:34:53', '2020-08-15 06:34:53'),
(53, 'PAID', 216, 1307, 1, 'no invoice', '2020-08-17 14:14:04', '2020-08-17 14:14:04'),
(54, 'PAID', 217, 1307, 2, '5f3a9a5c5d8d58401e0a1e1a', '2020-08-17 14:55:23', '2020-08-17 14:55:58'),
(55, 'PAID', 218, 1318, 1, 'no invoice', '2020-08-18 05:21:55', '2020-08-18 05:21:55'),
(56, 'PAID', 219, 1318, 1, 'no invoice', '2020-08-18 05:22:01', '2020-08-18 05:22:01'),
(57, 'PAID', 220, 1318, 1, 'no invoice', '2020-08-18 05:22:12', '2020-08-18 05:22:12'),
(58, 'PAID', 221, 1318, 1, 'no invoice', '2020-08-18 05:22:21', '2020-08-18 05:22:21'),
(59, 'PAID', 222, 1318, 1, 'no invoice', '2020-08-18 05:22:25', '2020-08-18 05:22:25'),
(60, 'PAID', 223, 1318, 1, 'no invoice', '2020-08-18 05:22:28', '2020-08-18 05:22:28'),
(61, 'PAID', 224, 1318, 2, '5f3b67391b8a4c187153ac34', '2020-08-18 05:29:26', '2020-08-18 05:29:54'),
(62, 'PAID', 225, 1318, 1, 'no invoice', '2020-08-18 05:31:08', '2020-08-18 05:31:08'),
(63, 'PAID', 226, 1318, 1, 'no invoice', '2020-08-18 05:31:17', '2020-08-18 05:31:17'),
(64, 'PAID', 227, 1318, 1, 'no invoice', '2020-08-18 05:32:29', '2020-08-18 05:32:29'),
(65, 'PAID', 228, 1318, 1, 'no invoice', '2020-08-18 05:32:32', '2020-08-18 05:32:32'),
(66, 'PAID', 229, 1318, 1, 'no invoice', '2020-08-18 05:32:52', '2020-08-18 05:32:52'),
(67, 'PAID', 230, 1318, 1, 'no invoice', '2020-08-18 05:40:33', '2020-08-18 05:40:33'),
(68, 'PAID', 231, 1318, 1, 'no invoice', '2020-08-18 05:40:48', '2020-08-18 05:40:48'),
(69, 'PAID', 232, 1318, 1, 'no invoice', '2020-08-18 05:54:01', '2020-08-18 05:54:01'),
(70, 'PAID', 233, 999999, 1, 'no invoice', '2020-08-18 05:56:28', '2020-08-18 05:56:28'),
(71, 'PAID', 234, 1318, 1, 'no invoice', '2020-08-18 05:57:06', '2020-08-18 05:57:06'),
(72, 'PAID', 235, 1321, 1, 'no invoice', '2020-08-18 12:37:25', '2020-08-18 12:37:25'),
(73, 'PAID', 236, 1321, 1, 'no invoice', '2020-08-18 12:41:28', '2020-08-18 12:41:28'),
(74, 'PAID', 237, 1321, 2, '5f3bccb81b8a4c187153b078', '2020-08-18 12:42:31', '2020-08-18 13:05:55');

-- --------------------------------------------------------

--
-- Table structure for table `event_packet`
--

CREATE TABLE `event_packet` (
  `id` int(11) NOT NULL,
  `name` varchar(45) NOT NULL,
  `price` int(11) NOT NULL,
  `max_participant` int(11) NOT NULL,
  `created_at` timestamp NULL DEFAULT NULL,
  `updated_at` timestamp NULL DEFAULT NULL
) ENGINE=InnoDB DEFAULT CHARSET=utf8mb4;

--
-- Dumping data for table `event_packet`
--

INSERT INTO `event_packet` (`id`, `name`, `price`, `max_participant`, `created_at`, `updated_at`) VALUES
(1, 'Paket Gratis', 0, 15, NULL, NULL),
(2, 'Paket Reguler', 100000, 50, NULL, NULL);

-- --------------------------------------------------------

--
-- Table structure for table `event_presensi`
--

CREATE TABLE `event_presensi` (
  `id` int(11) NOT NULL,
  `barcode` varchar(45) DEFAULT NULL,
  `status` varchar(45) DEFAULT NULL,
  `participant_user_id` int(11) NOT NULL,
  `event_agenda_id` int(11) DEFAULT NULL,
  `event_agenda_event_session_id` int(11) NOT NULL,
  `event_agenda_event_session_event_id` int(11) NOT NULL,
  `event_agenda_event_session_event_event_type_id` int(11) NOT NULL,
  `created_at` timestamp NULL DEFAULT NULL,
  `updated_at` timestamp NULL DEFAULT NULL
) ENGINE=InnoDB DEFAULT CHARSET=utf8mb4;

--
-- Dumping data for table `event_presensi`
--

INSERT INTO `event_presensi` (`id`, `barcode`, `status`, `participant_user_id`, `event_agenda_id`, `event_agenda_event_session_id`, `event_agenda_event_session_event_id`, `event_agenda_event_session_event_event_type_id`, `created_at`, `updated_at`) VALUES
(1, NULL, 'Hadir', 186, 8, 6, 2, 3, NULL, NULL),
(2, NULL, 'Hadir', 186, 9, 6, 2, 3, NULL, NULL),
(3, NULL, 'Hadir', 186, 10, 6, 2, 3, NULL, NULL),
(4, NULL, 'Hadir', 186, 11, 6, 2, 3, NULL, NULL),
(5, NULL, 'Hadir', 186, 38, 9, 2, 3, NULL, NULL),
(6, NULL, 'Hadir', 186, 39, 9, 2, 3, NULL, NULL),
(7, NULL, 'Hadir', 186, 40, 9, 2, 3, NULL, NULL),
(8, NULL, 'Hadir', 186, 41, 9, 2, 3, NULL, NULL),
(9, NULL, 'Hadir', 338, 3, 1, 1, 3, NULL, NULL),
(10, NULL, 'Hadir', 338, 4, 1, 1, 3, NULL, NULL),
(11, NULL, 'Hadir', 338, 5, 1, 1, 3, NULL, NULL),
(12, NULL, 'Hadir', 338, 16, 1, 1, 3, NULL, NULL),
(13, NULL, 'Hadir', 1169, 8, 6, 2, 3, NULL, NULL),
(14, NULL, 'Hadir', 1169, 9, 6, 2, 3, NULL, NULL),
(15, NULL, 'Hadir', 1169, 10, 6, 2, 3, NULL, NULL),
(16, NULL, 'Hadir', 1169, 11, 6, 2, 3, NULL, NULL),
(17, NULL, 'Hadir', 1169, 12, 7, 2, 3, NULL, NULL),
(18, NULL, 'Hadir', 1169, 13, 7, 2, 3, NULL, NULL),
(19, NULL, 'Hadir', 1169, 14, 7, 2, 3, NULL, NULL),
(20, NULL, 'Hadir', 1169, 15, 7, 2, 3, NULL, NULL),
(21, NULL, 'Hadir', 1169, 33, 8, 2, 3, NULL, NULL),
(22, NULL, 'Hadir', 1169, 34, 8, 2, 3, NULL, NULL),
(23, NULL, 'Hadir', 1169, 35, 8, 2, 3, NULL, NULL),
(24, NULL, 'Hadir', 1169, 36, 8, 2, 3, NULL, NULL),
(25, NULL, 'Hadir', 1169, 37, 8, 2, 3, NULL, NULL),
(26, NULL, 'Hadir', 1169, 38, 9, 2, 3, NULL, NULL),
(27, NULL, 'Hadir', 1169, 39, 9, 2, 3, NULL, NULL),
(28, NULL, 'Hadir', 1169, 40, 9, 2, 3, NULL, NULL),
(29, NULL, 'Hadir', 1169, 41, 9, 2, 3, NULL, NULL),
(30, NULL, 'Hadir', 1170, 8, 6, 2, 3, NULL, NULL),
(31, NULL, 'Hadir', 1170, 9, 6, 2, 3, NULL, NULL),
(32, NULL, 'Hadir', 1170, 10, 6, 2, 3, NULL, NULL),
(33, NULL, 'Hadir', 1170, 11, 6, 2, 3, NULL, NULL),
(34, NULL, 'Hadir', 1170, 12, 7, 2, 3, NULL, NULL),
(35, NULL, 'Hadir', 1170, 13, 7, 2, 3, NULL, NULL),
(36, NULL, 'Hadir', 1170, 14, 7, 2, 3, NULL, NULL),
(37, NULL, 'Hadir', 1170, 15, 7, 2, 3, NULL, NULL),
(38, NULL, 'Hadir', 1170, 33, 8, 2, 3, NULL, NULL),
(39, NULL, 'Hadir', 1170, 34, 8, 2, 3, NULL, NULL),
(40, NULL, 'Hadir', 1170, 35, 8, 2, 3, NULL, NULL),
(41, NULL, 'Hadir', 1170, 36, 8, 2, 3, NULL, NULL),
(42, NULL, 'Hadir', 1170, 37, 8, 2, 3, NULL, NULL),
(43, NULL, 'Hadir', 1171, 8, 6, 2, 3, NULL, NULL),
(44, NULL, 'Hadir', 1171, 9, 6, 2, 3, NULL, NULL),
(45, NULL, 'Hadir', 1171, 10, 6, 2, 3, NULL, NULL),
(46, NULL, 'Hadir', 1171, 11, 6, 2, 3, NULL, NULL),
(47, NULL, 'Hadir', 1171, 12, 7, 2, 3, NULL, NULL),
(48, NULL, 'Hadir', 1171, 13, 7, 2, 3, NULL, NULL),
(49, NULL, 'Hadir', 1171, 14, 7, 2, 3, NULL, NULL),
(50, NULL, 'Hadir', 1171, 15, 7, 2, 3, NULL, NULL),
(51, NULL, 'Hadir', 1171, 33, 8, 2, 3, NULL, NULL),
(52, NULL, 'Hadir', 1171, 34, 8, 2, 3, NULL, NULL),
(53, NULL, 'Hadir', 1171, 35, 8, 2, 3, NULL, NULL),
(54, NULL, 'Hadir', 1171, 36, 8, 2, 3, NULL, NULL),
(55, NULL, 'Hadir', 1171, 37, 8, 2, 3, NULL, NULL),
(56, NULL, 'Hadir', 1171, 38, 9, 2, 3, NULL, NULL),
(57, NULL, 'Hadir', 1171, 39, 9, 2, 3, NULL, NULL),
(58, NULL, 'Hadir', 1171, 40, 9, 2, 3, NULL, NULL),
(59, NULL, 'Hadir', 1171, 41, 9, 2, 3, NULL, NULL),
(60, NULL, 'Hadir', 1172, 8, 6, 2, 3, NULL, NULL),
(61, NULL, 'Hadir', 1172, 9, 6, 2, 3, NULL, NULL),
(62, NULL, 'Hadir', 1172, 10, 6, 2, 3, NULL, NULL),
(63, NULL, 'Hadir', 1172, 11, 6, 2, 3, NULL, NULL),
(64, NULL, 'Hadir', 1172, 12, 7, 2, 3, NULL, NULL),
(65, NULL, 'Hadir', 1172, 13, 7, 2, 3, NULL, NULL),
(66, NULL, 'Hadir', 1172, 14, 7, 2, 3, NULL, NULL),
(67, NULL, 'Hadir', 1172, 15, 7, 2, 3, NULL, NULL),
(68, NULL, 'Hadir', 1172, 33, 8, 2, 3, NULL, NULL),
(69, NULL, 'Hadir', 1172, 34, 8, 2, 3, NULL, NULL),
(70, NULL, 'Hadir', 1172, 35, 8, 2, 3, NULL, NULL),
(71, NULL, 'Hadir', 1172, 36, 8, 2, 3, NULL, NULL),
(72, NULL, 'Hadir', 1172, 37, 8, 2, 3, NULL, NULL),
(73, NULL, 'Hadir', 1172, 38, 9, 2, 3, NULL, NULL),
(74, NULL, 'Hadir', 1172, 39, 9, 2, 3, NULL, NULL),
(75, NULL, 'Hadir', 1172, 40, 9, 2, 3, NULL, NULL),
(76, NULL, 'Hadir', 1172, 41, 9, 2, 3, NULL, NULL),
(77, NULL, 'Hadir', 1173, 8, 6, 2, 3, NULL, NULL),
(78, NULL, 'Hadir', 1173, 9, 6, 2, 3, NULL, NULL),
(79, NULL, 'Hadir', 1173, 10, 6, 2, 3, NULL, NULL),
(80, NULL, 'Hadir', 1173, 11, 6, 2, 3, NULL, NULL),
(81, NULL, 'Hadir', 1173, 12, 7, 2, 3, NULL, NULL),
(82, NULL, 'Hadir', 1173, 13, 7, 2, 3, NULL, NULL),
(83, NULL, 'Hadir', 1173, 14, 7, 2, 3, NULL, NULL),
(84, NULL, 'Hadir', 1173, 15, 7, 2, 3, NULL, NULL),
(85, NULL, 'Hadir', 1173, 33, 8, 2, 3, NULL, NULL),
(86, NULL, 'Hadir', 1173, 34, 8, 2, 3, NULL, NULL),
(87, NULL, 'Hadir', 1173, 35, 8, 2, 3, NULL, NULL),
(88, NULL, 'Hadir', 1173, 36, 8, 2, 3, NULL, NULL),
(89, NULL, 'Hadir', 1173, 37, 8, 2, 3, NULL, NULL),
(90, NULL, 'Hadir', 1173, 38, 9, 2, 3, NULL, NULL),
(91, NULL, 'Hadir', 1173, 39, 9, 2, 3, NULL, NULL),
(92, NULL, 'Hadir', 1173, 40, 9, 2, 3, NULL, NULL),
(93, NULL, 'Hadir', 1173, 41, 9, 2, 3, NULL, NULL),
(94, NULL, 'Hadir', 1174, 8, 6, 2, 3, NULL, NULL),
(95, NULL, 'Hadir', 1174, 9, 6, 2, 3, NULL, NULL),
(96, NULL, 'Hadir', 1174, 10, 6, 2, 3, NULL, NULL),
(97, NULL, 'Hadir', 1174, 11, 6, 2, 3, NULL, NULL),
(98, NULL, 'Hadir', 1174, 12, 7, 2, 3, NULL, NULL),
(99, NULL, 'Hadir', 1174, 13, 7, 2, 3, NULL, NULL),
(100, NULL, 'Hadir', 1174, 14, 7, 2, 3, NULL, NULL),
(101, NULL, 'Hadir', 1174, 15, 7, 2, 3, NULL, NULL),
(102, NULL, 'Hadir', 1174, 33, 8, 2, 3, NULL, NULL),
(103, NULL, 'Hadir', 1174, 34, 8, 2, 3, NULL, NULL),
(104, NULL, 'Hadir', 1174, 35, 8, 2, 3, NULL, NULL),
(105, NULL, 'Hadir', 1174, 36, 8, 2, 3, NULL, NULL),
(106, NULL, 'Hadir', 1174, 37, 8, 2, 3, NULL, NULL),
(107, NULL, 'Hadir', 1175, 8, 6, 2, 3, NULL, NULL),
(108, NULL, 'Hadir', 1175, 9, 6, 2, 3, NULL, NULL),
(109, NULL, 'Hadir', 1175, 10, 6, 2, 3, NULL, NULL),
(110, NULL, 'Hadir', 1175, 11, 6, 2, 3, NULL, NULL),
(111, NULL, 'Hadir', 1176, 8, 6, 2, 3, NULL, NULL),
(112, NULL, 'Hadir', 1176, 9, 6, 2, 3, NULL, NULL),
(113, NULL, 'Hadir', 1176, 10, 6, 2, 3, NULL, NULL),
(114, NULL, 'Hadir', 1176, 11, 6, 2, 3, NULL, NULL),
(115, NULL, 'Hadir', 1176, 12, 7, 2, 3, NULL, NULL),
(116, NULL, 'Hadir', 1176, 13, 7, 2, 3, NULL, NULL),
(117, NULL, 'Hadir', 1176, 14, 7, 2, 3, NULL, NULL),
(118, NULL, 'Hadir', 1176, 15, 7, 2, 3, NULL, NULL),
(119, NULL, 'Hadir', 1176, 33, 8, 2, 3, NULL, NULL),
(120, NULL, 'Hadir', 1176, 34, 8, 2, 3, NULL, NULL),
(121, NULL, 'Hadir', 1176, 35, 8, 2, 3, NULL, NULL),
(122, NULL, 'Hadir', 1176, 36, 8, 2, 3, NULL, NULL),
(123, NULL, 'Hadir', 1176, 37, 8, 2, 3, NULL, NULL),
(124, NULL, 'Hadir', 1176, 38, 9, 2, 3, NULL, NULL),
(125, NULL, 'Hadir', 1176, 39, 9, 2, 3, NULL, NULL),
(126, NULL, 'Hadir', 1176, 40, 9, 2, 3, NULL, NULL),
(127, NULL, 'Hadir', 1176, 41, 9, 2, 3, NULL, NULL),
(128, NULL, 'Hadir', 1177, 8, 6, 2, 3, NULL, NULL),
(129, NULL, 'Hadir', 1177, 9, 6, 2, 3, NULL, NULL),
(130, NULL, 'Hadir', 1177, 10, 6, 2, 3, NULL, NULL),
(131, NULL, 'Hadir', 1177, 11, 6, 2, 3, NULL, NULL),
(132, NULL, 'Hadir', 1177, 12, 7, 2, 3, NULL, NULL),
(133, NULL, 'Hadir', 1177, 13, 7, 2, 3, NULL, NULL),
(134, NULL, 'Hadir', 1177, 14, 7, 2, 3, NULL, NULL),
(135, NULL, 'Hadir', 1177, 15, 7, 2, 3, NULL, NULL),
(136, NULL, 'Hadir', 1177, 33, 8, 2, 3, NULL, NULL),
(137, NULL, 'Hadir', 1177, 34, 8, 2, 3, NULL, NULL),
(138, NULL, 'Hadir', 1177, 35, 8, 2, 3, NULL, NULL),
(139, NULL, 'Hadir', 1177, 36, 8, 2, 3, NULL, NULL),
(140, NULL, 'Hadir', 1177, 37, 8, 2, 3, NULL, NULL),
(141, NULL, 'Hadir', 1178, 8, 6, 2, 3, NULL, NULL),
(142, NULL, 'Hadir', 1178, 9, 6, 2, 3, NULL, NULL),
(143, NULL, 'Hadir', 1178, 10, 6, 2, 3, NULL, NULL),
(144, NULL, 'Hadir', 1178, 11, 6, 2, 3, NULL, NULL),
(145, NULL, 'Hadir', 1179, 8, 6, 2, 3, NULL, NULL),
(146, NULL, 'Hadir', 1179, 9, 6, 2, 3, NULL, NULL),
(147, NULL, 'Hadir', 1179, 10, 6, 2, 3, NULL, NULL),
(148, NULL, 'Hadir', 1179, 11, 6, 2, 3, NULL, NULL),
(149, NULL, 'Hadir', 1180, 8, 6, 2, 3, NULL, NULL),
(150, NULL, 'Hadir', 1180, 9, 6, 2, 3, NULL, NULL),
(151, NULL, 'Hadir', 1180, 10, 6, 2, 3, NULL, NULL),
(152, NULL, 'Hadir', 1180, 11, 6, 2, 3, NULL, NULL),
(153, NULL, 'Hadir', 1180, 12, 7, 2, 3, NULL, NULL),
(154, NULL, 'Hadir', 1180, 13, 7, 2, 3, NULL, NULL),
(155, NULL, 'Hadir', 1180, 14, 7, 2, 3, NULL, NULL),
(156, NULL, 'Hadir', 1180, 15, 7, 2, 3, NULL, NULL),
(157, NULL, 'Hadir', 1180, 33, 8, 2, 3, NULL, NULL),
(158, NULL, 'Hadir', 1180, 34, 8, 2, 3, NULL, NULL),
(159, NULL, 'Hadir', 1180, 35, 8, 2, 3, NULL, NULL),
(160, NULL, 'Hadir', 1180, 36, 8, 2, 3, NULL, NULL),
(161, NULL, 'Hadir', 1180, 37, 8, 2, 3, NULL, NULL),
(162, NULL, 'Hadir', 1181, 8, 6, 2, 3, NULL, NULL),
(163, NULL, 'Hadir', 1181, 9, 6, 2, 3, NULL, NULL),
(164, NULL, 'Hadir', 1181, 10, 6, 2, 3, NULL, NULL),
(165, NULL, 'Hadir', 1181, 11, 6, 2, 3, NULL, NULL),
(166, NULL, 'Hadir', 1181, 12, 7, 2, 3, NULL, NULL),
(167, NULL, 'Hadir', 1181, 13, 7, 2, 3, NULL, NULL),
(168, NULL, 'Hadir', 1181, 14, 7, 2, 3, NULL, NULL),
(169, NULL, 'Hadir', 1181, 15, 7, 2, 3, NULL, NULL),
(170, NULL, 'Hadir', 1181, 33, 8, 2, 3, NULL, NULL),
(171, NULL, 'Hadir', 1181, 34, 8, 2, 3, NULL, NULL),
(172, NULL, 'Hadir', 1181, 35, 8, 2, 3, NULL, NULL),
(173, NULL, 'Hadir', 1181, 36, 8, 2, 3, NULL, NULL),
(174, NULL, 'Hadir', 1181, 37, 8, 2, 3, NULL, NULL),
(175, NULL, 'Hadir', 1182, 8, 6, 2, 3, NULL, NULL),
(176, NULL, 'Hadir', 1182, 9, 6, 2, 3, NULL, NULL),
(177, NULL, 'Hadir', 1182, 10, 6, 2, 3, NULL, NULL),
(178, NULL, 'Hadir', 1182, 11, 6, 2, 3, NULL, NULL),
(179, NULL, 'Hadir', 1182, 12, 7, 2, 3, NULL, NULL),
(180, NULL, 'Hadir', 1182, 13, 7, 2, 3, NULL, NULL),
(181, NULL, 'Hadir', 1182, 14, 7, 2, 3, NULL, NULL),
(182, NULL, 'Hadir', 1182, 15, 7, 2, 3, NULL, NULL),
(183, NULL, 'Hadir', 1182, 33, 8, 2, 3, NULL, NULL),
(184, NULL, 'Hadir', 1182, 34, 8, 2, 3, NULL, NULL),
(185, NULL, 'Hadir', 1182, 35, 8, 2, 3, NULL, NULL),
(186, NULL, 'Hadir', 1182, 36, 8, 2, 3, NULL, NULL),
(187, NULL, 'Hadir', 1182, 37, 8, 2, 3, NULL, NULL),
(188, NULL, 'Hadir', 1183, 8, 6, 2, 3, NULL, NULL),
(189, NULL, 'Hadir', 1183, 9, 6, 2, 3, NULL, NULL),
(190, NULL, 'Hadir', 1183, 10, 6, 2, 3, NULL, NULL),
(191, NULL, 'Hadir', 1183, 11, 6, 2, 3, NULL, NULL),
(192, NULL, 'Hadir', 1184, 8, 6, 2, 3, NULL, NULL),
(193, NULL, 'Hadir', 1184, 9, 6, 2, 3, NULL, NULL),
(194, NULL, 'Hadir', 1184, 10, 6, 2, 3, NULL, NULL),
(195, NULL, 'Hadir', 1184, 11, 6, 2, 3, NULL, NULL),
(196, NULL, 'Hadir', 1184, 12, 7, 2, 3, NULL, NULL),
(197, NULL, 'Hadir', 1184, 13, 7, 2, 3, NULL, NULL),
(198, NULL, 'Hadir', 1184, 14, 7, 2, 3, NULL, NULL),
(199, NULL, 'Hadir', 1184, 15, 7, 2, 3, NULL, NULL),
(200, NULL, 'Hadir', 1184, 33, 8, 2, 3, NULL, NULL),
(201, NULL, 'Hadir', 1184, 34, 8, 2, 3, NULL, NULL),
(202, NULL, 'Hadir', 1184, 35, 8, 2, 3, NULL, NULL),
(203, NULL, 'Hadir', 1184, 36, 8, 2, 3, NULL, NULL),
(204, NULL, 'Hadir', 1184, 37, 8, 2, 3, NULL, NULL),
(205, NULL, 'Hadir', 1184, 38, 9, 2, 3, NULL, NULL),
(206, NULL, 'Hadir', 1184, 39, 9, 2, 3, NULL, NULL),
(207, NULL, 'Hadir', 1184, 40, 9, 2, 3, NULL, NULL),
(208, NULL, 'Hadir', 1184, 41, 9, 2, 3, NULL, NULL),
(209, NULL, 'Hadir', 1185, 8, 6, 2, 3, NULL, NULL),
(210, NULL, 'Hadir', 1185, 9, 6, 2, 3, NULL, NULL),
(211, NULL, 'Hadir', 1185, 10, 6, 2, 3, NULL, NULL),
(212, NULL, 'Hadir', 1185, 11, 6, 2, 3, NULL, NULL),
(213, NULL, 'Hadir', 1185, 12, 7, 2, 3, NULL, NULL),
(214, NULL, 'Hadir', 1185, 13, 7, 2, 3, NULL, NULL),
(215, NULL, 'Hadir', 1185, 14, 7, 2, 3, NULL, NULL),
(216, NULL, 'Hadir', 1185, 15, 7, 2, 3, NULL, NULL),
(217, NULL, 'Hadir', 1185, 33, 8, 2, 3, NULL, NULL),
(218, NULL, 'Hadir', 1185, 34, 8, 2, 3, NULL, NULL),
(219, NULL, 'Hadir', 1185, 35, 8, 2, 3, NULL, NULL),
(220, NULL, 'Hadir', 1185, 36, 8, 2, 3, NULL, NULL),
(221, NULL, 'Hadir', 1185, 37, 8, 2, 3, NULL, NULL),
(222, NULL, 'Hadir', 1185, 38, 9, 2, 3, NULL, NULL),
(223, NULL, 'Hadir', 1185, 39, 9, 2, 3, NULL, NULL),
(224, NULL, 'Hadir', 1185, 40, 9, 2, 3, NULL, NULL),
(225, NULL, 'Hadir', 1185, 41, 9, 2, 3, NULL, NULL),
(226, NULL, 'Hadir', 1186, 8, 6, 2, 3, NULL, NULL),
(227, NULL, 'Hadir', 1186, 9, 6, 2, 3, NULL, NULL),
(228, NULL, 'Hadir', 1186, 10, 6, 2, 3, NULL, NULL),
(229, NULL, 'Hadir', 1186, 11, 6, 2, 3, NULL, NULL),
(230, NULL, 'Hadir', 1186, 12, 7, 2, 3, NULL, NULL),
(231, NULL, 'Hadir', 1186, 13, 7, 2, 3, NULL, NULL),
(232, NULL, 'Hadir', 1186, 14, 7, 2, 3, NULL, NULL),
(233, NULL, 'Hadir', 1186, 15, 7, 2, 3, NULL, NULL),
(234, NULL, 'Hadir', 1186, 33, 8, 2, 3, NULL, NULL),
(235, NULL, 'Hadir', 1186, 34, 8, 2, 3, NULL, NULL),
(236, NULL, 'Hadir', 1186, 35, 8, 2, 3, NULL, NULL),
(237, NULL, 'Hadir', 1186, 36, 8, 2, 3, NULL, NULL),
(238, NULL, 'Hadir', 1186, 37, 8, 2, 3, NULL, NULL),
(239, NULL, 'Hadir', 1186, 38, 9, 2, 3, NULL, NULL),
(240, NULL, 'Hadir', 1186, 39, 9, 2, 3, NULL, NULL),
(241, NULL, 'Hadir', 1186, 40, 9, 2, 3, NULL, NULL),
(242, NULL, 'Hadir', 1186, 41, 9, 2, 3, NULL, NULL),
(243, NULL, 'Hadir', 1187, 8, 6, 2, 3, NULL, NULL),
(244, NULL, 'Hadir', 1187, 9, 6, 2, 3, NULL, NULL),
(245, NULL, 'Hadir', 1187, 10, 6, 2, 3, NULL, NULL),
(246, NULL, 'Hadir', 1187, 11, 6, 2, 3, NULL, NULL),
(247, NULL, 'Hadir', 1187, 12, 7, 2, 3, NULL, NULL),
(248, NULL, 'Hadir', 1187, 13, 7, 2, 3, NULL, NULL),
(249, NULL, 'Hadir', 1187, 14, 7, 2, 3, NULL, NULL),
(250, NULL, 'Hadir', 1187, 15, 7, 2, 3, NULL, NULL),
(251, NULL, 'Hadir', 1187, 33, 8, 2, 3, NULL, NULL),
(252, NULL, 'Hadir', 1187, 34, 8, 2, 3, NULL, NULL),
(253, NULL, 'Hadir', 1187, 35, 8, 2, 3, NULL, NULL),
(254, NULL, 'Hadir', 1187, 36, 8, 2, 3, NULL, NULL),
(255, NULL, 'Hadir', 1187, 37, 8, 2, 3, NULL, NULL),
(256, NULL, 'Hadir', 1187, 38, 9, 2, 3, NULL, NULL),
(257, NULL, 'Hadir', 1187, 39, 9, 2, 3, NULL, NULL),
(258, NULL, 'Hadir', 1187, 40, 9, 2, 3, NULL, NULL),
(259, NULL, 'Hadir', 1187, 41, 9, 2, 3, NULL, NULL),
(260, NULL, 'Hadir', 1188, 8, 6, 2, 3, NULL, NULL),
(261, NULL, 'Hadir', 1188, 9, 6, 2, 3, NULL, NULL),
(262, NULL, 'Hadir', 1188, 10, 6, 2, 3, NULL, NULL),
(263, NULL, 'Hadir', 1188, 11, 6, 2, 3, NULL, NULL),
(264, NULL, 'Hadir', 1188, 12, 7, 2, 3, NULL, NULL),
(265, NULL, 'Hadir', 1188, 13, 7, 2, 3, NULL, NULL),
(266, NULL, 'Hadir', 1188, 14, 7, 2, 3, NULL, NULL),
(267, NULL, 'Hadir', 1188, 15, 7, 2, 3, NULL, NULL),
(268, NULL, 'Hadir', 1188, 33, 8, 2, 3, NULL, NULL),
(269, NULL, 'Hadir', 1188, 34, 8, 2, 3, NULL, NULL),
(270, NULL, 'Hadir', 1188, 35, 8, 2, 3, NULL, NULL),
(271, NULL, 'Hadir', 1188, 36, 8, 2, 3, NULL, NULL),
(272, NULL, 'Hadir', 1188, 37, 8, 2, 3, NULL, NULL),
(273, NULL, 'Hadir', 1189, 8, 6, 2, 3, NULL, NULL),
(274, NULL, 'Hadir', 1189, 9, 6, 2, 3, NULL, NULL),
(275, NULL, 'Hadir', 1189, 10, 6, 2, 3, NULL, NULL),
(276, NULL, 'Hadir', 1189, 11, 6, 2, 3, NULL, NULL),
(277, NULL, 'Hadir', 1189, 12, 7, 2, 3, NULL, NULL),
(278, NULL, 'Hadir', 1189, 13, 7, 2, 3, NULL, NULL),
(279, NULL, 'Hadir', 1189, 14, 7, 2, 3, NULL, NULL),
(280, NULL, 'Hadir', 1189, 15, 7, 2, 3, NULL, NULL),
(281, NULL, 'Hadir', 1189, 33, 8, 2, 3, NULL, NULL),
(282, NULL, 'Hadir', 1189, 34, 8, 2, 3, NULL, NULL),
(283, NULL, 'Hadir', 1189, 35, 8, 2, 3, NULL, NULL),
(284, NULL, 'Hadir', 1189, 36, 8, 2, 3, NULL, NULL),
(285, NULL, 'Hadir', 1189, 37, 8, 2, 3, NULL, NULL),
(286, NULL, 'Hadir', 1189, 38, 9, 2, 3, NULL, NULL),
(287, NULL, 'Hadir', 1189, 39, 9, 2, 3, NULL, NULL),
(288, NULL, 'Hadir', 1189, 40, 9, 2, 3, NULL, NULL),
(289, NULL, 'Hadir', 1189, 41, 9, 2, 3, NULL, NULL),
(290, NULL, 'Hadir', 1190, 8, 6, 2, 3, NULL, NULL),
(291, NULL, 'Hadir', 1190, 9, 6, 2, 3, NULL, NULL),
(292, NULL, 'Hadir', 1190, 10, 6, 2, 3, NULL, NULL),
(293, NULL, 'Hadir', 1190, 11, 6, 2, 3, NULL, NULL),
(294, NULL, 'Hadir', 1190, 12, 7, 2, 3, NULL, NULL),
(295, NULL, 'Hadir', 1190, 13, 7, 2, 3, NULL, NULL),
(296, NULL, 'Hadir', 1190, 14, 7, 2, 3, NULL, NULL),
(297, NULL, 'Hadir', 1190, 15, 7, 2, 3, NULL, NULL),
(298, NULL, 'Hadir', 1190, 33, 8, 2, 3, NULL, NULL),
(299, NULL, 'Hadir', 1190, 34, 8, 2, 3, NULL, NULL),
(300, NULL, 'Hadir', 1190, 35, 8, 2, 3, NULL, NULL),
(301, NULL, 'Hadir', 1190, 36, 8, 2, 3, NULL, NULL),
(302, NULL, 'Hadir', 1190, 37, 8, 2, 3, NULL, NULL),
(303, NULL, 'Hadir', 1190, 38, 9, 2, 3, NULL, NULL),
(304, NULL, 'Hadir', 1190, 39, 9, 2, 3, NULL, NULL),
(305, NULL, 'Hadir', 1190, 40, 9, 2, 3, NULL, NULL),
(306, NULL, 'Hadir', 1190, 41, 9, 2, 3, NULL, NULL),
(307, NULL, 'Hadir', 1191, 8, 6, 2, 3, NULL, NULL),
(308, NULL, 'Hadir', 1191, 9, 6, 2, 3, NULL, NULL),
(309, NULL, 'Hadir', 1191, 10, 6, 2, 3, NULL, NULL),
(310, NULL, 'Hadir', 1191, 11, 6, 2, 3, NULL, NULL),
(311, NULL, 'Hadir', 1191, 12, 7, 2, 3, NULL, NULL),
(312, NULL, 'Hadir', 1191, 13, 7, 2, 3, NULL, NULL),
(313, NULL, 'Hadir', 1191, 14, 7, 2, 3, NULL, NULL),
(314, NULL, 'Hadir', 1191, 15, 7, 2, 3, NULL, NULL),
(315, NULL, 'Hadir', 1191, 33, 8, 2, 3, NULL, NULL),
(316, NULL, 'Hadir', 1191, 34, 8, 2, 3, NULL, NULL),
(317, NULL, 'Hadir', 1191, 35, 8, 2, 3, NULL, NULL),
(318, NULL, 'Hadir', 1191, 36, 8, 2, 3, NULL, NULL),
(319, NULL, 'Hadir', 1191, 37, 8, 2, 3, NULL, NULL),
(320, NULL, 'Hadir', 1191, 38, 9, 2, 3, NULL, NULL),
(321, NULL, 'Hadir', 1191, 39, 9, 2, 3, NULL, NULL),
(322, NULL, 'Hadir', 1191, 40, 9, 2, 3, NULL, NULL),
(323, NULL, 'Hadir', 1191, 41, 9, 2, 3, NULL, NULL),
(324, NULL, 'Hadir', 1192, 8, 6, 2, 3, NULL, NULL),
(325, NULL, 'Hadir', 1192, 9, 6, 2, 3, NULL, NULL),
(326, NULL, 'Hadir', 1192, 10, 6, 2, 3, NULL, NULL),
(327, NULL, 'Hadir', 1192, 11, 6, 2, 3, NULL, NULL),
(328, NULL, 'Hadir', 1192, 12, 7, 2, 3, NULL, NULL),
(329, NULL, 'Hadir', 1192, 13, 7, 2, 3, NULL, NULL),
(330, NULL, 'Hadir', 1192, 14, 7, 2, 3, NULL, NULL),
(331, NULL, 'Hadir', 1192, 15, 7, 2, 3, NULL, NULL),
(332, NULL, 'Hadir', 1192, 33, 8, 2, 3, NULL, NULL),
(333, NULL, 'Hadir', 1192, 34, 8, 2, 3, NULL, NULL),
(334, NULL, 'Hadir', 1192, 35, 8, 2, 3, NULL, NULL),
(335, NULL, 'Hadir', 1192, 36, 8, 2, 3, NULL, NULL),
(336, NULL, 'Hadir', 1192, 37, 8, 2, 3, NULL, NULL),
(337, NULL, 'Hadir', 1193, 8, 6, 2, 3, NULL, NULL),
(338, NULL, 'Hadir', 1193, 9, 6, 2, 3, NULL, NULL),
(339, NULL, 'Hadir', 1193, 10, 6, 2, 3, NULL, NULL),
(340, NULL, 'Hadir', 1193, 11, 6, 2, 3, NULL, NULL),
(341, NULL, 'Hadir', 1193, 12, 7, 2, 3, NULL, NULL),
(342, NULL, 'Hadir', 1193, 13, 7, 2, 3, NULL, NULL),
(343, NULL, 'Hadir', 1193, 14, 7, 2, 3, NULL, NULL),
(344, NULL, 'Hadir', 1193, 15, 7, 2, 3, NULL, NULL),
(345, NULL, 'Hadir', 1193, 33, 8, 2, 3, NULL, NULL),
(346, NULL, 'Hadir', 1193, 34, 8, 2, 3, NULL, NULL),
(347, NULL, 'Hadir', 1193, 35, 8, 2, 3, NULL, NULL),
(348, NULL, 'Hadir', 1193, 36, 8, 2, 3, NULL, NULL),
(349, NULL, 'Hadir', 1193, 37, 8, 2, 3, NULL, NULL),
(350, NULL, 'Hadir', 1193, 38, 9, 2, 3, NULL, NULL),
(351, NULL, 'Hadir', 1193, 39, 9, 2, 3, NULL, NULL),
(352, NULL, 'Hadir', 1193, 40, 9, 2, 3, NULL, NULL),
(353, NULL, 'Hadir', 1193, 41, 9, 2, 3, NULL, NULL),
(354, NULL, 'Hadir', 1194, 8, 6, 2, 3, NULL, NULL),
(355, NULL, 'Hadir', 1194, 9, 6, 2, 3, NULL, NULL),
(356, NULL, 'Hadir', 1194, 10, 6, 2, 3, NULL, NULL),
(357, NULL, 'Hadir', 1194, 11, 6, 2, 3, NULL, NULL),
(358, NULL, 'Hadir', 1194, 12, 7, 2, 3, NULL, NULL),
(359, NULL, 'Hadir', 1194, 13, 7, 2, 3, NULL, NULL),
(360, NULL, 'Hadir', 1194, 14, 7, 2, 3, NULL, NULL),
(361, NULL, 'Hadir', 1194, 15, 7, 2, 3, NULL, NULL),
(362, NULL, 'Hadir', 1194, 33, 8, 2, 3, NULL, NULL),
(363, NULL, 'Hadir', 1194, 34, 8, 2, 3, NULL, NULL),
(364, NULL, 'Hadir', 1194, 35, 8, 2, 3, NULL, NULL),
(365, NULL, 'Hadir', 1194, 36, 8, 2, 3, NULL, NULL),
(366, NULL, 'Hadir', 1194, 37, 8, 2, 3, NULL, NULL),
(367, NULL, 'Hadir', 1195, 8, 6, 2, 3, NULL, NULL),
(368, NULL, 'Hadir', 1195, 9, 6, 2, 3, NULL, NULL),
(369, NULL, 'Hadir', 1195, 10, 6, 2, 3, NULL, NULL),
(370, NULL, 'Hadir', 1195, 11, 6, 2, 3, NULL, NULL),
(371, NULL, 'Hadir', 1195, 12, 7, 2, 3, NULL, NULL),
(372, NULL, 'Hadir', 1195, 13, 7, 2, 3, NULL, NULL),
(373, NULL, 'Hadir', 1195, 14, 7, 2, 3, NULL, NULL),
(374, NULL, 'Hadir', 1195, 15, 7, 2, 3, NULL, NULL),
(375, NULL, 'Hadir', 1195, 33, 8, 2, 3, NULL, NULL),
(376, NULL, 'Hadir', 1195, 34, 8, 2, 3, NULL, NULL),
(377, NULL, 'Hadir', 1195, 35, 8, 2, 3, NULL, NULL),
(378, NULL, 'Hadir', 1195, 36, 8, 2, 3, NULL, NULL),
(379, NULL, 'Hadir', 1195, 37, 8, 2, 3, NULL, NULL),
(380, NULL, 'Hadir', 1196, 8, 6, 2, 3, NULL, NULL),
(381, NULL, 'Hadir', 1196, 9, 6, 2, 3, NULL, NULL),
(382, NULL, 'Hadir', 1196, 10, 6, 2, 3, NULL, NULL),
(383, NULL, 'Hadir', 1196, 11, 6, 2, 3, NULL, NULL),
(384, NULL, 'Hadir', 1196, 12, 7, 2, 3, NULL, NULL),
(385, NULL, 'Hadir', 1196, 13, 7, 2, 3, NULL, NULL),
(386, NULL, 'Hadir', 1196, 14, 7, 2, 3, NULL, NULL),
(387, NULL, 'Hadir', 1196, 15, 7, 2, 3, NULL, NULL),
(388, NULL, 'Hadir', 1196, 33, 8, 2, 3, NULL, NULL),
(389, NULL, 'Hadir', 1196, 34, 8, 2, 3, NULL, NULL),
(390, NULL, 'Hadir', 1196, 35, 8, 2, 3, NULL, NULL),
(391, NULL, 'Hadir', 1196, 36, 8, 2, 3, NULL, NULL),
(392, NULL, 'Hadir', 1196, 37, 8, 2, 3, NULL, NULL),
(393, NULL, 'Hadir', 1197, 8, 6, 2, 3, NULL, NULL),
(394, NULL, 'Hadir', 1197, 9, 6, 2, 3, NULL, NULL),
(395, NULL, 'Hadir', 1197, 10, 6, 2, 3, NULL, NULL),
(396, NULL, 'Hadir', 1197, 11, 6, 2, 3, NULL, NULL),
(397, NULL, 'Hadir', 1197, 12, 7, 2, 3, NULL, NULL),
(398, NULL, 'Hadir', 1197, 13, 7, 2, 3, NULL, NULL),
(399, NULL, 'Hadir', 1197, 14, 7, 2, 3, NULL, NULL),
(400, NULL, 'Hadir', 1197, 15, 7, 2, 3, NULL, NULL),
(401, NULL, 'Hadir', 1197, 33, 8, 2, 3, NULL, NULL),
(402, NULL, 'Hadir', 1197, 34, 8, 2, 3, NULL, NULL),
(403, NULL, 'Hadir', 1197, 35, 8, 2, 3, NULL, NULL),
(404, NULL, 'Hadir', 1197, 36, 8, 2, 3, NULL, NULL),
(405, NULL, 'Hadir', 1197, 37, 8, 2, 3, NULL, NULL),
(406, NULL, 'Hadir', 1198, 8, 6, 2, 3, NULL, NULL),
(407, NULL, 'Hadir', 1198, 9, 6, 2, 3, NULL, NULL),
(408, NULL, 'Hadir', 1198, 10, 6, 2, 3, NULL, NULL),
(409, NULL, 'Hadir', 1198, 11, 6, 2, 3, NULL, NULL),
(410, NULL, 'Hadir', 1198, 12, 7, 2, 3, NULL, NULL),
(411, NULL, 'Hadir', 1198, 13, 7, 2, 3, NULL, NULL),
(412, NULL, 'Hadir', 1198, 14, 7, 2, 3, NULL, NULL),
(413, NULL, 'Hadir', 1198, 15, 7, 2, 3, NULL, NULL),
(414, NULL, 'Hadir', 1198, 33, 8, 2, 3, NULL, NULL),
(415, NULL, 'Hadir', 1198, 34, 8, 2, 3, NULL, NULL),
(416, NULL, 'Hadir', 1198, 35, 8, 2, 3, NULL, NULL),
(417, NULL, 'Hadir', 1198, 36, 8, 2, 3, NULL, NULL),
(418, NULL, 'Hadir', 1198, 37, 8, 2, 3, NULL, NULL),
(419, NULL, 'Hadir', 1199, 8, 6, 2, 3, NULL, NULL),
(420, NULL, 'Hadir', 1199, 9, 6, 2, 3, NULL, NULL),
(421, NULL, 'Hadir', 1199, 10, 6, 2, 3, NULL, NULL),
(422, NULL, 'Hadir', 1199, 11, 6, 2, 3, NULL, NULL),
(423, NULL, 'Hadir', 1199, 12, 7, 2, 3, NULL, NULL),
(424, NULL, 'Hadir', 1199, 13, 7, 2, 3, NULL, NULL),
(425, NULL, 'Hadir', 1199, 14, 7, 2, 3, NULL, NULL),
(426, NULL, 'Hadir', 1199, 15, 7, 2, 3, NULL, NULL),
(427, NULL, 'Hadir', 1199, 33, 8, 2, 3, NULL, NULL),
(428, NULL, 'Hadir', 1199, 34, 8, 2, 3, NULL, NULL),
(429, NULL, 'Hadir', 1199, 35, 8, 2, 3, NULL, NULL),
(430, NULL, 'Hadir', 1199, 36, 8, 2, 3, NULL, NULL),
(431, NULL, 'Hadir', 1199, 37, 8, 2, 3, NULL, NULL),
(432, NULL, 'Hadir', 1200, 8, 6, 2, 3, NULL, NULL),
(433, NULL, 'Hadir', 1200, 9, 6, 2, 3, NULL, NULL),
(434, NULL, 'Hadir', 1200, 10, 6, 2, 3, NULL, NULL),
(435, NULL, 'Hadir', 1200, 11, 6, 2, 3, NULL, NULL),
(436, NULL, 'Hadir', 1200, 12, 7, 2, 3, NULL, NULL),
(437, NULL, 'Hadir', 1200, 13, 7, 2, 3, NULL, NULL),
(438, NULL, 'Hadir', 1200, 14, 7, 2, 3, NULL, NULL),
(439, NULL, 'Hadir', 1200, 15, 7, 2, 3, NULL, NULL),
(440, NULL, 'Hadir', 1200, 33, 8, 2, 3, NULL, NULL),
(441, NULL, 'Hadir', 1200, 34, 8, 2, 3, NULL, NULL),
(442, NULL, 'Hadir', 1200, 35, 8, 2, 3, NULL, NULL),
(443, NULL, 'Hadir', 1200, 36, 8, 2, 3, NULL, NULL),
(444, NULL, 'Hadir', 1200, 37, 8, 2, 3, NULL, NULL),
(445, NULL, 'Hadir', 1201, 8, 6, 2, 3, NULL, NULL),
(446, NULL, 'Hadir', 1201, 9, 6, 2, 3, NULL, NULL),
(447, NULL, 'Hadir', 1201, 10, 6, 2, 3, NULL, NULL),
(448, NULL, 'Hadir', 1201, 11, 6, 2, 3, NULL, NULL),
(449, NULL, 'Hadir', 1201, 12, 7, 2, 3, NULL, NULL),
(450, NULL, 'Hadir', 1201, 13, 7, 2, 3, NULL, NULL),
(451, NULL, 'Hadir', 1201, 14, 7, 2, 3, NULL, NULL),
(452, NULL, 'Hadir', 1201, 15, 7, 2, 3, NULL, NULL),
(453, NULL, 'Hadir', 1201, 33, 8, 2, 3, NULL, NULL),
(454, NULL, 'Hadir', 1201, 34, 8, 2, 3, NULL, NULL),
(455, NULL, 'Hadir', 1201, 35, 8, 2, 3, NULL, NULL),
(456, NULL, 'Hadir', 1201, 36, 8, 2, 3, NULL, NULL),
(457, NULL, 'Hadir', 1201, 37, 8, 2, 3, NULL, NULL),
(458, NULL, 'Hadir', 1201, 38, 9, 2, 3, NULL, NULL),
(459, NULL, 'Hadir', 1201, 39, 9, 2, 3, NULL, NULL),
(460, NULL, 'Hadir', 1201, 40, 9, 2, 3, NULL, NULL),
(461, NULL, 'Hadir', 1201, 41, 9, 2, 3, NULL, NULL),
(462, NULL, 'Hadir', 1202, 8, 6, 2, 3, NULL, NULL),
(463, NULL, 'Hadir', 1202, 9, 6, 2, 3, NULL, NULL),
(464, NULL, 'Hadir', 1202, 10, 6, 2, 3, NULL, NULL),
(465, NULL, 'Hadir', 1202, 11, 6, 2, 3, NULL, NULL),
(466, NULL, 'Hadir', 1202, 12, 7, 2, 3, NULL, NULL),
(467, NULL, 'Hadir', 1202, 13, 7, 2, 3, NULL, NULL),
(468, NULL, 'Hadir', 1202, 14, 7, 2, 3, NULL, NULL),
(469, NULL, 'Hadir', 1202, 15, 7, 2, 3, NULL, NULL),
(470, NULL, 'Hadir', 1202, 33, 8, 2, 3, NULL, NULL),
(471, NULL, 'Hadir', 1202, 34, 8, 2, 3, NULL, NULL),
(472, NULL, 'Hadir', 1202, 35, 8, 2, 3, NULL, NULL),
(473, NULL, 'Hadir', 1202, 36, 8, 2, 3, NULL, NULL),
(474, NULL, 'Hadir', 1202, 37, 8, 2, 3, NULL, NULL),
(475, NULL, 'Hadir', 1203, 8, 6, 2, 3, NULL, NULL),
(476, NULL, 'Hadir', 1203, 9, 6, 2, 3, NULL, NULL),
(477, NULL, 'Hadir', 1203, 10, 6, 2, 3, NULL, NULL),
(478, NULL, 'Hadir', 1203, 11, 6, 2, 3, NULL, NULL),
(479, NULL, 'Hadir', 1203, 12, 7, 2, 3, NULL, NULL),
(480, NULL, 'Hadir', 1203, 13, 7, 2, 3, NULL, NULL),
(481, NULL, 'Hadir', 1203, 14, 7, 2, 3, NULL, NULL),
(482, NULL, 'Hadir', 1203, 15, 7, 2, 3, NULL, NULL),
(483, NULL, 'Hadir', 1203, 33, 8, 2, 3, NULL, NULL),
(484, NULL, 'Hadir', 1203, 34, 8, 2, 3, NULL, NULL),
(485, NULL, 'Hadir', 1203, 35, 8, 2, 3, NULL, NULL),
(486, NULL, 'Hadir', 1203, 36, 8, 2, 3, NULL, NULL),
(487, NULL, 'Hadir', 1203, 37, 8, 2, 3, NULL, NULL),
(488, NULL, 'Hadir', 1204, 8, 6, 2, 3, NULL, NULL),
(489, NULL, 'Hadir', 1204, 9, 6, 2, 3, NULL, NULL),
(490, NULL, 'Hadir', 1204, 10, 6, 2, 3, NULL, NULL),
(491, NULL, 'Hadir', 1204, 11, 6, 2, 3, NULL, NULL),
(492, NULL, 'Hadir', 1204, 12, 7, 2, 3, NULL, NULL),
(493, NULL, 'Hadir', 1204, 13, 7, 2, 3, NULL, NULL),
(494, NULL, 'Hadir', 1204, 14, 7, 2, 3, NULL, NULL),
(495, NULL, 'Hadir', 1204, 15, 7, 2, 3, NULL, NULL),
(496, NULL, 'Hadir', 1204, 33, 8, 2, 3, NULL, NULL),
(497, NULL, 'Hadir', 1204, 34, 8, 2, 3, NULL, NULL),
(498, NULL, 'Hadir', 1204, 35, 8, 2, 3, NULL, NULL),
(499, NULL, 'Hadir', 1204, 36, 8, 2, 3, NULL, NULL),
(500, NULL, 'Hadir', 1204, 37, 8, 2, 3, NULL, NULL),
(501, NULL, 'Hadir', 1205, 8, 6, 2, 3, NULL, NULL),
(502, NULL, 'Hadir', 1205, 9, 6, 2, 3, NULL, NULL),
(503, NULL, 'Hadir', 1205, 10, 6, 2, 3, NULL, NULL),
(504, NULL, 'Hadir', 1205, 11, 6, 2, 3, NULL, NULL),
(505, NULL, 'Hadir', 1205, 12, 7, 2, 3, NULL, NULL),
(506, NULL, 'Hadir', 1205, 13, 7, 2, 3, NULL, NULL),
(507, NULL, 'Hadir', 1205, 14, 7, 2, 3, NULL, NULL),
(508, NULL, 'Hadir', 1205, 15, 7, 2, 3, NULL, NULL),
(509, NULL, 'Hadir', 1205, 33, 8, 2, 3, NULL, NULL),
(510, NULL, 'Hadir', 1205, 34, 8, 2, 3, NULL, NULL),
(511, NULL, 'Hadir', 1205, 35, 8, 2, 3, NULL, NULL),
(512, NULL, 'Hadir', 1205, 36, 8, 2, 3, NULL, NULL),
(513, NULL, 'Hadir', 1205, 37, 8, 2, 3, NULL, NULL),
(514, NULL, 'Hadir', 1205, 38, 9, 2, 3, NULL, NULL),
(515, NULL, 'Hadir', 1205, 39, 9, 2, 3, NULL, NULL),
(516, NULL, 'Hadir', 1205, 40, 9, 2, 3, NULL, NULL),
(517, NULL, 'Hadir', 1205, 41, 9, 2, 3, NULL, NULL),
(518, NULL, 'Hadir', 1206, 8, 6, 2, 3, NULL, NULL),
(519, NULL, 'Hadir', 1206, 9, 6, 2, 3, NULL, NULL),
(520, NULL, 'Hadir', 1206, 10, 6, 2, 3, NULL, NULL),
(521, NULL, 'Hadir', 1206, 11, 6, 2, 3, NULL, NULL),
(522, NULL, 'Hadir', 1206, 12, 7, 2, 3, NULL, NULL),
(523, NULL, 'Hadir', 1206, 13, 7, 2, 3, NULL, NULL),
(524, NULL, 'Hadir', 1206, 14, 7, 2, 3, NULL, NULL),
(525, NULL, 'Hadir', 1206, 15, 7, 2, 3, NULL, NULL),
(526, NULL, 'Hadir', 1206, 33, 8, 2, 3, NULL, NULL),
(527, NULL, 'Hadir', 1206, 34, 8, 2, 3, NULL, NULL),
(528, NULL, 'Hadir', 1206, 35, 8, 2, 3, NULL, NULL),
(529, NULL, 'Hadir', 1206, 36, 8, 2, 3, NULL, NULL),
(530, NULL, 'Hadir', 1206, 37, 8, 2, 3, NULL, NULL),
(531, NULL, 'Hadir', 1206, 38, 9, 2, 3, NULL, NULL),
(532, NULL, 'Hadir', 1206, 39, 9, 2, 3, NULL, NULL),
(533, NULL, 'Hadir', 1206, 40, 9, 2, 3, NULL, NULL),
(534, NULL, 'Hadir', 1206, 41, 9, 2, 3, NULL, NULL),
(535, NULL, 'Hadir', 1207, 8, 6, 2, 3, NULL, NULL),
(536, NULL, 'Hadir', 1207, 9, 6, 2, 3, NULL, NULL),
(537, NULL, 'Hadir', 1207, 10, 6, 2, 3, NULL, NULL),
(538, NULL, 'Hadir', 1207, 11, 6, 2, 3, NULL, NULL),
(539, NULL, 'Hadir', 1207, 12, 7, 2, 3, NULL, NULL),
(540, NULL, 'Hadir', 1207, 13, 7, 2, 3, NULL, NULL),
(541, NULL, 'Hadir', 1207, 14, 7, 2, 3, NULL, NULL),
(542, NULL, 'Hadir', 1207, 15, 7, 2, 3, NULL, NULL),
(543, NULL, 'Hadir', 1207, 33, 8, 2, 3, NULL, NULL),
(544, NULL, 'Hadir', 1207, 34, 8, 2, 3, NULL, NULL),
(545, NULL, 'Hadir', 1207, 35, 8, 2, 3, NULL, NULL),
(546, NULL, 'Hadir', 1207, 36, 8, 2, 3, NULL, NULL),
(547, NULL, 'Hadir', 1207, 37, 8, 2, 3, NULL, NULL),
(548, NULL, 'Hadir', 1207, 38, 9, 2, 3, NULL, NULL),
(549, NULL, 'Hadir', 1207, 39, 9, 2, 3, NULL, NULL),
(550, NULL, 'Hadir', 1207, 40, 9, 2, 3, NULL, NULL),
(551, NULL, 'Hadir', 1207, 41, 9, 2, 3, NULL, NULL),
(552, NULL, 'Hadir', 1208, 8, 6, 2, 3, NULL, NULL),
(553, NULL, 'Hadir', 1208, 9, 6, 2, 3, NULL, NULL),
(554, NULL, 'Hadir', 1208, 10, 6, 2, 3, NULL, NULL),
(555, NULL, 'Hadir', 1208, 11, 6, 2, 3, NULL, NULL),
(556, NULL, 'Hadir', 1208, 12, 7, 2, 3, NULL, NULL),
(557, NULL, 'Hadir', 1208, 13, 7, 2, 3, NULL, NULL),
(558, NULL, 'Hadir', 1208, 14, 7, 2, 3, NULL, NULL),
(559, NULL, 'Hadir', 1208, 15, 7, 2, 3, NULL, NULL),
(560, NULL, 'Hadir', 1208, 33, 8, 2, 3, NULL, NULL),
(561, NULL, 'Hadir', 1208, 34, 8, 2, 3, NULL, NULL),
(562, NULL, 'Hadir', 1208, 35, 8, 2, 3, NULL, NULL),
(563, NULL, 'Hadir', 1208, 36, 8, 2, 3, NULL, NULL),
(564, NULL, 'Hadir', 1208, 37, 8, 2, 3, NULL, NULL),
(565, NULL, 'Hadir', 1208, 38, 9, 2, 3, NULL, NULL),
(566, NULL, 'Hadir', 1208, 39, 9, 2, 3, NULL, NULL),
(567, NULL, 'Hadir', 1208, 40, 9, 2, 3, NULL, NULL),
(568, NULL, 'Hadir', 1208, 41, 9, 2, 3, NULL, NULL),
(569, NULL, 'Hadir', 1209, 8, 6, 2, 3, NULL, NULL),
(570, NULL, 'Hadir', 1209, 9, 6, 2, 3, NULL, NULL),
(571, NULL, 'Hadir', 1209, 10, 6, 2, 3, NULL, NULL),
(572, NULL, 'Hadir', 1209, 11, 6, 2, 3, NULL, NULL),
(573, NULL, 'Hadir', 1209, 12, 7, 2, 3, NULL, NULL),
(574, NULL, 'Hadir', 1209, 13, 7, 2, 3, NULL, NULL),
(575, NULL, 'Hadir', 1209, 14, 7, 2, 3, NULL, NULL),
(576, NULL, 'Hadir', 1209, 15, 7, 2, 3, NULL, NULL),
(577, NULL, 'Hadir', 1209, 33, 8, 2, 3, NULL, NULL),
(578, NULL, 'Hadir', 1209, 34, 8, 2, 3, NULL, NULL),
(579, NULL, 'Hadir', 1209, 35, 8, 2, 3, NULL, NULL),
(580, NULL, 'Hadir', 1209, 36, 8, 2, 3, NULL, NULL),
(581, NULL, 'Hadir', 1209, 37, 8, 2, 3, NULL, NULL),
(582, NULL, 'Hadir', 1210, 8, 6, 2, 3, NULL, NULL),
(583, NULL, 'Hadir', 1210, 9, 6, 2, 3, NULL, NULL),
(584, NULL, 'Hadir', 1210, 10, 6, 2, 3, NULL, NULL),
(585, NULL, 'Hadir', 1210, 11, 6, 2, 3, NULL, NULL),
(586, NULL, 'Hadir', 1210, 12, 7, 2, 3, NULL, NULL),
(587, NULL, 'Hadir', 1210, 13, 7, 2, 3, NULL, NULL),
(588, NULL, 'Hadir', 1210, 14, 7, 2, 3, NULL, NULL),
(589, NULL, 'Hadir', 1210, 15, 7, 2, 3, NULL, NULL),
(590, NULL, 'Hadir', 1210, 33, 8, 2, 3, NULL, NULL),
(591, NULL, 'Hadir', 1210, 34, 8, 2, 3, NULL, NULL),
(592, NULL, 'Hadir', 1210, 35, 8, 2, 3, NULL, NULL),
(593, NULL, 'Hadir', 1210, 36, 8, 2, 3, NULL, NULL),
(594, NULL, 'Hadir', 1210, 37, 8, 2, 3, NULL, NULL),
(595, NULL, 'Hadir', 1210, 38, 9, 2, 3, NULL, NULL),
(596, NULL, 'Hadir', 1210, 39, 9, 2, 3, NULL, NULL),
(597, NULL, 'Hadir', 1210, 40, 9, 2, 3, NULL, NULL),
(598, NULL, 'Hadir', 1210, 41, 9, 2, 3, NULL, NULL),
(599, NULL, 'Hadir', 1211, 8, 6, 2, 3, NULL, NULL),
(600, NULL, 'Hadir', 1211, 9, 6, 2, 3, NULL, NULL),
(601, NULL, 'Hadir', 1211, 10, 6, 2, 3, NULL, NULL),
(602, NULL, 'Hadir', 1211, 11, 6, 2, 3, NULL, NULL),
(603, NULL, 'Hadir', 1211, 12, 7, 2, 3, NULL, NULL),
(604, NULL, 'Hadir', 1211, 13, 7, 2, 3, NULL, NULL),
(605, NULL, 'Hadir', 1211, 14, 7, 2, 3, NULL, NULL),
(606, NULL, 'Hadir', 1211, 15, 7, 2, 3, NULL, NULL),
(607, NULL, 'Hadir', 1211, 33, 8, 2, 3, NULL, NULL),
(608, NULL, 'Hadir', 1211, 34, 8, 2, 3, NULL, NULL),
(609, NULL, 'Hadir', 1211, 35, 8, 2, 3, NULL, NULL),
(610, NULL, 'Hadir', 1211, 36, 8, 2, 3, NULL, NULL),
(611, NULL, 'Hadir', 1211, 37, 8, 2, 3, NULL, NULL),
(612, NULL, 'Hadir', 1211, 38, 9, 2, 3, NULL, NULL),
(613, NULL, 'Hadir', 1211, 39, 9, 2, 3, NULL, NULL),
(614, NULL, 'Hadir', 1211, 40, 9, 2, 3, NULL, NULL),
(615, NULL, 'Hadir', 1211, 41, 9, 2, 3, NULL, NULL),
(616, NULL, 'Hadir', 1212, 8, 6, 2, 3, NULL, NULL),
(617, NULL, 'Hadir', 1212, 9, 6, 2, 3, NULL, NULL),
(618, NULL, 'Hadir', 1212, 10, 6, 2, 3, NULL, NULL),
(619, NULL, 'Hadir', 1212, 11, 6, 2, 3, NULL, NULL),
(620, NULL, 'Hadir', 1212, 12, 7, 2, 3, NULL, NULL),
(621, NULL, 'Hadir', 1212, 13, 7, 2, 3, NULL, NULL),
(622, NULL, 'Hadir', 1212, 14, 7, 2, 3, NULL, NULL),
(623, NULL, 'Hadir', 1212, 15, 7, 2, 3, NULL, NULL),
(624, NULL, 'Hadir', 1212, 33, 8, 2, 3, NULL, NULL),
(625, NULL, 'Hadir', 1212, 34, 8, 2, 3, NULL, NULL),
(626, NULL, 'Hadir', 1212, 35, 8, 2, 3, NULL, NULL),
(627, NULL, 'Hadir', 1212, 36, 8, 2, 3, NULL, NULL),
(628, NULL, 'Hadir', 1212, 37, 8, 2, 3, NULL, NULL),
(629, NULL, 'Hadir', 1212, 38, 9, 2, 3, NULL, NULL),
(630, NULL, 'Hadir', 1212, 39, 9, 2, 3, NULL, NULL),
(631, NULL, 'Hadir', 1212, 40, 9, 2, 3, NULL, NULL),
(632, NULL, 'Hadir', 1212, 41, 9, 2, 3, NULL, NULL),
(633, NULL, 'Hadir', 1213, 8, 6, 2, 3, NULL, NULL),
(634, NULL, 'Hadir', 1213, 9, 6, 2, 3, NULL, NULL),
(635, NULL, 'Hadir', 1213, 10, 6, 2, 3, NULL, NULL),
(636, NULL, 'Hadir', 1213, 11, 6, 2, 3, NULL, NULL),
(637, NULL, 'Hadir', 1213, 12, 7, 2, 3, NULL, NULL),
(638, NULL, 'Hadir', 1213, 13, 7, 2, 3, NULL, NULL),
(639, NULL, 'Hadir', 1213, 14, 7, 2, 3, NULL, NULL),
(640, NULL, 'Hadir', 1213, 15, 7, 2, 3, NULL, NULL),
(641, NULL, 'Hadir', 1213, 33, 8, 2, 3, NULL, NULL),
(642, NULL, 'Hadir', 1213, 34, 8, 2, 3, NULL, NULL),
(643, NULL, 'Hadir', 1213, 35, 8, 2, 3, NULL, NULL),
(644, NULL, 'Hadir', 1213, 36, 8, 2, 3, NULL, NULL),
(645, NULL, 'Hadir', 1213, 37, 8, 2, 3, NULL, NULL),
(646, NULL, 'Hadir', 1213, 38, 9, 2, 3, NULL, NULL),
(647, NULL, 'Hadir', 1213, 39, 9, 2, 3, NULL, NULL),
(648, NULL, 'Hadir', 1213, 40, 9, 2, 3, NULL, NULL),
(649, NULL, 'Hadir', 1213, 41, 9, 2, 3, NULL, NULL),
(650, NULL, 'Hadir', 1214, 8, 6, 2, 3, NULL, NULL),
(651, NULL, 'Hadir', 1214, 9, 6, 2, 3, NULL, NULL),
(652, NULL, 'Hadir', 1214, 10, 6, 2, 3, NULL, NULL),
(653, NULL, 'Hadir', 1214, 11, 6, 2, 3, NULL, NULL),
(654, NULL, 'Hadir', 1214, 12, 7, 2, 3, NULL, NULL),
(655, NULL, 'Hadir', 1214, 13, 7, 2, 3, NULL, NULL),
(656, NULL, 'Hadir', 1214, 14, 7, 2, 3, NULL, NULL),
(657, NULL, 'Hadir', 1214, 15, 7, 2, 3, NULL, NULL),
(658, NULL, 'Hadir', 1214, 33, 8, 2, 3, NULL, NULL),
(659, NULL, 'Hadir', 1214, 34, 8, 2, 3, NULL, NULL),
(660, NULL, 'Hadir', 1214, 35, 8, 2, 3, NULL, NULL),
(661, NULL, 'Hadir', 1214, 36, 8, 2, 3, NULL, NULL),
(662, NULL, 'Hadir', 1214, 37, 8, 2, 3, NULL, NULL),
(663, NULL, 'Hadir', 1214, 38, 9, 2, 3, NULL, NULL),
(664, NULL, 'Hadir', 1214, 39, 9, 2, 3, NULL, NULL),
(665, NULL, 'Hadir', 1214, 40, 9, 2, 3, NULL, NULL),
(666, NULL, 'Hadir', 1214, 41, 9, 2, 3, NULL, NULL),
(667, NULL, 'Hadir', 1215, 8, 6, 2, 3, NULL, NULL),
(668, NULL, 'Hadir', 1215, 9, 6, 2, 3, NULL, NULL),
(669, NULL, 'Hadir', 1215, 10, 6, 2, 3, NULL, NULL),
(670, NULL, 'Hadir', 1215, 11, 6, 2, 3, NULL, NULL),
(671, NULL, 'Hadir', 1215, 12, 7, 2, 3, NULL, NULL),
(672, NULL, 'Hadir', 1215, 13, 7, 2, 3, NULL, NULL),
(673, NULL, 'Hadir', 1215, 14, 7, 2, 3, NULL, NULL),
(674, NULL, 'Hadir', 1215, 15, 7, 2, 3, NULL, NULL),
(675, NULL, 'Hadir', 1215, 33, 8, 2, 3, NULL, NULL),
(676, NULL, 'Hadir', 1215, 34, 8, 2, 3, NULL, NULL),
(677, NULL, 'Hadir', 1215, 35, 8, 2, 3, NULL, NULL),
(678, NULL, 'Hadir', 1215, 36, 8, 2, 3, NULL, NULL),
(679, NULL, 'Hadir', 1215, 37, 8, 2, 3, NULL, NULL),
(680, NULL, 'Hadir', 1216, 8, 6, 2, 3, NULL, NULL),
(681, NULL, 'Hadir', 1216, 9, 6, 2, 3, NULL, NULL),
(682, NULL, 'Hadir', 1216, 10, 6, 2, 3, NULL, NULL),
(683, NULL, 'Hadir', 1216, 11, 6, 2, 3, NULL, NULL),
(684, NULL, 'Hadir', 1216, 12, 7, 2, 3, NULL, NULL),
(685, NULL, 'Hadir', 1216, 13, 7, 2, 3, NULL, NULL),
(686, NULL, 'Hadir', 1216, 14, 7, 2, 3, NULL, NULL),
(687, NULL, 'Hadir', 1216, 15, 7, 2, 3, NULL, NULL),
(688, NULL, 'Hadir', 1216, 33, 8, 2, 3, NULL, NULL),
(689, NULL, 'Hadir', 1216, 34, 8, 2, 3, NULL, NULL),
(690, NULL, 'Hadir', 1216, 35, 8, 2, 3, NULL, NULL),
(691, NULL, 'Hadir', 1216, 36, 8, 2, 3, NULL, NULL),
(692, NULL, 'Hadir', 1216, 37, 8, 2, 3, NULL, NULL),
(693, NULL, 'Hadir', 1217, 8, 6, 2, 3, NULL, NULL),
(694, NULL, 'Hadir', 1217, 9, 6, 2, 3, NULL, NULL),
(695, NULL, 'Hadir', 1217, 10, 6, 2, 3, NULL, NULL),
(696, NULL, 'Hadir', 1217, 11, 6, 2, 3, NULL, NULL),
(697, NULL, 'Hadir', 1217, 12, 7, 2, 3, NULL, NULL),
(698, NULL, 'Hadir', 1217, 13, 7, 2, 3, NULL, NULL),
(699, NULL, 'Hadir', 1217, 14, 7, 2, 3, NULL, NULL),
(700, NULL, 'Hadir', 1217, 15, 7, 2, 3, NULL, NULL),
(701, NULL, 'Hadir', 1217, 33, 8, 2, 3, NULL, NULL),
(702, NULL, 'Hadir', 1217, 34, 8, 2, 3, NULL, NULL),
(703, NULL, 'Hadir', 1217, 35, 8, 2, 3, NULL, NULL),
(704, NULL, 'Hadir', 1217, 36, 8, 2, 3, NULL, NULL),
(705, NULL, 'Hadir', 1217, 37, 8, 2, 3, NULL, NULL),
(706, NULL, 'Hadir', 1217, 38, 9, 2, 3, NULL, NULL),
(707, NULL, 'Hadir', 1217, 39, 9, 2, 3, NULL, NULL),
(708, NULL, 'Hadir', 1217, 40, 9, 2, 3, NULL, NULL),
(709, NULL, 'Hadir', 1217, 41, 9, 2, 3, NULL, NULL),
(710, NULL, 'Hadir', 1218, 8, 6, 2, 3, NULL, NULL),
(711, NULL, 'Hadir', 1218, 9, 6, 2, 3, NULL, NULL),
(712, NULL, 'Hadir', 1218, 10, 6, 2, 3, NULL, NULL),
(713, NULL, 'Hadir', 1218, 11, 6, 2, 3, NULL, NULL),
(714, NULL, 'Hadir', 1218, 12, 7, 2, 3, NULL, NULL),
(715, NULL, 'Hadir', 1218, 13, 7, 2, 3, NULL, NULL),
(716, NULL, 'Hadir', 1218, 14, 7, 2, 3, NULL, NULL),
(717, NULL, 'Hadir', 1218, 15, 7, 2, 3, NULL, NULL),
(718, NULL, 'Hadir', 1218, 33, 8, 2, 3, NULL, NULL),
(719, NULL, 'Hadir', 1218, 34, 8, 2, 3, NULL, NULL),
(720, NULL, 'Hadir', 1218, 35, 8, 2, 3, NULL, NULL),
(721, NULL, 'Hadir', 1218, 36, 8, 2, 3, NULL, NULL),
(722, NULL, 'Hadir', 1218, 37, 8, 2, 3, NULL, NULL),
(723, NULL, 'Hadir', 1218, 38, 9, 2, 3, NULL, NULL),
(724, NULL, 'Hadir', 1218, 39, 9, 2, 3, NULL, NULL),
(725, NULL, 'Hadir', 1218, 40, 9, 2, 3, NULL, NULL),
(726, NULL, 'Hadir', 1218, 41, 9, 2, 3, NULL, NULL),
(727, NULL, 'Hadir', 1219, 8, 6, 2, 3, NULL, NULL),
(728, NULL, 'Hadir', 1219, 9, 6, 2, 3, NULL, NULL),
(729, NULL, 'Hadir', 1219, 10, 6, 2, 3, NULL, NULL),
(730, NULL, 'Hadir', 1219, 11, 6, 2, 3, NULL, NULL),
(731, NULL, 'Hadir', 1219, 12, 7, 2, 3, NULL, NULL),
(732, NULL, 'Hadir', 1219, 13, 7, 2, 3, NULL, NULL),
(733, NULL, 'Hadir', 1219, 14, 7, 2, 3, NULL, NULL),
(734, NULL, 'Hadir', 1219, 15, 7, 2, 3, NULL, NULL),
(735, NULL, 'Hadir', 1219, 33, 8, 2, 3, NULL, NULL),
(736, NULL, 'Hadir', 1219, 34, 8, 2, 3, NULL, NULL),
(737, NULL, 'Hadir', 1219, 35, 8, 2, 3, NULL, NULL),
(738, NULL, 'Hadir', 1219, 36, 8, 2, 3, NULL, NULL),
(739, NULL, 'Hadir', 1219, 37, 8, 2, 3, NULL, NULL),
(740, NULL, 'Hadir', 1220, 8, 6, 2, 3, NULL, NULL),
(741, NULL, 'Hadir', 1220, 9, 6, 2, 3, NULL, NULL),
(742, NULL, 'Hadir', 1220, 10, 6, 2, 3, NULL, NULL),
(743, NULL, 'Hadir', 1220, 11, 6, 2, 3, NULL, NULL),
(744, NULL, 'Hadir', 1220, 12, 7, 2, 3, NULL, NULL),
(745, NULL, 'Hadir', 1220, 13, 7, 2, 3, NULL, NULL),
(746, NULL, 'Hadir', 1220, 14, 7, 2, 3, NULL, NULL),
(747, NULL, 'Hadir', 1220, 15, 7, 2, 3, NULL, NULL),
(748, NULL, 'Hadir', 1220, 33, 8, 2, 3, NULL, NULL),
(749, NULL, 'Hadir', 1220, 34, 8, 2, 3, NULL, NULL),
(750, NULL, 'Hadir', 1220, 35, 8, 2, 3, NULL, NULL),
(751, NULL, 'Hadir', 1220, 36, 8, 2, 3, NULL, NULL),
(752, NULL, 'Hadir', 1220, 37, 8, 2, 3, NULL, NULL),
(753, NULL, 'Hadir', 1221, 8, 6, 2, 3, NULL, NULL),
(754, NULL, 'Hadir', 1221, 9, 6, 2, 3, NULL, NULL),
(755, NULL, 'Hadir', 1221, 10, 6, 2, 3, NULL, NULL),
(756, NULL, 'Hadir', 1221, 11, 6, 2, 3, NULL, NULL),
(757, NULL, 'Hadir', 1221, 12, 7, 2, 3, NULL, NULL),
(758, NULL, 'Hadir', 1221, 13, 7, 2, 3, NULL, NULL),
(759, NULL, 'Hadir', 1221, 14, 7, 2, 3, NULL, NULL),
(760, NULL, 'Hadir', 1221, 15, 7, 2, 3, NULL, NULL),
(761, NULL, 'Hadir', 1221, 33, 8, 2, 3, NULL, NULL),
(762, NULL, 'Hadir', 1221, 34, 8, 2, 3, NULL, NULL),
(763, NULL, 'Hadir', 1221, 35, 8, 2, 3, NULL, NULL),
(764, NULL, 'Hadir', 1221, 36, 8, 2, 3, NULL, NULL),
(765, NULL, 'Hadir', 1221, 37, 8, 2, 3, NULL, NULL),
(766, NULL, 'Hadir', 1222, 8, 6, 2, 3, NULL, NULL),
(767, NULL, 'Hadir', 1222, 9, 6, 2, 3, NULL, NULL),
(768, NULL, 'Hadir', 1222, 10, 6, 2, 3, NULL, NULL),
(769, NULL, 'Hadir', 1222, 11, 6, 2, 3, NULL, NULL),
(770, NULL, 'Hadir', 1222, 12, 7, 2, 3, NULL, NULL),
(771, NULL, 'Hadir', 1222, 13, 7, 2, 3, NULL, NULL),
(772, NULL, 'Hadir', 1222, 14, 7, 2, 3, NULL, NULL),
(773, NULL, 'Hadir', 1222, 15, 7, 2, 3, NULL, NULL),
(774, NULL, 'Hadir', 1222, 33, 8, 2, 3, NULL, NULL),
(775, NULL, 'Hadir', 1222, 34, 8, 2, 3, NULL, NULL),
(776, NULL, 'Hadir', 1222, 35, 8, 2, 3, NULL, NULL),
(777, NULL, 'Hadir', 1222, 36, 8, 2, 3, NULL, NULL),
(778, NULL, 'Hadir', 1222, 37, 8, 2, 3, NULL, NULL),
(779, NULL, 'Hadir', 1223, 8, 6, 2, 3, NULL, NULL),
(780, NULL, 'Hadir', 1223, 9, 6, 2, 3, NULL, NULL),
(781, NULL, 'Hadir', 1223, 10, 6, 2, 3, NULL, NULL),
(782, NULL, 'Hadir', 1223, 11, 6, 2, 3, NULL, NULL),
(783, NULL, 'Hadir', 1223, 12, 7, 2, 3, NULL, NULL),
(784, NULL, 'Hadir', 1223, 13, 7, 2, 3, NULL, NULL),
(785, NULL, 'Hadir', 1223, 14, 7, 2, 3, NULL, NULL),
(786, NULL, 'Hadir', 1223, 15, 7, 2, 3, NULL, NULL),
(787, NULL, 'Hadir', 1223, 33, 8, 2, 3, NULL, NULL),
(788, NULL, 'Hadir', 1223, 34, 8, 2, 3, NULL, NULL),
(789, NULL, 'Hadir', 1223, 35, 8, 2, 3, NULL, NULL),
(790, NULL, 'Hadir', 1223, 36, 8, 2, 3, NULL, NULL),
(791, NULL, 'Hadir', 1223, 37, 8, 2, 3, NULL, NULL),
(792, NULL, 'Hadir', 1224, 8, 6, 2, 3, NULL, '2020-04-18 14:23:03'),
(793, NULL, 'Hadir', 1224, 9, 6, 2, 3, NULL, NULL),
(794, NULL, 'Hadir', 1224, 10, 6, 2, 3, NULL, NULL),
(795, NULL, 'Hadir', 1224, 11, 6, 2, 3, NULL, NULL),
(796, NULL, 'Hadir', 1224, 12, 7, 2, 3, NULL, NULL),
(797, NULL, 'Hadir', 1224, 13, 7, 2, 3, NULL, NULL),
(798, NULL, 'Hadir', 1224, 14, 7, 2, 3, NULL, NULL),
(799, NULL, 'Hadir', 1224, 15, 7, 2, 3, NULL, NULL),
(800, NULL, 'Hadir', 1224, 33, 8, 2, 3, NULL, NULL),
(801, NULL, 'Hadir', 1224, 34, 8, 2, 3, NULL, NULL),
(802, NULL, 'Hadir', 1224, 35, 8, 2, 3, NULL, NULL),
(803, NULL, 'Hadir', 1224, 36, 8, 2, 3, NULL, NULL),
(804, NULL, 'Hadir', 1224, 37, 8, 2, 3, NULL, NULL),
(805, NULL, 'Hadir', 1225, 8, 6, 2, 3, NULL, NULL),
(806, NULL, 'Hadir', 1225, 9, 6, 2, 3, NULL, NULL),
(807, NULL, 'Hadir', 1225, 10, 6, 2, 3, NULL, NULL),
(808, NULL, 'Hadir', 1225, 11, 6, 2, 3, NULL, NULL),
(809, NULL, 'Hadir', 1225, 12, 7, 2, 3, NULL, NULL),
(810, NULL, 'Hadir', 1225, 13, 7, 2, 3, NULL, NULL),
(811, NULL, 'Hadir', 1225, 14, 7, 2, 3, NULL, NULL),
(812, NULL, 'Hadir', 1225, 15, 7, 2, 3, NULL, NULL),
(813, NULL, 'Hadir', 1225, 33, 8, 2, 3, NULL, NULL),
(814, NULL, 'Hadir', 1225, 34, 8, 2, 3, NULL, NULL),
(815, NULL, 'Hadir', 1225, 35, 8, 2, 3, NULL, NULL),
(816, NULL, 'Hadir', 1225, 36, 8, 2, 3, NULL, NULL),
(817, NULL, 'Hadir', 1225, 37, 8, 2, 3, NULL, NULL),
(818, NULL, 'Hadir', 1226, 8, 6, 2, 3, NULL, NULL),
(819, NULL, 'Hadir', 1226, 9, 6, 2, 3, NULL, NULL),
(820, NULL, 'Hadir', 1226, 10, 6, 2, 3, NULL, NULL),
(821, NULL, 'Hadir', 1226, 11, 6, 2, 3, NULL, NULL),
(822, NULL, 'Hadir', 1226, 12, 7, 2, 3, NULL, NULL),
(823, NULL, 'Hadir', 1226, 13, 7, 2, 3, NULL, NULL),
(824, NULL, 'Hadir', 1226, 14, 7, 2, 3, NULL, NULL),
(825, NULL, 'Hadir', 1226, 15, 7, 2, 3, NULL, NULL),
(826, NULL, 'Hadir', 1226, 33, 8, 2, 3, NULL, NULL),
(827, NULL, 'Hadir', 1226, 34, 8, 2, 3, NULL, NULL),
(828, NULL, 'Hadir', 1226, 35, 8, 2, 3, NULL, NULL),
(829, NULL, 'Hadir', 1226, 36, 8, 2, 3, NULL, NULL),
(830, NULL, 'Hadir', 1226, 37, 8, 2, 3, NULL, NULL),
(831, NULL, 'Hadir', 1226, 38, 9, 2, 3, NULL, NULL),
(832, NULL, 'Hadir', 1226, 39, 9, 2, 3, NULL, NULL),
(833, NULL, 'Hadir', 1226, 40, 9, 2, 3, NULL, NULL),
(834, NULL, 'Hadir', 1226, 41, 9, 2, 3, NULL, NULL),
(835, NULL, 'Hadir', 1227, 8, 6, 2, 3, NULL, NULL),
(836, NULL, 'Hadir', 1227, 9, 6, 2, 3, NULL, NULL),
(837, NULL, 'Hadir', 1227, 10, 6, 2, 3, NULL, NULL),
(838, NULL, 'Hadir', 1227, 11, 6, 2, 3, NULL, NULL),
(839, NULL, 'Hadir', 1227, 12, 7, 2, 3, NULL, NULL),
(840, NULL, 'Hadir', 1227, 13, 7, 2, 3, NULL, NULL),
(841, NULL, 'Hadir', 1227, 14, 7, 2, 3, NULL, NULL),
(842, NULL, 'Hadir', 1227, 15, 7, 2, 3, NULL, NULL),
(843, NULL, 'Hadir', 1227, 33, 8, 2, 3, NULL, NULL),
(844, NULL, 'Hadir', 1227, 34, 8, 2, 3, NULL, NULL),
(845, NULL, 'Hadir', 1227, 35, 8, 2, 3, NULL, NULL),
(846, NULL, 'Hadir', 1227, 36, 8, 2, 3, NULL, NULL),
(847, NULL, 'Hadir', 1227, 37, 8, 2, 3, NULL, NULL),
(848, NULL, 'Hadir', 1227, 38, 9, 2, 3, NULL, NULL),
(849, NULL, 'Hadir', 1227, 39, 9, 2, 3, NULL, NULL),
(850, NULL, 'Hadir', 1227, 40, 9, 2, 3, NULL, NULL),
(851, NULL, 'Hadir', 1227, 41, 9, 2, 3, NULL, NULL),
(852, NULL, 'Hadir', 1228, 8, 6, 2, 3, NULL, NULL),
(853, NULL, 'Hadir', 1228, 9, 6, 2, 3, NULL, NULL),
(854, NULL, 'Hadir', 1228, 10, 6, 2, 3, NULL, NULL),
(855, NULL, 'Hadir', 1228, 11, 6, 2, 3, NULL, NULL),
(856, NULL, 'Hadir', 1229, 8, 6, 2, 3, NULL, NULL),
(857, NULL, 'Hadir', 1229, 9, 6, 2, 3, NULL, NULL),
(858, NULL, 'Hadir', 1229, 10, 6, 2, 3, NULL, NULL),
(859, NULL, 'Hadir', 1229, 11, 6, 2, 3, NULL, NULL),
(860, NULL, 'Hadir', 1229, 12, 7, 2, 3, NULL, NULL),
(861, NULL, 'Hadir', 1229, 13, 7, 2, 3, NULL, NULL),
(862, NULL, 'Hadir', 1229, 14, 7, 2, 3, NULL, NULL),
(863, NULL, 'Hadir', 1229, 15, 7, 2, 3, NULL, NULL),
(864, NULL, 'Hadir', 1229, 33, 8, 2, 3, NULL, NULL),
(865, NULL, 'Hadir', 1229, 34, 8, 2, 3, NULL, NULL),
(866, NULL, 'Hadir', 1229, 35, 8, 2, 3, NULL, NULL),
(867, NULL, 'Hadir', 1229, 36, 8, 2, 3, NULL, NULL),
(868, NULL, 'Hadir', 1229, 37, 8, 2, 3, NULL, NULL),
(869, NULL, 'Hadir', 1229, 38, 9, 2, 3, NULL, NULL),
(870, NULL, 'Hadir', 1229, 39, 9, 2, 3, NULL, NULL),
(871, NULL, 'Hadir', 1229, 40, 9, 2, 3, NULL, NULL),
(872, NULL, 'Hadir', 1229, 41, 9, 2, 3, NULL, NULL),
(873, NULL, 'Hadir', 1230, 8, 6, 2, 3, NULL, NULL),
(874, NULL, 'Hadir', 1230, 9, 6, 2, 3, NULL, NULL),
(875, NULL, 'Hadir', 1230, 10, 6, 2, 3, NULL, NULL),
(876, NULL, 'Hadir', 1230, 11, 6, 2, 3, NULL, NULL),
(877, NULL, 'Hadir', 1230, 12, 7, 2, 3, NULL, NULL),
(878, NULL, 'Hadir', 1230, 13, 7, 2, 3, NULL, NULL),
(879, NULL, 'Hadir', 1230, 14, 7, 2, 3, NULL, NULL),
(880, NULL, 'Hadir', 1230, 15, 7, 2, 3, NULL, NULL),
(881, NULL, 'Hadir', 1230, 33, 8, 2, 3, NULL, NULL),
(882, NULL, 'Hadir', 1230, 34, 8, 2, 3, NULL, NULL),
(883, NULL, 'Hadir', 1230, 35, 8, 2, 3, NULL, NULL),
(884, NULL, 'Hadir', 1230, 36, 8, 2, 3, NULL, NULL),
(885, NULL, 'Hadir', 1230, 37, 8, 2, 3, NULL, NULL),
(886, NULL, 'Hadir', 1230, 38, 9, 2, 3, NULL, NULL),
(887, NULL, 'Hadir', 1230, 39, 9, 2, 3, NULL, NULL),
(888, NULL, 'Hadir', 1230, 40, 9, 2, 3, NULL, NULL),
(889, NULL, 'Hadir', 1230, 41, 9, 2, 3, NULL, NULL),
(890, NULL, 'Hadir', 1231, 8, 6, 2, 3, NULL, NULL),
(891, NULL, 'Hadir', 1231, 9, 6, 2, 3, NULL, NULL),
(892, NULL, 'Hadir', 1231, 10, 6, 2, 3, NULL, NULL),
(893, NULL, 'Hadir', 1231, 11, 6, 2, 3, NULL, NULL),
(894, NULL, 'Hadir', 1231, 12, 7, 2, 3, NULL, NULL),
(895, NULL, 'Hadir', 1231, 13, 7, 2, 3, NULL, NULL),
(896, NULL, 'Hadir', 1231, 14, 7, 2, 3, NULL, NULL),
(897, NULL, 'Hadir', 1231, 15, 7, 2, 3, NULL, NULL),
(898, NULL, 'Hadir', 1231, 33, 8, 2, 3, NULL, NULL),
(899, NULL, 'Hadir', 1231, 34, 8, 2, 3, NULL, NULL),
(900, NULL, 'Hadir', 1231, 35, 8, 2, 3, NULL, NULL),
(901, NULL, 'Hadir', 1231, 36, 8, 2, 3, NULL, NULL),
(902, NULL, 'Hadir', 1231, 37, 8, 2, 3, NULL, NULL),
(903, NULL, 'Hadir', 1231, 38, 9, 2, 3, NULL, NULL),
(904, NULL, 'Hadir', 1231, 39, 9, 2, 3, NULL, NULL),
(905, NULL, 'Hadir', 1231, 40, 9, 2, 3, NULL, NULL),
(906, NULL, 'Hadir', 1231, 41, 9, 2, 3, NULL, NULL),
(907, NULL, 'Hadir', 1232, 8, 6, 2, 3, NULL, NULL),
(908, NULL, 'Hadir', 1232, 9, 6, 2, 3, NULL, NULL),
(909, NULL, 'Hadir', 1232, 10, 6, 2, 3, NULL, NULL),
(910, NULL, 'Hadir', 1232, 11, 6, 2, 3, NULL, NULL),
(911, NULL, 'Hadir', 1232, 12, 7, 2, 3, NULL, NULL),
(912, NULL, 'Hadir', 1232, 13, 7, 2, 3, NULL, NULL),
(913, NULL, 'Hadir', 1232, 14, 7, 2, 3, NULL, NULL),
(914, NULL, 'Hadir', 1232, 15, 7, 2, 3, NULL, NULL),
(915, NULL, 'Hadir', 1232, 33, 8, 2, 3, NULL, NULL),
(916, NULL, 'Hadir', 1232, 34, 8, 2, 3, NULL, NULL),
(917, NULL, 'Hadir', 1232, 35, 8, 2, 3, NULL, NULL),
(918, NULL, 'Hadir', 1232, 36, 8, 2, 3, NULL, NULL),
(919, NULL, 'Hadir', 1232, 37, 8, 2, 3, NULL, NULL),
(920, NULL, 'Hadir', 1232, 38, 9, 2, 3, NULL, NULL),
(921, NULL, 'Hadir', 1232, 39, 9, 2, 3, NULL, NULL),
(922, NULL, 'Hadir', 1232, 40, 9, 2, 3, NULL, NULL),
(923, NULL, 'Hadir', 1232, 41, 9, 2, 3, NULL, NULL),
(924, NULL, 'Hadir', 1233, 8, 6, 2, 3, NULL, NULL),
(925, NULL, 'Hadir', 1233, 9, 6, 2, 3, NULL, NULL),
(926, NULL, 'Hadir', 1233, 10, 6, 2, 3, NULL, NULL),
(927, NULL, 'Hadir', 1233, 11, 6, 2, 3, NULL, NULL),
(928, NULL, 'Hadir', 1233, 12, 7, 2, 3, NULL, NULL),
(929, NULL, 'Hadir', 1233, 13, 7, 2, 3, NULL, NULL),
(930, NULL, 'Hadir', 1233, 14, 7, 2, 3, NULL, NULL),
(931, NULL, 'Hadir', 1233, 15, 7, 2, 3, NULL, NULL),
(932, NULL, 'Hadir', 1233, 33, 8, 2, 3, NULL, NULL),
(933, NULL, 'Hadir', 1233, 34, 8, 2, 3, NULL, NULL),
(934, NULL, 'Hadir', 1233, 35, 8, 2, 3, NULL, NULL),
(935, NULL, 'Hadir', 1233, 36, 8, 2, 3, NULL, NULL),
(936, NULL, 'Hadir', 1233, 37, 8, 2, 3, NULL, NULL),
(937, NULL, 'Hadir', 1233, 38, 9, 2, 3, NULL, NULL),
(938, NULL, 'Hadir', 1233, 39, 9, 2, 3, NULL, NULL),
(939, NULL, 'Hadir', 1233, 40, 9, 2, 3, NULL, NULL),
(940, NULL, 'Hadir', 1233, 41, 9, 2, 3, NULL, NULL),
(941, NULL, 'Hadir', 1241, 30, 5, 3, 1, NULL, NULL),
(942, NULL, 'Hadir', 1241, 31, 10, 3, 1, NULL, NULL),
(943, NULL, 'Hadir', 1241, 32, 10, 3, 1, NULL, NULL),
(944, NULL, 'Hadir', 1260, 30, 5, 3, 1, NULL, NULL),
(945, NULL, 'Hadir', 1260, 31, 10, 3, 1, NULL, NULL),
(946, NULL, 'Hadir', 1260, 32, 10, 3, 1, NULL, NULL),
(947, NULL, 'Hadir', 1266, 8, 6, 2, 3, NULL, NULL),
(948, NULL, 'Hadir', 1266, 9, 6, 2, 3, NULL, NULL),
(949, NULL, 'Hadir', 1266, 10, 6, 2, 3, NULL, NULL),
(950, NULL, 'Hadir', 1266, 11, 6, 2, 3, NULL, NULL),
(951, NULL, 'Hadir', 1266, 12, 7, 2, 3, NULL, NULL),
(952, NULL, 'Hadir', 1266, 13, 7, 2, 3, NULL, NULL),
(953, NULL, 'Hadir', 1266, 14, 7, 2, 3, NULL, NULL),
(954, NULL, 'Hadir', 1266, 15, 7, 2, 3, NULL, NULL),
(955, NULL, 'Hadir', 1266, 33, 8, 2, 3, NULL, NULL),
(956, NULL, 'Hadir', 1266, 34, 8, 2, 3, NULL, NULL),
(957, NULL, 'Hadir', 1266, 35, 8, 2, 3, NULL, NULL),
(958, NULL, 'Hadir', 1266, 36, 8, 2, 3, NULL, NULL),
(959, NULL, 'Hadir', 1266, 37, 8, 2, 3, NULL, NULL),
(960, NULL, 'Hadir', 1266, 38, 9, 2, 3, NULL, NULL),
(961, NULL, 'Hadir', 1266, 39, 9, 2, 3, NULL, NULL),
(962, NULL, 'Hadir', 1266, 40, 9, 2, 3, NULL, NULL),
(963, NULL, 'Hadir', 1266, 41, 9, 2, 3, NULL, NULL),
(964, NULL, 'Hadir', 1267, 8, 6, 2, 3, NULL, NULL),
(965, NULL, 'Hadir', 1267, 9, 6, 2, 3, NULL, NULL),
(966, NULL, 'Hadir', 1267, 10, 6, 2, 3, NULL, NULL),
(967, NULL, 'Hadir', 1267, 11, 6, 2, 3, NULL, NULL),
(968, NULL, 'Hadir', 1267, 12, 7, 2, 3, NULL, NULL),
(969, NULL, 'Hadir', 1267, 13, 7, 2, 3, NULL, NULL),
(970, NULL, 'Hadir', 1267, 14, 7, 2, 3, NULL, NULL),
(971, NULL, 'Hadir', 1267, 15, 7, 2, 3, NULL, NULL),
(972, NULL, 'Hadir', 1267, 33, 8, 2, 3, NULL, NULL),
(973, NULL, 'Hadir', 1267, 34, 8, 2, 3, NULL, NULL),
(974, NULL, 'Hadir', 1267, 35, 8, 2, 3, NULL, NULL),
(975, NULL, 'Hadir', 1267, 36, 8, 2, 3, NULL, NULL),
(976, NULL, 'Hadir', 1267, 37, 8, 2, 3, NULL, NULL),
(977, NULL, 'Hadir', 1267, 38, 9, 2, 3, NULL, NULL),
(978, NULL, 'Hadir', 1267, 39, 9, 2, 3, NULL, NULL),
(979, NULL, 'Hadir', 1267, 40, 9, 2, 3, NULL, NULL),
(980, NULL, 'Hadir', 1267, 41, 9, 2, 3, NULL, NULL);
INSERT INTO `event_presensi` (`id`, `barcode`, `status`, `participant_user_id`, `event_agenda_id`, `event_agenda_event_session_id`, `event_agenda_event_session_event_id`, `event_agenda_event_session_event_event_type_id`, `created_at`, `updated_at`) VALUES
(981, 'tes', 'Hadir', 1224, NULL, 1, 1, 3, '2020-04-18 07:40:09', '2020-04-18 15:01:47'),
(991, 'tessss', 'Hadir', 1279, NULL, 1, 1, 3, '2020-04-19 12:20:59', '2020-04-21 13:06:58'),
(992, 'tessss', 'Hadir', 1279, NULL, 2, 1, 3, '2020-04-19 12:20:59', '2020-04-21 13:06:58'),
(993, 'tessss', 'Belum Hadir', 1279, NULL, 3, 1, 3, '2020-04-19 12:20:59', '2020-04-21 13:06:58'),
(994, 'tessss', 'Belum Hadir', 1279, NULL, 4, 1, 3, '2020-04-19 12:20:59', '2020-04-21 13:06:58'),
(995, 'tessss', 'Belum Hadir', 1279, NULL, 12, 1, 3, '2020-04-19 12:20:59', '2020-04-21 13:06:58'),
(996, 'tessss', 'Belum Hadir', 1279, NULL, 13, 1, 3, '2020-04-19 12:20:59', '2020-04-21 13:06:58'),
(997, 'tessss', 'Hadir', 1279, NULL, 14, 1, 3, '2020-04-19 12:20:59', '2020-04-21 13:06:58'),
(998, 'tess', 'Hadir', 1280, NULL, 1, 1, 3, '2020-04-20 01:42:17', '2020-04-21 06:55:22'),
(999, 'tess', 'Hadir', 1280, NULL, 2, 1, 3, '2020-04-20 01:42:17', '2020-04-21 06:55:22'),
(1000, 'tess', 'Hadir', 1280, NULL, 3, 1, 3, '2020-04-20 01:42:17', '2020-04-21 06:55:22'),
(1001, 'tess', 'Hadir', 1280, NULL, 4, 1, 3, '2020-04-20 01:42:17', '2020-04-21 13:12:02'),
(1002, 'tess', 'Belum Hadir', 1280, NULL, 12, 1, 3, '2020-04-20 01:42:17', '2020-04-21 06:55:22'),
(1003, 'tess', 'Belum Hadir', 1280, NULL, 13, 1, 3, '2020-04-20 01:42:17', '2020-04-21 06:55:22'),
(1004, 'tess', 'Belum Hadir', 1280, NULL, 14, 1, 3, '2020-04-20 01:42:17', '2020-04-21 06:55:22'),
(1005, 'XIvadjkc-MOB-', 'Hadir', 1286, NULL, 63, 181, 3, '2020-05-21 02:46:56', '2020-06-18 12:11:31'),
(1006, 'h00Bxsjb-MOB-', 'Belum Hadir', 1280, NULL, 63, 181, 3, '2020-05-21 03:20:26', '2020-05-21 03:20:26'),
(1007, 'gWmefSRc-MOB-', 'Belum Hadir', 1286, NULL, 74, 186, 3, '2020-06-01 13:44:52', '2020-06-01 13:44:52'),
(1008, 'UTxCPhS2-MOB-', 'Belum Hadir', 1286, NULL, 72, 184, 3, '2020-06-09 08:34:42', '2020-06-09 08:34:42'),
(1009, '7sKSfVqw-MOB-', 'Belum Hadir', 1286, NULL, 73, 185, 3, '2020-06-10 00:19:32', '2020-06-10 00:19:32'),
(1010, 'nBVhePax-MOB-', 'Belum Hadir', 1286, NULL, 65, 183, 3, '2020-06-10 00:22:54', '2020-06-10 00:22:54'),
(1011, 'nBVhePax-MOB-', 'Belum Hadir', 1286, NULL, 66, 183, 3, '2020-06-10 00:22:54', '2020-06-10 00:22:54'),
(1012, 'nBVhePax-MOB-', 'Belum Hadir', 1286, NULL, 67, 183, 3, '2020-06-10 00:22:54', '2020-06-10 00:22:54'),
(1013, 'nBVhePax-MOB-', 'Belum Hadir', 1286, NULL, 68, 183, 3, '2020-06-10 00:22:54', '2020-06-10 00:22:54'),
(1014, 'nBVhePax-MOB-', 'Belum Hadir', 1286, NULL, 69, 183, 3, '2020-06-10 00:22:54', '2020-06-10 00:22:54'),
(1015, 'nBVhePax-MOB-', 'Belum Hadir', 1286, NULL, 70, 183, 3, '2020-06-10 00:22:54', '2020-06-10 00:22:54'),
(1016, 'nBVhePax-MOB-', 'Belum Hadir', 1286, NULL, 71, 183, 3, '2020-06-10 00:22:54', '2020-06-10 00:22:54'),
(1017, 'zXZzdPp0-MOB-', 'Belum Hadir', 1287, NULL, 74, 186, 3, '2020-06-16 11:47:50', '2020-06-16 11:47:50'),
(1018, '2ztfYnMJ-MOB-', 'Belum Hadir', 1286, NULL, 76, 188, 3, '2020-06-17 08:40:12', '2020-06-17 08:40:12'),
(1019, 'IClpWX2A-MOB-', 'Belum Hadir', 1286, NULL, 77, 189, 3, '2020-06-18 01:02:29', '2020-06-18 01:02:29'),
(1020, 'KdFA7WgU-MOB-', 'Belum Hadir', 1286, NULL, 79, 190, 3, '2020-06-18 01:18:17', '2020-06-18 01:18:17'),
(1021, 'V8i24xIg-MOB-', 'Belum Hadir', 1287, NULL, 79, 190, 3, '2020-06-18 01:27:33', '2020-06-18 01:27:33'),
(1022, 'IgsSdHTd-MOB-', 'Belum Hadir', 1287, NULL, 77, 189, 3, '2020-06-18 07:38:26', '2020-06-18 07:38:26'),
(1023, 'upJh6Y0I-MOB-', 'Belum Hadir', 1287, NULL, 63, 181, 3, '2020-06-18 07:47:49', '2020-06-18 07:47:49'),
(1024, 'bgo2Ok45-MOB-', 'Belum Hadir', 1289, NULL, 77, 189, 3, '2020-06-18 08:32:25', '2020-06-18 08:32:25'),
(1025, 'nBVhePax-MOB-', 'Hadir', 1286, NULL, 91, 201, 3, '2020-06-19 12:12:23', '2020-06-19 12:42:02'),
(1026, 'zBo38ks0-MOB-', 'Hadir', 1286, NULL, 93, 202, 3, '2020-06-23 12:36:15', '2020-06-23 12:46:48'),
(1027, 'zBo38ks0-MOB-', 'Belum Hadir', 1286, NULL, 94, 202, 3, '2020-06-23 12:36:15', '2020-06-23 12:36:15'),
(1028, 'irBSIUQo-MOB-', 'Belum Hadir', 1289, NULL, 91, 201, 3, '2020-06-26 06:32:34', '2020-06-26 06:32:34'),
(1029, 'OjPozSMk-MOB-', 'Belum Hadir', 1292, NULL, 93, 202, 3, '2020-06-26 07:01:40', '2020-06-26 07:01:40'),
(1030, 'OjPozSMk-MOB-', 'Belum Hadir', 1292, NULL, 94, 202, 3, '2020-06-26 07:01:40', '2020-06-26 07:01:40'),
(1031, 'dd4SQdgt-MOB-', 'Belum Hadir', 1295, NULL, 93, 202, 3, '2020-07-16 03:22:19', '2020-07-16 03:22:19'),
(1032, 'dd4SQdgt-MOB-', 'Belum Hadir', 1295, NULL, 94, 202, 3, '2020-07-16 03:22:19', '2020-07-16 03:22:19'),
(1041, 'PHPGdsAs-MOB-', 'Belum Hadir', 1296, NULL, 93, 202, 3, '2020-07-20 06:14:40', '2020-07-20 06:14:40'),
(1042, 'PHPGdsAs-MOB-', 'Belum Hadir', 1296, NULL, 94, 202, 3, '2020-07-20 06:14:40', '2020-07-20 06:14:40'),
(1043, 'xB49MB8r-MOB-', 'Belum Hadir', 1299, NULL, 93, 202, 3, '2020-08-07 12:25:57', '2020-08-07 12:25:57'),
(1044, 'xB49MB8r-MOB-', 'Belum Hadir', 1299, NULL, 94, 202, 3, '2020-08-07 12:25:57', '2020-08-07 12:25:57'),
(1045, 'DcOTKjYM-MOB-', 'Belum Hadir', 1305, NULL, 63, 181, 3, '2020-08-15 07:07:44', '2020-08-15 07:07:44'),
(1046, 'O5SqBcdd-MOB-', 'Belum Hadir', 1305, NULL, 63, 181, 3, '2020-08-15 07:19:24', '2020-08-15 07:19:24'),
(1047, '6pGy3KQs-MOB-', 'Belum Hadir', 1305, NULL, 63, 181, 3, '2020-08-15 07:20:12', '2020-08-15 07:20:12'),
(1048, 'ddXwlhWT-MOB-', 'Belum Hadir', 1312, NULL, 110, 216, 3, '2020-08-17 15:21:40', '2020-08-17 15:21:40'),
(1049, 'hzyOtJ6s-MOB-', 'Hadir', 1312, NULL, 111, 217, 3, '2020-08-17 15:22:21', '2020-08-17 16:34:05'),
(1050, 'FbyTjau5-MOB-', 'Belum Hadir', 1312, NULL, 74, 186, 3, '2020-08-18 02:53:30', '2020-08-18 02:53:30');

-- --------------------------------------------------------

--
-- Table structure for table `event_session`
--

CREATE TABLE `event_session` (
  `id` int(11) NOT NULL,
  `name` varchar(100) NOT NULL,
  `start` date DEFAULT NULL,
  `event_id` int(11) NOT NULL,
  `event_event_type_id` int(11) NOT NULL,
  `created_at` timestamp NULL DEFAULT NULL,
  `updated_at` timestamp NULL DEFAULT NULL
) ENGINE=InnoDB DEFAULT CHARSET=utf8;

--
-- Dumping data for table `event_session`
--

INSERT INTO `event_session` (`id`, `name`, `start`, `event_id`, `event_event_type_id`, `created_at`, `updated_at`) VALUES
(1, 'H1 Pagi', NULL, 1, 3, NULL, NULL),
(2, 'H1 Siang', NULL, 1, 3, NULL, NULL),
(3, 'H2 Pagi', NULL, 1, 3, NULL, NULL),
(4, 'H2 Siang', NULL, 1, 3, NULL, NULL),
(5, 'Group X1', NULL, 3, 1, NULL, NULL),
(6, 'H1 Bagian 1', NULL, 2, 3, NULL, NULL),
(7, 'H1 Bagian 2', NULL, 2, 3, NULL, NULL),
(8, 'H2 Bagian 3', NULL, 2, 3, NULL, NULL),
(9, 'H2 Bagian 4', NULL, 2, 3, NULL, NULL),
(10, 'Group X2', NULL, 3, 1, NULL, NULL),
(55, 'Pengenalan Android', '2020-05-02', 173, 3, '2020-05-02 05:34:36', '2020-08-02 04:11:31'),
(56, 'Menjadi Expert Android', NULL, 174, 3, '2020-05-02 05:47:01', '2020-05-02 05:47:01'),
(61, 'ad', NULL, 180, 3, '2020-05-05 03:26:13', '2020-05-05 03:26:13'),
(62, 'ad', NULL, 179, 3, '2020-05-05 03:26:13', '2020-05-05 03:26:13'),
(63, 'membaca komik petualangan', '2020-06-17', 181, 3, '2020-05-06 06:07:18', '2020-06-18 12:10:37'),
(64, 'asd', NULL, 182, 3, '2020-05-14 14:05:42', '2020-05-14 14:05:42'),
(65, 'youtube', '2020-05-18', 183, 3, '2020-05-18 03:51:41', '2020-05-18 13:31:10'),
(66, 'youtube 2', '2020-05-19', 183, 3, '2020-05-18 03:52:10', '2020-05-18 13:31:32'),
(67, 'tes', '2020-05-19', 183, 3, '2020-05-18 13:27:54', '2020-05-18 13:31:26'),
(68, 'tds', '2020-05-18', 183, 3, '2020-05-18 13:32:01', '2020-05-18 13:40:38'),
(69, 'gh', '2020-05-18', 183, 3, '2020-05-18 13:40:54', '2020-05-18 13:42:00'),
(70, 'uhh', '2020-05-18', 183, 3, '2020-05-18 13:42:13', '2020-05-18 13:45:21'),
(71, 'dd', '2020-05-18', 183, 3, '2020-05-18 13:45:36', '2020-05-18 13:45:36'),
(72, 'sbsb', '2012-05-05', 184, 3, '2020-05-19 03:40:35', '2020-05-19 03:40:35'),
(73, 'vvv', '2020-05-19', 185, 3, '2020-05-19 03:43:31', '2020-05-19 03:43:31'),
(74, 'bd', '2020-05-20', 186, 3, '2020-05-20 04:13:26', '2020-05-20 04:13:26'),
(75, 'ekonomi', '2020-06-17', 187, 3, '2020-06-17 07:56:26', '2020-06-17 07:56:26'),
(76, 'ngoding', '2020-06-17', 188, 3, '2020-06-17 08:13:12', '2020-06-17 08:13:12'),
(77, 'Ekonomi 1', '2020-06-18', 189, 3, '2020-06-18 00:47:24', '2020-06-18 00:47:24'),
(79, 'ngoding', '2020-06-26', 190, 3, '2020-06-18 01:14:59', '2020-06-18 12:53:37'),
(81, 'shsb', '2020-06-18', 191, 3, '2020-06-18 12:30:34', '2020-06-18 12:30:34'),
(82, 'bsb', '2020-06-18', 192, 3, '2020-06-18 12:31:17', '2020-06-18 12:31:17'),
(83, 'Tari Tradisional', '2020-06-18', 193, 3, '2020-06-18 12:33:08', '2020-06-18 12:33:08'),
(84, 'Desain Grafis', '2020-06-18', 194, 3, '2020-06-18 12:35:06', '2020-06-18 12:35:06'),
(85, 'snsnsn', '2020-06-18', 195, 3, '2020-06-18 12:39:40', '2020-06-18 12:39:40'),
(86, 'bsbs', '2020-06-18', 196, 3, '2020-06-18 13:04:51', '2020-06-18 13:04:51'),
(87, 'bsbs', '2020-06-18', 197, 3, '2020-06-18 13:05:06', '2020-06-18 13:05:06'),
(88, 'bsbs', '2020-06-18', 198, 3, '2020-06-18 13:05:34', '2020-06-18 13:05:34'),
(89, 'bhh', '2020-06-18', 199, 3, '2020-06-18 13:11:52', '2020-06-18 13:11:52'),
(90, 'HTML Programming', '2020-06-19', 200, 3, '2020-06-19 05:14:31', '2020-06-19 05:24:09'),
(91, 'Design Grafis', '2020-06-19', 201, 3, '2020-06-19 11:52:47', '2020-06-19 11:52:47'),
(93, 'Sesi 1', '2020-06-26', 202, 3, '2020-06-20 12:44:51', '2020-07-31 14:19:41'),
(94, 'Sesi 2', '2020-07-28', 202, 3, '2020-06-23 11:26:46', '2020-08-02 01:29:16'),
(95, 'asd', '2020-06-24', 203, 3, '2020-06-24 09:09:44', '2020-06-24 09:09:44'),
(97, 'qe', '2020-06-30', 204, 3, '2020-06-30 03:50:44', '2020-06-30 03:50:44'),
(100, 'hhh', '2020-08-02', 205, 3, '2020-08-02 03:54:20', '2020-08-02 03:54:20'),
(101, 'asd', '2020-08-06', 206, 3, '2020-08-06 13:15:59', '2020-08-06 13:15:59'),
(102, 'pengenalan', '2020-08-15', 207, 3, '2020-08-15 05:17:18', '2020-08-15 05:17:18'),
(103, 'Pengenalan', '2020-08-15', 208, 3, '2020-08-15 05:20:59', '2020-08-15 05:20:59'),
(104, 'pengenalan', '2020-08-15', 209, 3, '2020-08-15 05:29:55', '2020-08-15 05:29:55'),
(105, 'pengenalan', '2020-08-15', 211, 3, '2020-08-15 05:35:05', '2020-08-15 05:35:05'),
(106, 'pengenalan', '2020-08-15', 212, 3, '2020-08-15 05:37:19', '2020-08-15 05:37:19'),
(107, 'ad', '2020-08-15', 213, 2, '2020-08-15 05:44:29', '2020-08-15 05:44:29'),
(108, 'ad', '2020-08-15', 214, 2, '2020-08-15 05:45:29', '2020-08-15 05:45:29'),
(109, 'vsj', '2020-08-15', 215, 3, '2020-08-15 06:34:50', '2020-08-15 06:34:50'),
(110, 'Pengenalan Usaha', '2020-08-20', 216, 3, '2020-08-17 14:14:04', '2020-08-17 14:14:04'),
(111, 'Pengenalan Digital', '2020-08-17', 217, 3, '2020-08-17 14:55:21', '2020-08-17 14:55:21'),
(112, 'pengenalan', '2020-08-18', 218, 3, '2020-08-18 05:21:55', '2020-08-18 05:21:55'),
(113, 'pengenalan', '2020-08-18', 219, 3, '2020-08-18 05:22:01', '2020-08-18 05:22:01'),
(114, 'pengenalan', '2020-08-18', 220, 3, '2020-08-18 05:22:12', '2020-08-18 05:22:12'),
(115, 'pengenalan', '2020-08-18', 221, 3, '2020-08-18 05:22:21', '2020-08-18 05:22:21'),
(116, 'pengenalan', '2020-08-18', 222, 3, '2020-08-18 05:22:25', '2020-08-18 05:22:25'),
(117, 'pengenalan', '2020-08-18', 223, 3, '2020-08-18 05:22:28', '2020-08-18 05:22:28'),
(118, 'pengenalan', '2020-08-18', 224, 3, '2020-08-18 05:29:24', '2020-08-18 05:29:24'),
(119, 'hshs', '2020-08-18', 225, 3, '2020-08-18 05:31:08', '2020-08-18 05:31:08'),
(120, 'hshs', '2020-08-18', 226, 3, '2020-08-18 05:31:17', '2020-08-18 05:31:17'),
(121, 'hshs', '2020-08-18', 227, 3, '2020-08-18 05:32:29', '2020-08-18 05:32:29'),
(122, 'hshs', '2020-08-18', 228, 3, '2020-08-18 05:32:32', '2020-08-18 05:32:32'),
(123, 'hshs', '2020-08-18', 229, 3, '2020-08-18 05:32:52', '2020-08-18 05:32:52'),
(124, 'hd', '2020-08-18', 230, 3, '2020-08-18 05:40:33', '2020-08-18 05:40:33'),
(125, 'hd', '2020-08-18', 231, 3, '2020-08-18 05:40:48', '2020-08-18 05:40:48'),
(126, 'hsh', '2020-08-18', 232, 3, '2020-08-18 05:54:01', '2020-08-18 05:54:01'),
(127, 'ad', '2020-01-01', 233, 2, '2020-08-18 05:56:28', '2020-08-18 05:56:28'),
(128, 'hsh', '2020-08-18', 234, 3, '2020-08-18 05:57:06', '2020-08-18 05:57:06'),
(129, 'nsbbs', '2020-08-18', 235, 3, '2020-08-18 12:37:25', '2020-08-18 12:37:25'),
(130, 'hsh', '2020-08-18', 236, 3, '2020-08-18 12:41:28', '2020-08-18 12:41:28'),
(131, 'hsgbs', '2020-08-20', 237, 3, '2020-08-18 12:42:28', '2020-08-18 12:42:28');

-- --------------------------------------------------------

--
-- Table structure for table `event_type`
--

CREATE TABLE `event_type` (
  `id` int(11) NOT NULL,
  `name` varchar(100) NOT NULL,
  `description` varchar(255) DEFAULT NULL
) ENGINE=InnoDB DEFAULT CHARSET=utf8;

--
-- Dumping data for table `event_type`
--

INSERT INTO `event_type` (`id`, `name`, `description`) VALUES
(1, 'Meeting', ''),
(2, 'Incentives', ''),
(3, 'Conferences', ''),
(4, 'Exhibitions', '');

-- --------------------------------------------------------

--
-- Table structure for table `migration`
--

CREATE TABLE `migration` (
  `version` varchar(180) NOT NULL,
  `apply_time` int(11) DEFAULT NULL
) ENGINE=InnoDB DEFAULT CHARSET=utf8mb4;

--
-- Dumping data for table `migration`
--

INSERT INTO `migration` (`version`, `apply_time`) VALUES
('m000000_000000_base', 1571401174),
('m130524_201442_init', 1571401186),
('m190124_110200_add_verification_token_column_to_user_table', 1571401186);

-- --------------------------------------------------------

--
-- Table structure for table `migrations`
--

CREATE TABLE `migrations` (
  `id` int(10) UNSIGNED NOT NULL,
  `migration` varchar(255) COLLATE utf8mb4_unicode_ci NOT NULL,
  `batch` int(11) NOT NULL
) ENGINE=InnoDB DEFAULT CHARSET=utf8mb4 COLLATE=utf8mb4_unicode_ci;

--
-- Dumping data for table `migrations`
--

INSERT INTO `migrations` (`id`, `migration`, `batch`) VALUES
(1, '2019_11_02_074352__table_user', 1),
(2, '2020_03_28_020111_create_trigger_event', 1);

-- --------------------------------------------------------

--
-- Table structure for table `participant`
--

CREATE TABLE `participant` (
  `id` int(11) NOT NULL,
  `event_id` int(11) NOT NULL,
  `user_id` int(11) NOT NULL,
  `kit` varchar(10) DEFAULT NULL,
  `register` varchar(10) DEFAULT NULL,
  `activation_code` varchar(45) DEFAULT NULL,
  `payment` int(11) DEFAULT NULL,
  `payment_status` varchar(15) DEFAULT NULL,
  `participant_group_id` int(11) NOT NULL,
  `payment_type_id` int(11) DEFAULT NULL,
  `created_at` timestamp NULL DEFAULT NULL,
  `updated_at` timestamp NULL DEFAULT NULL
) ENGINE=InnoDB DEFAULT CHARSET=utf8;

--
-- Dumping data for table `participant`
--

INSERT INTO `participant` (`id`, `event_id`, `user_id`, `kit`, `register`, `activation_code`, `payment`, `payment_status`, `participant_group_id`, `payment_type_id`, `created_at`, `updated_at`) VALUES
(1, 1, 185, 'Sudah', 'Sudah', '100548957', 384, 'Lunas', 2, 1, NULL, NULL),
(2, 1, 186, 'Belum', 'Belum', '', 0, 'Lunas', 2, 1, NULL, NULL),
(3, 1, 187, 'Belum', 'Sudah', '', 0, 'Lunas', 2, 1, NULL, NULL),
(4, 1, 188, 'Sudah', 'Sudah', '100329013', 613, 'Lunas', 2, 1, NULL, NULL),
(5, 1, 189, '', '', '', 0, 'Lunas', 2, 1, NULL, NULL),
(6, 1, 190, '', '', '', 0, 'Lunas', 2, 1, NULL, NULL),
(7, 1, 191, 'Sudah', 'Sudah', '100655635', 337, 'Lunas', 1, 1, NULL, NULL),
(8, 1, 192, '', '', '', 0, 'Lunas', 2, 1, NULL, NULL),
(9, 1, 193, '', '', '', 0, 'Lunas', 2, 1, NULL, NULL),
(10, 1, 194, '', '', '', 0, 'Lunas', 2, 1, NULL, NULL),
(11, 1, 195, '', '', '', 0, 'Lunas', 2, 1, NULL, NULL),
(12, 1, 196, '', '', '', 0, 'Lunas', 3, 1, NULL, NULL),
(13, 1, 197, '', '', '', 0, 'Lunas', 3, 1, NULL, NULL),
(14, 1, 198, 'Belum', 'Belum', '', 0, 'Lunas', 1, 1, NULL, NULL),
(15, 1, 199, '', '', '', 0, 'Lunas', 3, 1, NULL, NULL),
(16, 1, 200, 'Belum', 'Belum', '0', 0, 'Lunas', 1, 1, NULL, NULL),
(17, 1, 201, '', '', '', 0, 'Lunas', 3, 1, NULL, NULL),
(18, 1, 202, '', '', '', 0, 'Lunas', 3, 1, NULL, NULL),
(19, 1, 203, 'Sudah', 'Sudah', '100809146', 787, 'Lunas', 3, 1, NULL, NULL),
(20, 1, 204, '', '', '', 0, 'Lunas', 3, 1, NULL, NULL),
(21, 1, 205, '', '', '', 0, 'Lunas', 3, 1, NULL, NULL),
(22, 1, 206, '', '', '', 0, 'Lunas', 3, 1, NULL, NULL),
(23, 1, 207, 'Sudah', 'Sudah', '100294016', 534, 'Lunas', 1, 1, NULL, NULL),
(24, 1, 208, 'Sudah', 'Sudah', '100684757', 380, 'Lunas', 1, 1, NULL, NULL),
(25, 1, 209, '', '', '', 0, 'Lunas', 4, 1, NULL, NULL),
(26, 1, 210, '', '', '', 0, 'Lunas', 4, 1, NULL, NULL),
(27, 1, 211, 'Sudah', 'Sudah', '100739119', 535, 'Lunas', 1, 1, NULL, NULL),
(28, 1, 212, 'Sudah', 'Sudah', '100528362', 511, 'Lunas', 1, 1, NULL, NULL),
(29, 1, 213, 'Sudah', 'Sudah', '100422952', 348, 'Lunas', 1, 1, NULL, NULL),
(30, 1, 214, '', '', '', 0, 'Lunas', 4, 1, NULL, NULL),
(31, 1, 215, 'Sudah', 'Sudah', '200681668', 514, 'Lunas', 1, 1, NULL, NULL),
(32, 1, 216, 'Sudah', 'Sudah', '100191999', 532, 'Lunas', 1, 1, NULL, NULL),
(33, 1, 217, '', '', '', 0, 'Lunas', 4, 1, NULL, NULL),
(34, 1, 218, '', '', '', 0, 'Lunas', 5, 1, NULL, NULL),
(35, 1, 219, '', '', '', 0, 'Lunas', 5, 1, NULL, NULL),
(36, 1, 220, '', '', '', 0, 'Lunas', 5, 1, NULL, NULL),
(37, 1, 221, '', '', '', 0, 'Lunas', 5, 1, NULL, NULL),
(38, 1, 222, '', '', '', 0, 'Lunas', 5, 1, NULL, NULL),
(39, 1, 223, '', '', '', 0, 'Lunas', 5, 1, NULL, NULL),
(40, 1, 224, '', '', '', 0, 'Lunas', 5, 1, NULL, NULL),
(41, 1, 225, '', '', '', 0, 'Lunas', 5, 1, NULL, NULL),
(42, 1, 226, 'Sudah', 'Sudah', '100339675', 62, 'Lunas', 1, 1, NULL, NULL),
(43, 1, 227, '', '', '', 0, 'Lunas', 5, 1, NULL, NULL),
(44, 1, 228, 'Sudah', 'Sudah', '100493628', 370, 'Lunas', 1, 1, NULL, NULL),
(45, 1, 229, 'Sudah', 'Sudah', '100825709', 388, 'Lunas', 1, 1, NULL, NULL),
(46, 1, 230, 'Sudah', 'Sudah', '100549132', 603, 'Lunas', 1, 1, NULL, NULL),
(47, 1, 231, '', '', '', 0, 'Lunas', 6, 1, NULL, NULL),
(48, 1, 232, 'Sudah', 'Sudah', '100137930', 376, 'Lunas', 1, 1, NULL, NULL),
(49, 1, 233, '', '', '', 0, 'Lunas', 6, 1, NULL, NULL),
(50, 1, 234, '', '', '', 0, 'Lunas', 6, 1, NULL, NULL),
(51, 1, 235, 'Sudah', 'Sudah', '100975955', 505, 'Lunas', 1, 1, NULL, NULL),
(52, 1, 236, '', '', '', 0, 'Lunas', 6, 1, NULL, NULL),
(53, 1, 237, '', '', '', 0, 'Lunas', 6, 1, NULL, NULL),
(54, 1, 238, 'Sudah', 'Sudah', '100040403', 68, 'Lunas', 1, 1, NULL, NULL),
(55, 1, 239, '', '', '', 0, 'Lunas', 6, 1, NULL, NULL),
(56, 1, 240, '', '', '', 0, 'Lunas', 7, 1, NULL, NULL),
(57, 1, 241, 'Sudah', 'Sudah', '100325518', 373, 'Lunas', 1, 1, NULL, NULL),
(58, 1, 242, '', '', '', 0, 'Lunas', 7, 1, NULL, NULL),
(59, 1, 243, 'Sudah', 'Sudah', '100402402', 341, 'Lunas', 1, 1, NULL, NULL),
(60, 1, 244, '', '', '', 0, 'Lunas', 7, 1, NULL, NULL),
(61, 1, 245, '', '', '', 0, 'Lunas', 7, 1, NULL, NULL),
(62, 1, 246, 'Sudah', 'Sudah', '100647559', 488, 'Lunas', 1, 1, NULL, NULL),
(63, 1, 247, '', '', '', 0, 'Lunas', 7, 1, NULL, NULL),
(64, 1, 248, 'Sudah', 'Sudah', '100088154', 789, 'Lunas', 1, 1, NULL, NULL),
(65, 1, 249, 'Sudah', 'Sudah', '100837345', 343, 'Lunas', 1, 1, NULL, NULL),
(66, 1, 250, 'Sudah', 'Sudah', '100994951', 788, 'Lunas', 1, 1, NULL, NULL),
(67, 1, 251, 'Sudah', 'Sudah', '100065701', 569, 'Lunas', 1, 1, NULL, NULL),
(68, 1, 252, 'Sudah', 'Sudah', '100538473', 508, 'Lunas', 1, 1, NULL, NULL),
(69, 1, 253, '', '', '', 0, 'Lunas', 8, 1, NULL, NULL),
(70, 1, 254, '', '', '', 0, 'Lunas', 8, 1, NULL, NULL),
(71, 1, 255, '', '', '', 0, 'Lunas', 8, 1, NULL, NULL),
(72, 1, 256, '', '', '', 0, 'Lunas', 8, 1, NULL, NULL),
(73, 1, 257, '', '', '', 0, 'Lunas', 8, 1, NULL, NULL),
(74, 1, 258, '', '', '', 0, 'Lunas', 8, 1, NULL, NULL),
(75, 1, 259, 'Sudah', 'Sudah', '100906831', 486, 'Lunas', 1, 1, NULL, NULL),
(76, 1, 260, '', '', '', 0, 'Lunas', 8, 1, NULL, NULL),
(77, 1, 261, '', '', '', 0, 'Lunas', 8, 1, NULL, NULL),
(78, 1, 262, '', '', '', 0, 'Lunas', 9, 1, NULL, NULL),
(79, 1, 263, 'Sudah', 'Sudah', '100877769', 521, 'Lunas', 1, 1, NULL, NULL),
(80, 1, 264, 'Sudah', 'Sudah', '100971254', 396, 'Lunas', 1, 1, NULL, NULL),
(81, 1, 265, '', '', '', 0, 'Lunas', 9, 1, NULL, NULL),
(82, 1, 266, '', '', '', 0, 'Lunas', 9, 1, NULL, NULL),
(83, 1, 267, 'Sudah', 'Sudah', '100600961', 58, 'Lunas', 1, 1, NULL, NULL),
(84, 1, 268, '', '', '', 0, 'Lunas', 9, 1, NULL, NULL),
(85, 1, 269, 'Sudah', 'Sudah', '100881570', 500, 'Lunas', 1, 1, NULL, NULL),
(86, 1, 270, '', '', '', 0, 'Lunas', 1, 1, NULL, NULL),
(87, 1, 271, 'Sudah', 'Sudah', '100390777', 393, 'Lunas', 1, 1, NULL, NULL),
(88, 1, 272, 'Sudah', 'Sudah', '100340103', 786, 'Lunas', 1, 1, NULL, NULL),
(89, 1, 273, 'Sudah', 'Sudah', '100684331', 66, 'Lunas', 1, 1, NULL, NULL),
(90, 1, 274, 'Sudah', 'Sudah', '100563324', 371, 'Lunas', 1, 1, NULL, NULL),
(91, 1, 275, '', '', '', 0, 'Lunas', 1, 1, NULL, NULL),
(92, 1, 276, '', '', '', 0, 'Lunas', 1, 1, NULL, NULL),
(93, 1, 277, 'Sudah', 'Sudah', '100389621', 385, 'Lunas', 1, 1, NULL, NULL),
(94, 1, 278, '', '', '', 0, 'Lunas', 1, 1, NULL, NULL),
(95, 1, 279, '', '', '', 0, 'Lunas', 1, 1, NULL, NULL),
(96, 1, 280, '', '', '', 0, 'Lunas', 1, 1, NULL, NULL),
(97, 1, 281, '', '', '', 0, 'Lunas', 1, 1, NULL, NULL),
(98, 1, 282, '', '', '', 0, 'Lunas', 1, 1, NULL, NULL),
(99, 1, 283, '', '', '', 0, 'Lunas', 1, 1, NULL, NULL),
(100, 1, 284, 'Sudah', 'Sudah', '100132925', 529, 'Lunas', 1, 1, NULL, NULL),
(101, 1, 285, 'Sudah', 'Sudah', '100628929', 387, 'Lunas', 1, 1, NULL, NULL),
(102, 1, 286, 'Sudah', 'Sudah', '100693311', 358, 'Lunas', 1, 1, NULL, NULL),
(103, 1, 287, 'Sudah', 'Sudah', '100604523', 359, 'Lunas', 1, 1, NULL, NULL),
(104, 1, 288, '', '', '', 0, 'Lunas', 1, 1, NULL, NULL),
(105, 1, 289, '', '', '', 0, 'Lunas', 1, 1, NULL, NULL),
(106, 1, 290, '', '', '', 0, 'Lunas', 1, 1, NULL, NULL),
(107, 1, 291, '', '', '', 0, 'Lunas', 1, 1, NULL, NULL),
(108, 1, 292, 'Sudah', 'Sudah', '100918077', 543, 'Lunas', 1, 1, NULL, NULL),
(109, 1, 293, '', '', '', 0, 'Lunas', 1, 1, NULL, NULL),
(110, 1, 294, '', '', '', 0, 'Lunas', 1, 1, NULL, NULL),
(111, 1, 295, 'Sudah', 'Sudah', '100660478', 497, 'Lunas', 1, 1, NULL, NULL),
(112, 1, 296, '', '', '', 0, 'Lunas', 1, 1, NULL, NULL),
(113, 1, 297, '', '', '', 0, 'Lunas', 1, 1, NULL, NULL),
(114, 1, 298, '', '', '', 0, 'Lunas', 1, 1, NULL, NULL),
(115, 1, 299, '', '', '', 0, 'Lunas', 1, 1, NULL, NULL),
(116, 1, 300, 'Sudah', 'Sudah', '100692810', 375, 'Lunas', 1, 1, NULL, NULL),
(117, 1, 301, '', '', '', 0, 'Lunas', 1, 1, NULL, NULL),
(118, 1, 302, '', '', '', 0, 'Lunas', 1, 1, NULL, NULL),
(119, 1, 303, '', '', '', 0, 'Lunas', 1, 1, NULL, NULL),
(120, 1, 304, 'Sudah', 'Sudah', '100092829', 389, 'Lunas', 1, 1, NULL, NULL),
(121, 1, 305, '', '', '', 0, 'Lunas', 1, 1, NULL, NULL),
(122, 1, 306, '', '', '', 0, 'Lunas', 1, 1, NULL, NULL),
(123, 1, 307, '', '', '', 0, 'Lunas', 1, 1, NULL, NULL),
(124, 1, 308, '', '', '', 0, 'Lunas', 1, 1, NULL, NULL),
(125, 1, 309, '', '', '', 0, 'Lunas', 1, 1, NULL, NULL),
(126, 1, 310, '', '', '', 0, 'Lunas', 1, 1, NULL, NULL),
(127, 1, 311, 'Sudah', 'Sudah', '100492344', 528, 'Lunas', 1, 1, NULL, NULL),
(128, 1, 312, 'Sudah', 'Sudah', '100801123', 350, 'Lunas', 1, 1, NULL, NULL),
(129, 1, 313, '', '', '', 0, 'Lunas', 1, 1, NULL, NULL),
(130, 1, 314, '', '', '', 0, 'Lunas', 1, 1, NULL, NULL),
(131, 1, 315, '', '', '', 0, 'Lunas', 1, 1, NULL, NULL),
(132, 1, 316, 'Sudah', 'Sudah', '100942047', 77, 'Lunas', 1, 1, NULL, NULL),
(133, 1, 317, '', '', '', 0, 'Lunas', 1, 1, NULL, NULL),
(134, 1, 318, '', '', '', 0, 'Lunas', 1, 1, NULL, NULL),
(135, 1, 319, '', '', '', 0, 'Lunas', 1, 1, NULL, NULL),
(136, 1, 320, '', '', '', 0, 'Lunas', 1, 1, NULL, NULL),
(137, 1, 321, '', '', '', 0, 'Lunas', 1, 1, NULL, NULL),
(138, 1, 322, '', '', '', 0, 'Lunas', 1, 1, NULL, NULL),
(139, 1, 323, 'Sudah', 'Sudah', '100926066', 356, 'Lunas', 1, 1, NULL, NULL),
(140, 1, 324, 'Sudah', 'Sudah', '100922454', 388, 'Lunas', 1, 1, NULL, NULL),
(141, 1, 325, 'Sudah', 'Sudah', '', 0, 'Lunas', 1, 1, NULL, NULL),
(142, 1, 326, '', '', '', 0, 'Lunas', 1, 1, NULL, NULL),
(143, 1, 327, '', '', '', 0, 'Lunas', 1, 1, NULL, NULL),
(144, 1, 328, '', '', '', 0, 'Lunas', 1, 1, NULL, NULL),
(145, 1, 329, '', '', '', 0, 'Lunas', 1, 1, NULL, NULL),
(146, 1, 330, '', '', '', 0, 'Lunas', 1, 1, NULL, NULL),
(147, 1, 331, '', '', '', 0, 'Lunas', 1, 1, NULL, NULL),
(148, 1, 332, '', '', '', 0, 'Lunas', 1, 1, NULL, NULL),
(149, 1, 333, '', '', '', 0, 'Lunas', 1, 1, NULL, NULL),
(150, 1, 334, '', '', '', 0, 'Lunas', 1, 1, NULL, NULL),
(151, 1, 335, '', '', '', 0, 'Lunas', 1, 1, NULL, NULL),
(152, 1, 336, '', '', '', 0, 'Lunas', 1, 1, NULL, NULL),
(153, 1, 337, '', '', '', 0, 'Lunas', 1, 1, NULL, NULL),
(154, 1, 338, 'Belum', 'Belum', '', 0, 'Lunas', 1, 1, NULL, NULL),
(155, 1, 339, '', '', '', 0, 'Lunas', 1, 1, NULL, NULL),
(156, 1, 340, 'Sudah', 'Sudah', '*100231131*', 1, 'Lunas', 1, 1, NULL, NULL),
(157, 1, 341, 'Sudah', 'Sudah', '100454014', 364, 'Lunas', 1, 1, NULL, NULL),
(158, 1, 342, '', '', '', 0, 'Lunas', 1, 1, NULL, NULL),
(159, 1, 343, '', '', '', 0, 'Lunas', 1, 1, NULL, NULL),
(160, 1, 344, '', '', '', 0, 'Lunas', 1, 1, NULL, NULL),
(161, 1, 345, '', '', '', 0, 'Lunas', 1, 1, NULL, NULL),
(162, 1, 346, 'Sudah', 'Sudah', '100934657', 609, 'Lunas', 1, 1, NULL, NULL),
(163, 1, 347, '', '', '', 0, 'Lunas', 1, 1, NULL, NULL),
(164, 1, 348, 'Sudah', 'Sudah', '100387822', 533, 'Lunas', 1, 1, NULL, NULL),
(165, 1, 349, '', '', '', 0, 'Lunas', 1, 1, NULL, NULL),
(166, 1, 350, '', '', '', 0, 'Lunas', 1, 1, NULL, NULL),
(167, 1, 351, 'Sudah', 'Sudah', '100426381', 340, 'Lunas', 1, 1, NULL, NULL),
(168, 1, 352, '', '', '', 0, 'Lunas', 1, 1, NULL, NULL),
(169, 1, 353, 'Sudah', 'Sudah', '100353528', 374, 'Lunas', 1, 1, NULL, NULL),
(170, 1, 354, 'Sudah', 'Sudah', '100466464', 531, 'Lunas', 1, 1, NULL, NULL),
(171, 1, 355, 'Sudah', 'Sudah', '100521998', 482, 'Lunas', 1, 1, NULL, NULL),
(172, 1, 356, '', '', '', 0, 'Lunas', 1, 1, NULL, NULL),
(173, 1, 357, '', '', '', 0, 'Lunas', 1, 1, NULL, NULL),
(174, 1, 358, '', '', '', 0, 'Lunas', 1, 1, NULL, NULL),
(175, 1, 359, 'Sudah', 'Sudah', '100066663', 351, 'Lunas', 1, 1, NULL, NULL),
(176, 1, 360, 'Sudah', 'Sudah', '100029877', 352, 'Lunas', 1, 1, NULL, NULL),
(177, 1, 361, 'Sudah', 'Sudah', '100137930', 376, 'Lunas', 1, 1, NULL, NULL),
(178, 1, 362, '', '', '', 0, 'Lunas', 1, 1, NULL, NULL),
(179, 1, 363, 'Sudah', 'Sudah', '100325518', 373, 'Lunas', 1, 1, NULL, NULL),
(180, 1, 364, '', '', '', 0, 'Lunas', 1, 1, NULL, NULL),
(181, 1, 365, '', '', '', 0, 'Lunas', 1, 1, NULL, NULL),
(182, 1, 366, '', '', '', 0, 'Lunas', 1, 1, NULL, NULL),
(183, 1, 367, '', '', '', 0, 'Lunas', 1, 1, NULL, NULL),
(184, 1, 368, 'Sudah', 'Sudah', '100493628', 370, 'Lunas', 1, 1, NULL, NULL),
(185, 1, 369, '', '', '', 0, 'Lunas', 1, 1, NULL, NULL),
(186, 1, 370, '', '', '', 0, 'Lunas', 1, 1, NULL, NULL),
(187, 1, 371, '', '', '', 0, 'Lunas', 1, 1, NULL, NULL),
(188, 1, 372, 'Sudah', 'Sudah', '100859831', 600, 'Lunas', 1, 1, NULL, NULL),
(189, 1, 373, '', '', '', 0, 'Lunas', 1, 1, NULL, NULL),
(190, 1, 374, '', '', '', 0, 'Lunas', 1, 1, NULL, NULL),
(191, 1, 375, '', '', '', 0, 'Lunas', 1, 1, NULL, NULL),
(192, 1, 376, '', '', '', 0, 'Lunas', 1, 1, NULL, NULL),
(193, 1, 377, '', '', '', 0, 'Lunas', 1, 1, NULL, NULL),
(194, 1, 378, 'Sudah', 'Sudah', '100164310', 549, 'Lunas', 1, 1, NULL, NULL),
(195, 1, 379, '', '', '', 0, 'Lunas', 1, 1, NULL, NULL),
(196, 1, 380, 'Sudah', 'Sudah', '100264936', 57, 'Lunas', 1, 1, NULL, NULL),
(197, 1, 381, 'Sudah', 'Sudah', '100541381', 503, 'Lunas', 1, 1, NULL, NULL),
(198, 1, 382, 'Sudah', 'Sudah', '', 0, 'Lunas', 1, 1, NULL, NULL),
(199, 1, 383, 'Sudah', 'Sudah', '100200667', 342, 'Lunas', 1, 1, NULL, NULL),
(200, 1, 384, '', '', '', 0, 'Lunas', 1, 1, NULL, NULL),
(201, 1, 385, '', '', '', 0, 'Lunas', 1, 1, NULL, NULL),
(202, 1, 386, '', '', '', 0, 'Lunas', 1, 1, NULL, NULL),
(203, 1, 387, '', '', '', 0, 'Lunas', 1, 1, NULL, NULL),
(204, 1, 388, '', '', '', 0, 'Lunas', 1, 1, NULL, NULL),
(205, 1, 389, '', '', '', 0, 'Lunas', 1, 1, NULL, NULL),
(206, 1, 390, '', '', '', 0, 'Lunas', 1, 1, NULL, NULL),
(207, 1, 391, 'Sudah', 'Sudah', '100297085', 498, 'Lunas', 1, 1, NULL, NULL),
(208, 1, 392, '', '', '', 0, 'Lunas', 1, 1, NULL, NULL),
(209, 1, 393, '', '', '', 0, 'Lunas', 1, 1, NULL, NULL),
(210, 1, 394, '', '', '', 0, 'Lunas', 1, 1, NULL, NULL),
(211, 1, 395, '', '', '', 0, 'Lunas', 1, 1, NULL, NULL),
(212, 1, 396, '', '', '', 0, 'Lunas', 1, 1, NULL, NULL),
(213, 1, 397, '', '', '', 0, 'Lunas', 1, 1, NULL, NULL),
(214, 1, 398, '', '', '', 0, 'Lunas', 1, 1, NULL, NULL),
(215, 1, 399, '', '', '', 0, 'Lunas', 1, 1, NULL, NULL),
(216, 1, 400, '', '', '', 0, 'Lunas', 1, 1, NULL, NULL),
(217, 1, 401, '', '', '', 0, 'Lunas', 1, 1, NULL, NULL),
(218, 1, 402, '', '', '', 0, 'Lunas', 1, 1, NULL, NULL),
(219, 1, 403, 'Sudah', 'Sudah', '100427653', 530, 'Lunas', 1, 1, NULL, NULL),
(220, 1, 404, '', '', '', 0, 'Lunas', 1, 1, NULL, NULL),
(221, 1, 405, '', '', '', 0, 'Lunas', 1, 1, NULL, NULL),
(222, 1, 406, '', '', '', 0, 'Lunas', 1, 1, NULL, NULL),
(223, 1, 407, 'Sudah', 'Sudah', '100159066', 363, 'Lunas', 1, 1, NULL, NULL),
(224, 1, 408, '', '', '', 0, 'Lunas', 1, 1, NULL, NULL),
(225, 1, 409, '', '', '', 0, 'Lunas', 1, 1, NULL, NULL),
(226, 1, 410, '', '', '', 0, 'Lunas', 1, 1, NULL, NULL),
(227, 1, 411, '', '', '', 0, 'Lunas', 1, 1, NULL, NULL),
(228, 1, 412, '', '', '', 0, 'Lunas', 1, 1, NULL, NULL),
(229, 1, 413, '', '', '', 0, 'Lunas', 1, 1, NULL, NULL),
(230, 1, 414, '', '', '', 0, 'Lunas', 1, 1, NULL, NULL),
(231, 1, 415, '', '', '', 0, 'Lunas', 1, 1, NULL, NULL),
(232, 1, 416, '', '', '', 0, 'Lunas', 1, 1, NULL, NULL),
(233, 1, 417, '', '', '', 0, 'Lunas', 1, 1, NULL, NULL),
(234, 1, 418, '', '', '', 0, 'Lunas', 1, 1, NULL, NULL),
(235, 1, 419, '', '', '', 0, 'Lunas', 1, 1, NULL, NULL),
(236, 1, 420, 'Sudah', 'Sudah', '100154967', 568, 'Lunas', 1, 1, NULL, NULL),
(237, 1, 421, '', '', '', 0, 'Lunas', 1, 1, NULL, NULL),
(238, 1, 422, '', '', '', 0, 'Lunas', 1, 1, NULL, NULL),
(239, 1, 423, 'Sudah', 'Sudah', '100203531', 501, 'Lunas', 1, 1, NULL, NULL),
(240, 1, 424, '', '', '', 0, 'Lunas', 1, 1, NULL, NULL),
(241, 1, 425, 'Sudah', 'Sudah', '100790548', 485, 'Lunas', 1, 1, NULL, NULL),
(242, 1, 426, '', '', '', 0, 'Lunas', 10, 1, NULL, NULL),
(243, 1, 427, '', '', '', 0, 'Lunas', 10, 1, NULL, NULL),
(244, 1, 428, '', '', '', 0, 'Lunas', 10, 1, NULL, NULL),
(245, 1, 429, 'Sudah', 'Sudah', '100709040', 566, 'Lunas', 1, 1, NULL, NULL),
(246, 1, 430, 'Sudah', 'Sudah', '100591613', 70, 'Lunas', 1, 1, NULL, NULL),
(247, 1, 431, 'Sudah', 'Sudah', '100618844', 513, 'Lunas', 1, 1, NULL, NULL),
(248, 1, 432, '', '', '', 0, 'Lunas', 10, 1, NULL, NULL),
(249, 1, 433, 'Sudah', 'Sudah', '100932314', 563, 'Lunas', 1, 1, NULL, NULL),
(250, 1, 434, 'Sudah', 'Sudah', '100877310', 565, 'Lunas', 1, 1, NULL, NULL),
(251, 1, 435, '', '', '', 0, 'Lunas', 10, 1, NULL, NULL),
(252, 1, 436, '', '', '', 0, 'Lunas', 10, 1, NULL, NULL),
(253, 1, 437, '', '', '', 0, 'Lunas', 10, 1, NULL, NULL),
(254, 1, 438, '', '', '', 0, 'Lunas', 10, 1, NULL, NULL),
(255, 1, 439, 'Sudah', 'Sudah', '100146443', 522, 'Lunas', 1, 1, NULL, NULL),
(256, 1, 440, 'Sudah', 'Sudah', '100068968', 80, 'Lunas', 1, 1, NULL, NULL),
(257, 1, 441, '', '', '', 0, 'Lunas', 10, 1, NULL, NULL),
(258, 1, 442, '', '', '', 0, 'Lunas', 10, 1, NULL, NULL),
(259, 1, 443, '', '', '', 0, 'Lunas', 10, 1, NULL, NULL),
(260, 1, 444, '', '', '', 0, 'Lunas', 10, 1, NULL, NULL),
(261, 1, 445, '', '', '', 0, 'Lunas', 10, 1, NULL, NULL),
(262, 1, 446, '', '', '', 0, 'Lunas', 10, 1, NULL, NULL),
(263, 1, 447, '', '', '', 0, 'Lunas', 10, 1, NULL, NULL),
(264, 1, 448, 'Sudah', 'Sudah', '100347333', 515, 'Lunas', 1, 1, NULL, NULL),
(265, 1, 449, '', '', '', 0, 'Lunas', 10, 1, NULL, NULL),
(266, 1, 450, '', '', '', 0, 'Lunas', 10, 1, NULL, NULL),
(267, 1, 451, '', '', '', 0, 'Lunas', 10, 1, NULL, NULL),
(268, 1, 452, '', '', '', 0, 'Lunas', 10, 1, NULL, NULL),
(269, 1, 453, '', '', '', 0, 'Lunas', 10, 1, NULL, NULL),
(270, 1, 454, '', '', '', 0, 'Lunas', 10, 1, NULL, NULL),
(271, 1, 455, '', '', '', 0, 'Lunas', 10, 1, NULL, NULL),
(272, 1, 456, '', '', '', 0, 'Lunas', 10, 1, NULL, NULL),
(273, 1, 457, '', '', '', 0, 'Lunas', 10, 1, NULL, NULL),
(274, 1, 458, 'Sudah', 'Sudah', '100005042', 554, 'Lunas', 1, 1, NULL, NULL),
(275, 1, 459, '', '', '', 0, 'Lunas', 10, 1, NULL, NULL),
(276, 1, 460, '', '', '', 0, 'Lunas', 10, 1, NULL, NULL),
(277, 1, 461, 'Sudah', 'Sudah', '100437103', 75, 'Lunas', 1, 1, NULL, NULL),
(278, 1, 462, 'Sudah', 'Sudah', '100607195', 74, 'Lunas', 1, 1, NULL, NULL),
(279, 1, 463, '', '', '', 0, 'Lunas', 10, 1, NULL, NULL),
(280, 1, 464, '', '', '', 0, 'Lunas', 10, 1, NULL, NULL),
(281, 1, 465, '', '', '', 0, 'Lunas', 10, 1, NULL, NULL),
(282, 1, 466, '', '', '', 0, 'FREE', 10, 1, NULL, NULL),
(283, 1, 467, '', '', '', 0, 'FREE', 10, 1, NULL, NULL),
(284, 1, 468, '', '', '', 0, 'FREE', 10, 1, NULL, NULL),
(285, 1, 469, '', '', '', 0, 'FREE', 10, 1, NULL, NULL),
(286, 1, 470, '', '', '', 0, 'Lunas', 11, 1, NULL, NULL),
(287, 1, 471, '', '', '', 0, 'Lunas', 11, 1, NULL, NULL),
(288, 1, 472, '', '', '', 0, 'Lunas', 11, 1, NULL, NULL),
(289, 1, 473, '', '', '', 0, 'Lunas', 11, 1, NULL, NULL),
(290, 1, 474, 'Sudah', 'Sudah', '100500078', 516, 'Lunas', 1, 1, NULL, NULL),
(291, 1, 475, '', '', '', 0, 'Lunas', 11, 1, NULL, NULL),
(292, 1, 476, '', '', '', 0, 'Lunas', 11, 1, NULL, NULL),
(293, 1, 477, '', '', '', 0, 'Lunas', 11, 1, NULL, NULL),
(294, 1, 478, '', '', '', 0, 'Lunas', 11, 1, NULL, NULL),
(295, 1, 479, 'Sudah', 'Sudah', '100600877', 484, 'Lunas', 1, 1, NULL, NULL),
(296, 1, 480, '', '', '', 0, 'Lunas', 11, 1, NULL, NULL),
(297, 1, 481, '', '', '', 0, 'Lunas', 12, 1, NULL, NULL),
(298, 1, 482, '', '', '', 0, 'Lunas', 12, 1, NULL, NULL),
(299, 1, 483, 'Sudah', 'Sudah', '100372453', 507, 'Lunas', 1, 1, NULL, NULL),
(300, 1, 484, '', '', '', 0, 'Lunas', 12, 1, NULL, NULL),
(301, 1, 485, '', '', '', 0, 'Lunas', 12, 1, NULL, NULL),
(302, 1, 486, '', '', '', 0, 'Lunas', 12, 1, NULL, NULL),
(303, 1, 487, '', '', '', 0, 'Lunas', 12, 1, NULL, NULL),
(304, 1, 488, '', '', '', 0, 'Lunas', 12, 1, NULL, NULL),
(305, 1, 489, '', '', '', 0, 'Lunas', 12, 1, NULL, NULL),
(306, 1, 490, '', '', '', 0, 'Lunas', 12, 1, NULL, NULL),
(307, 1, 491, '', '', '', 0, 'Lunas', 12, 1, NULL, NULL),
(308, 1, 492, '', '', '', 0, 'Lunas', 13, 1, NULL, NULL),
(309, 1, 493, '', '', '', 0, 'Lunas', 13, 1, NULL, NULL),
(310, 1, 494, '', '', '', 0, 'Lunas', 13, 1, NULL, NULL),
(311, 1, 495, '', '', '', 0, 'Lunas', 13, 1, NULL, NULL),
(312, 1, 496, '', '', '', 0, 'Lunas', 13, 1, NULL, NULL),
(313, 1, 497, '', '', '', 0, 'Lunas', 13, 1, NULL, NULL),
(314, 1, 498, '', '', '', 0, 'Lunas', 13, 1, NULL, NULL),
(315, 1, 499, 'Sudah', 'Sudah', '100698233', 390, 'Lunas', 1, 1, NULL, NULL),
(316, 1, 500, '', '', '', 0, 'Lunas', 13, 1, NULL, NULL),
(317, 1, 501, '', '', '', 0, 'Lunas', 13, 1, NULL, NULL),
(318, 1, 502, '', '', '', 0, 'Lunas', 14, 1, NULL, NULL),
(319, 1, 503, 'Sudah', 'Sudah', '100002185', 61, 'Lunas', 1, 1, NULL, NULL),
(320, 1, 504, '', '', '', 0, 'Lunas', 14, 1, NULL, NULL),
(321, 1, 505, '', '', '', 0, 'Lunas', 14, 1, NULL, NULL),
(322, 1, 506, '', '', '', 0, 'Lunas', 14, 1, NULL, NULL),
(323, 1, 507, '', '', '', 0, 'Lunas', 14, 1, NULL, NULL),
(324, 1, 508, '', '', '', 0, 'Lunas', 14, 1, NULL, NULL),
(325, 1, 509, '', '', '', 0, 'Lunas', 14, 1, NULL, NULL),
(326, 1, 510, '', '', '', 0, 'Lunas', 14, 1, NULL, NULL),
(327, 1, 511, '', '', '', 0, 'Lunas', 14, 1, NULL, NULL),
(328, 1, 512, '', '', '', 0, 'Lunas', 14, 1, NULL, NULL),
(329, 1, 513, '', '', '', 0, 'Lunas', 15, 1, NULL, NULL),
(330, 1, 514, 'Sudah', 'Sudah', '100858126', 7, 'Lunas', 1, 1, NULL, NULL),
(331, 1, 515, '', '', '', 0, 'Lunas', 15, 1, NULL, NULL),
(332, 1, 516, '', '', '', 0, 'Lunas', 15, 1, NULL, NULL),
(333, 1, 517, '', '', '', 0, 'Lunas', 15, 1, NULL, NULL),
(334, 1, 518, '', '', '', 0, 'Lunas', 15, 1, NULL, NULL),
(335, 1, 519, 'Sudah', 'Sudah', '100718287', 379, 'Lunas', 1, 1, NULL, NULL),
(336, 1, 520, 'Sudah', 'Sudah', '100097249', 65, 'Lunas', 1, 1, NULL, NULL),
(337, 1, 521, '', '', '', 0, 'Lunas', 15, 1, NULL, NULL),
(338, 1, 522, 'Sudah', 'Sudah', '100106297', 63, 'Lunas', 1, 1, NULL, NULL),
(339, 1, 523, 'Sudah', 'Sudah', '100536543', 480, 'Lunas', 1, 1, NULL, NULL),
(340, 1, 524, '', '', '', 0, 'Lunas', 16, 1, NULL, NULL),
(341, 1, 525, '', '', '', 0, 'Lunas', 16, 1, NULL, NULL),
(342, 1, 526, 'Sudah', 'Sudah', '100695149', 560, 'Lunas', 1, 1, NULL, NULL),
(343, 1, 527, 'Sudah', 'Sudah', '*100122603*', 6, 'Lunas', 1, 1, NULL, NULL),
(344, 1, 528, '', '', '', 0, 'Lunas', 16, 1, NULL, NULL),
(345, 1, 529, 'Sudah', 'Sudah', '100683425', 378, 'Lunas', 1, 1, NULL, NULL),
(346, 1, 530, 'Sudah', 'Sudah', '100569008', 605, 'Lunas', 1, 1, NULL, NULL),
(347, 1, 531, '', '', '', 0, 'Lunas', 16, 1, NULL, NULL),
(348, 1, 532, '', '', '', 0, 'Lunas', 16, 1, NULL, NULL),
(349, 1, 533, '', '', '', 0, 'Lunas', 16, 1, NULL, NULL),
(350, 1, 534, '', '', '', 0, 'Lunas', 16, 1, NULL, NULL),
(351, 1, 535, '', '', '', 0, 'Lunas', 17, 1, NULL, NULL),
(352, 1, 536, '', '', '', 0, 'Lunas', 17, 1, NULL, NULL),
(353, 1, 537, '', '', '', 0, 'Lunas', 17, 1, NULL, NULL),
(354, 1, 538, '', '', '', 0, 'Lunas', 17, 1, NULL, NULL),
(355, 1, 539, '', '', '', 0, 'Lunas', 17, 1, NULL, NULL),
(356, 1, 540, '', '', '', 0, 'Lunas', 17, 1, NULL, NULL),
(357, 1, 541, '', '', '', 0, 'Lunas', 17, 1, NULL, NULL),
(358, 1, 542, '', '', '', 0, 'Lunas', 17, 1, NULL, NULL),
(359, 1, 543, '', '', '', 0, 'Lunas', 17, 1, NULL, NULL),
(360, 1, 544, '', '', '', 0, 'Lunas', 17, 1, NULL, NULL),
(361, 1, 545, 'Sudah', 'Sudah', '100117264', 377, 'Lunas', 1, 1, NULL, NULL),
(362, 1, 546, '', '', '', 0, 'Lunas', 18, 1, NULL, NULL),
(363, 1, 547, '', '', '', 0, 'Lunas', 18, 1, NULL, NULL),
(364, 1, 548, '', '', '', 0, 'Lunas', 18, 1, NULL, NULL),
(365, 1, 549, '', '', '', 0, 'Lunas', 18, 1, NULL, NULL),
(366, 1, 550, '', '', '', 0, 'Lunas', 18, 1, NULL, NULL),
(367, 1, 551, '', '', '', 0, 'Lunas', 18, 1, NULL, NULL),
(368, 1, 552, '', '', '', 0, 'Lunas', 18, 1, NULL, NULL),
(369, 1, 553, '', '', '', 0, 'Lunas', 18, 1, NULL, NULL),
(370, 1, 554, '', '', '', 0, 'Lunas', 18, 1, NULL, NULL),
(371, 1, 555, 'Sudah', 'Sudah', '100473353', 524, 'Lunas', 1, 1, NULL, NULL),
(372, 1, 556, '', '', '', 0, 'Lunas', 18, 1, NULL, NULL),
(373, 1, 557, '', '', '', 0, 'Lunas', 18, 1, NULL, NULL),
(374, 1, 558, '', '', '', 0, 'Lunas', 19, 1, NULL, NULL),
(375, 1, 559, '', '', '', 0, 'Lunas', 19, 1, NULL, NULL),
(376, 1, 560, 'Sudah', 'Sudah', '100936418', 392, 'Lunas', 1, 1, NULL, NULL),
(377, 1, 561, '', '', '', 0, 'Lunas', 19, 1, NULL, NULL),
(378, 1, 562, '', '', '', 0, 'Lunas', 19, 1, NULL, NULL),
(379, 1, 563, '', '', '', 0, 'Lunas', 19, 1, NULL, NULL),
(380, 1, 564, '', '', '', 0, 'Lunas', 19, 1, NULL, NULL),
(381, 1, 565, '', '', '', 0, 'Lunas', 19, 1, NULL, NULL),
(382, 1, 566, '', '', '', 0, 'Lunas', 19, 1, NULL, NULL),
(383, 1, 567, '', '', '', 0, 'Lunas', 19, 1, NULL, NULL),
(384, 1, 568, '', '', '', 0, 'Lunas', 19, 1, NULL, NULL),
(385, 1, 569, '', '', '', 0, 'Lunas', 19, 1, NULL, NULL),
(386, 1, 570, 'Sudah', 'Sudah', '100612817', 395, 'Lunas', 1, 1, NULL, NULL),
(387, 1, 571, '', '', '', 0, 'Lunas', 19, 1, NULL, NULL),
(388, 1, 572, '', '', '', 0, 'Lunas', 19, 1, NULL, NULL),
(389, 1, 573, '', '', '', 0, 'Lunas', 19, 1, NULL, NULL),
(390, 1, 574, '', '', '', 0, 'Lunas', 19, 1, NULL, NULL),
(391, 1, 575, '', '', '', 0, 'Lunas', 19, 1, NULL, NULL),
(392, 1, 576, 'Sudah', 'Sudah', '100906660', 394, 'Lunas', 1, 1, NULL, NULL),
(393, 1, 577, '', '', '', 0, 'Lunas', 19, 1, NULL, NULL),
(394, 1, 578, '', '', '', 0, 'Lunas', 19, 1, NULL, NULL),
(395, 1, 579, '', '', '', 0, 'Lunas', 19, 1, NULL, NULL),
(396, 1, 580, 'Sudah', 'Sudah', '100649371', 553, 'Lunas', 1, 1, NULL, NULL),
(397, 1, 581, '', '', '', 0, 'Lunas', 19, 1, NULL, NULL),
(398, 1, 582, '', '', '', 0, 'Lunas', 19, 1, NULL, NULL),
(399, 1, 583, '', '', '', 0, 'Lunas', 20, 1, NULL, NULL),
(400, 1, 584, '', '', '', 0, 'Lunas', 20, 1, NULL, NULL),
(401, 1, 585, 'Sudah', 'Sudah', '100720480', 512, 'Lunas', 1, 1, NULL, NULL),
(402, 1, 586, 'Sudah', 'Sudah', '*100330626*', 5, 'Lunas', 1, 1, NULL, NULL),
(403, 1, 587, 'Sudah', 'Sudah', '100811301', 561, 'Lunas', 1, 1, NULL, NULL),
(404, 1, 588, '', '', '', 0, 'Lunas', 20, 1, NULL, NULL),
(405, 1, 589, '', '', '', 0, 'Lunas', 20, 1, NULL, NULL),
(406, 1, 590, '', '', '', 0, 'Lunas', 20, 1, NULL, NULL),
(407, 1, 591, '', '', '', 0, 'Lunas', 20, 1, NULL, NULL),
(408, 1, 592, 'Sudah', 'Sudah', '100838480', 72, 'Lunas', 1, 1, NULL, NULL),
(409, 1, 593, '', '', '', 0, 'Lunas', 20, 1, NULL, NULL),
(410, 1, 594, '', '', '', 0, 'Lunas', 20, 1, NULL, NULL),
(411, 1, 595, '', '', '', 0, 'Lunas', 20, 1, NULL, NULL),
(412, 1, 596, '', '', '', 0, 'Lunas', 20, 1, NULL, NULL),
(413, 1, 597, '', '', '', 0, 'Lunas', 21, 1, NULL, NULL),
(414, 1, 598, '', '', '', 0, 'Lunas', 21, 1, NULL, NULL),
(415, 1, 599, '', '', '', 0, 'Lunas', 21, 1, NULL, NULL),
(416, 1, 600, '', '', '', 0, 'Lunas', 21, 1, NULL, NULL),
(417, 1, 601, '', '', '', 0, 'Lunas', 21, 1, NULL, NULL),
(418, 1, 602, '', '', '', 0, 'Lunas', 21, 1, NULL, NULL),
(419, 1, 603, '', '', '', 0, 'Lunas', 21, 1, NULL, NULL),
(420, 1, 604, '', '', '', 0, 'Lunas', 21, 1, NULL, NULL),
(421, 1, 605, '', '', '', 0, 'Lunas', 21, 1, NULL, NULL),
(422, 1, 606, '', '', '', 0, 'Lunas', 21, 1, NULL, NULL),
(423, 1, 607, '', '', '', 0, 'Lunas', 21, 1, NULL, NULL),
(424, 1, 608, '', '', '', 0, 'Lunas', 21, 1, NULL, NULL),
(425, 1, 609, 'Sudah', 'Sudah', '100949652', 567, 'Lunas', 1, 1, NULL, NULL),
(426, 1, 610, 'Sudah', 'Sudah', '100136285', 399, 'Lunas', 1, 1, NULL, NULL),
(427, 1, 611, '', '', '', 0, 'Lunas', 21, 1, NULL, NULL),
(428, 1, 612, '', '', '', 0, 'Lunas', 21, 1, NULL, NULL),
(429, 1, 613, '', '', '', 0, 'Lunas', 21, 1, NULL, NULL),
(430, 1, 614, '', '', '', 0, 'Lunas', 21, 1, NULL, NULL),
(431, 1, 615, '', '', '', 0, 'Lunas', 21, 1, NULL, NULL),
(432, 1, 616, '', '', '', 0, 'Lunas', 21, 1, NULL, NULL),
(433, 1, 617, '', '', '', 0, 'Lunas', 21, 1, NULL, NULL),
(434, 1, 618, 'Sudah', 'Sudah', '100816187', 398, 'Lunas', 1, 1, NULL, NULL),
(435, 1, 619, '', '', '', 0, 'Lunas', 21, 1, NULL, NULL),
(436, 1, 620, '', '', '', 0, 'Lunas', 21, 1, NULL, NULL),
(437, 1, 621, '', '', '', 0, 'Lunas', 21, 1, NULL, NULL),
(438, 1, 622, '', '', '', 0, 'Lunas', 21, 1, NULL, NULL),
(439, 1, 623, '', '', '', 0, 'Lunas', 21, 1, NULL, NULL),
(440, 1, 624, '', '', '', 0, 'Lunas', 21, 1, NULL, NULL),
(441, 1, 625, '', '', '', 0, 'Lunas', 21, 1, NULL, NULL),
(442, 1, 626, '', '', '', 0, 'Lunas', 21, 1, NULL, NULL),
(443, 1, 627, '', '', '', 0, 'Lunas', 21, 1, NULL, NULL),
(444, 1, 628, 'Sudah', 'Sudah', '100369978', 551, 'Lunas', 1, 1, NULL, NULL),
(445, 1, 629, '', '', '', 0, 'Lunas', 21, 1, NULL, NULL),
(446, 1, 630, '', '', '', 0, 'Lunas', 21, 1, NULL, NULL),
(447, 1, 631, '', '', '', 0, 'Lunas', 21, 1, NULL, NULL),
(448, 1, 632, '', '', '', 0, 'Lunas', 21, 1, NULL, NULL),
(449, 1, 633, '', '', '', 0, 'Lunas', 21, 1, NULL, NULL),
(450, 1, 634, '', '', '', 0, 'Lunas', 21, 1, NULL, NULL),
(451, 1, 635, '', '', '', 0, 'Lunas', 21, 1, NULL, NULL),
(452, 1, 636, '', '', '', 0, 'Lunas', 21, 1, NULL, NULL),
(453, 1, 637, 'Sudah', 'Sudah', '100938983', 611, 'Lunas', 1, 1, NULL, NULL),
(454, 1, 638, 'Sudah', 'Sudah', '100854301', 345, 'Lunas', 1, 1, NULL, NULL),
(455, 1, 639, 'Sudah', 'Sudah', '100986108', 347, 'Lunas', 1, 1, NULL, NULL),
(456, 1, 640, 'Sudah', 'Sudah', '100906660', 394, 'Lunas', 1, 1, NULL, NULL),
(457, 1, 641, '', '', '', 0, 'Lunas', 21, 1, NULL, NULL),
(458, 1, 642, '', '', '', 0, 'Lunas', 21, 1, NULL, NULL),
(459, 1, 643, 'Sudah', 'Sudah', '100718777', 570, 'Lunas', 1, 1, NULL, NULL),
(460, 1, 644, 'Sudah', 'Sudah', '100716126', 349, 'Lunas', 1, 1, NULL, NULL),
(461, 1, 645, '', '', '', 0, 'Lunas', 21, 1, NULL, NULL),
(462, 1, 646, '', '', '', 0, 'Lunas', 21, 1, NULL, NULL),
(463, 1, 647, '', '', '', 0, 'Lunas', 21, 1, NULL, NULL),
(464, 1, 648, '', '', '', 0, 'Lunas', 21, 1, NULL, NULL),
(465, 1, 649, '', '', '', 0, 'Lunas', 22, 1, NULL, NULL),
(466, 1, 650, '', '', '', 0, 'Lunas', 22, 1, NULL, NULL),
(467, 1, 651, '', '', '', 0, 'Lunas', 22, 1, NULL, NULL),
(468, 1, 652, '', '', '', 0, 'Lunas', 22, 1, NULL, NULL),
(469, 1, 653, '', '', '', 0, 'Lunas', 22, 1, NULL, NULL),
(470, 1, 654, '', '', '', 0, 'Lunas', 22, 1, NULL, NULL),
(471, 1, 655, '', '', '', 0, 'Lunas', 22, 1, NULL, NULL),
(472, 1, 656, '', '', '', 0, 'Lunas', 22, 1, NULL, NULL),
(473, 1, 657, '', '', '', 0, 'Lunas', 22, 1, NULL, NULL),
(474, 1, 658, '', '', '', 0, 'Lunas', 22, 1, NULL, NULL),
(475, 1, 659, 'Sudah', 'Sudah', '59', 100041550, 'Lunas', 1, 1, NULL, NULL),
(476, 1, 660, '', '', '', 0, 'Lunas', 22, 1, NULL, NULL),
(477, 1, 661, '', '', '', 0, 'Lunas', 22, 1, NULL, NULL),
(478, 1, 662, '', '', '', 0, 'Lunas', 22, 1, NULL, NULL),
(479, 1, 663, '', '', '', 0, 'Lunas', 22, 1, NULL, NULL),
(480, 1, 664, '', '', '', 0, 'Lunas', 22, 1, NULL, NULL),
(481, 1, 665, '', '', '', 0, 'Lunas', 22, 1, NULL, NULL),
(482, 1, 666, '', '', '', 0, 'Lunas', 22, 1, NULL, NULL),
(483, 1, 667, '', '', '', 0, 'Lunas', 22, 1, NULL, NULL),
(484, 1, 668, '', '', '', 0, 'Lunas', 22, 1, NULL, NULL),
(485, 1, 669, '', '', '', 0, 'Lunas', 22, 1, NULL, NULL),
(486, 1, 670, '', '', '', 0, 'Lunas', 22, 1, NULL, NULL),
(487, 1, 671, 'Sudah', 'Sudah', '100964627', 81, 'Lunas', 1, 1, NULL, NULL),
(488, 1, 672, 'Sudah', 'Sudah', '100601837', 81, 'Lunas', 1, 1, NULL, NULL),
(489, 1, 673, '', '', '', 0, 'Lunas', 23, 1, NULL, NULL),
(490, 1, 674, '', '', '', 0, 'Lunas', 23, 1, NULL, NULL),
(491, 1, 675, '', '', '', 0, 'Lunas', 23, 1, NULL, NULL),
(492, 1, 676, '', '', '', 0, 'Lunas', 23, 1, NULL, NULL),
(493, 1, 677, '', '', '', 0, 'Lunas', 23, 1, NULL, NULL),
(494, 1, 678, 'Sudah', 'Sudah', '100138978', 489, 'Lunas', 1, 1, NULL, NULL),
(495, 1, 679, 'Sudah', 'Sudah', '100892817', 608, 'Lunas', 1, 1, NULL, NULL),
(496, 1, 680, 'Sudah', 'Sudah', '100854592', 367, 'Lunas', 1, 1, NULL, NULL),
(497, 1, 681, '', '', '', 0, 'Lunas', 23, 1, NULL, NULL),
(498, 1, 682, '', '', '', 0, 'Lunas', 23, 1, NULL, NULL),
(499, 1, 683, '', '', '', 0, 'Lunas', 24, 1, NULL, NULL),
(500, 1, 684, '', '', '', 0, 'Lunas', 24, 1, NULL, NULL),
(501, 1, 685, '', '', '', 0, 'Lunas', 24, 1, NULL, NULL),
(502, 1, 686, '', '', '', 0, 'Lunas', 24, 1, NULL, NULL),
(503, 1, 687, '', '', '', 0, 'Lunas', 24, 1, NULL, NULL),
(504, 1, 688, '', '', '', 0, 'Lunas', 24, 1, NULL, NULL),
(505, 1, 689, '', '', '', 0, 'Lunas', 24, 1, NULL, NULL),
(506, 1, 690, '', '', '', 0, 'Lunas', 24, 1, NULL, NULL),
(507, 1, 691, '', '', '', 0, 'Lunas', 24, 1, NULL, NULL),
(508, 1, 692, '', '', '', 0, 'Lunas', 24, 1, NULL, NULL),
(509, 1, 693, '', '', '', 0, 'Lunas', 24, 1, NULL, NULL),
(510, 1, 694, 'Sudah', 'Sudah', '100679358', 537, 'Lunas', 1, 1, NULL, NULL),
(511, 1, 695, '', '', '', 0, 'Lunas', 24, 1, NULL, NULL),
(512, 1, 696, '', '', '', 0, 'Lunas', 24, 1, NULL, NULL),
(513, 1, 697, '', '', '', 0, 'Lunas', 24, 1, NULL, NULL),
(514, 1, 698, 'Sudah', 'Sudah', '100284535', 506, 'Lunas', 1, 1, NULL, NULL),
(515, 1, 699, '', '', '', 0, 'Lunas', 24, 1, NULL, NULL),
(516, 1, 700, '', '', '', 0, 'Lunas', 24, 1, NULL, NULL),
(517, 1, 701, '', '', '', 0, 'Lunas', 25, 1, NULL, NULL),
(518, 1, 702, '', '', '', 0, 'Lunas', 25, 1, NULL, NULL),
(519, 1, 703, '', '', '', 0, 'Lunas', 25, 1, NULL, NULL),
(520, 1, 704, 'Sudah', 'Sudah', '100718651', 550, 'Lunas', 1, 1, NULL, NULL),
(521, 1, 705, '', '', '', 0, 'Lunas', 25, 1, NULL, NULL),
(522, 1, 706, '', '', '', 0, 'Lunas', 25, 1, NULL, NULL),
(523, 1, 707, '', '', '', 0, 'Lunas', 25, 1, NULL, NULL),
(524, 1, 708, 'Sudah', 'Sudah', '100501456', 556, 'Lunas', 1, 1, NULL, NULL),
(525, 1, 709, 'Sudah', 'Sudah', '100620878', 555, 'Lunas', 1, 1, NULL, NULL),
(526, 1, 710, '', '', '', 0, 'Lunas', 25, 1, NULL, NULL),
(527, 1, 711, '', '', '', 0, 'Lunas', 25, 1, NULL, NULL),
(528, 1, 712, '', '', '', 0, 'Lunas', 26, 1, NULL, NULL),
(529, 1, 713, '', '', '', 0, 'Lunas', 26, 1, NULL, NULL),
(530, 1, 714, 'Sudah', 'Sudah', '100139323', 558, 'Lunas', 1, 1, NULL, NULL),
(531, 1, 715, 'Sudah', 'Sudah', '100731102', 368, 'Lunas', 1, 1, NULL, NULL),
(532, 1, 716, '', '', '', 0, 'Lunas', 26, 1, NULL, NULL),
(533, 1, 717, '', '', '', 0, 'Lunas', 26, 1, NULL, NULL),
(534, 1, 718, '', '', '', 0, 'Lunas', 26, 1, NULL, NULL),
(535, 1, 719, 'Sudah', 'Sudah', '100474179', 369, 'Lunas', 1, 1, NULL, NULL),
(536, 1, 720, 'Sudah', 'Sudah', '100746554', 510, 'Lunas', 1, 1, NULL, NULL),
(537, 1, 721, '', '', '', 0, 'Lunas', 26, 1, NULL, NULL),
(538, 1, 722, '', '', '', 0, 'Lunas', 26, 1, NULL, NULL),
(539, 1, 723, '', '', '', 0, 'Lunas', 27, 1, NULL, NULL),
(540, 1, 724, '', '', '', 0, 'Lunas', 27, 1, NULL, NULL),
(541, 1, 725, '', '', '', 0, 'Lunas', 27, 1, NULL, NULL),
(542, 1, 726, '', '', '', 0, 'Lunas', 27, 1, NULL, NULL),
(543, 1, 727, '', '', '', 0, 'Lunas', 27, 1, NULL, NULL),
(544, 1, 728, '', '', '', 0, 'Lunas', 27, 1, NULL, NULL),
(545, 1, 729, '', '', '', 0, 'Lunas', 27, 1, NULL, NULL),
(546, 1, 730, 'Sudah', 'Sudah', '100793736', 520, 'Lunas', 1, 1, NULL, NULL),
(547, 1, 731, '', '', '', 0, 'Lunas', 27, 1, NULL, NULL),
(548, 1, 732, '', '', '', 0, 'Lunas', 27, 1, NULL, NULL),
(549, 1, 733, '', '', '', 0, 'Lunas', 27, 1, NULL, NULL),
(550, 1, 734, '', '', '', 0, 'Lunas', 28, 1, NULL, NULL),
(551, 1, 735, '', '', '', 0, 'Lunas', 28, 1, NULL, NULL),
(552, 1, 736, '', '', '', 0, 'Lunas', 28, 1, NULL, NULL),
(553, 1, 737, '', '', '', 0, 'Lunas', 28, 1, NULL, NULL),
(554, 1, 738, '', '', '', 0, 'Lunas', 28, 1, NULL, NULL),
(555, 1, 739, '', '', '', 0, 'Lunas', 28, 1, NULL, NULL),
(556, 1, 740, 'Sudah', 'Sudah', '100930586', 372, 'Lunas', 1, 1, NULL, NULL),
(557, 1, 741, 'Sudah', 'Sudah', '*100593637*', 3, 'Lunas', 1, 1, NULL, NULL),
(558, 1, 742, '', '', '', 0, 'Lunas', 28, 1, NULL, NULL),
(559, 1, 743, '', '', '', 0, 'Lunas', 28, 1, NULL, NULL),
(560, 1, 744, '', '', '', 0, 'Lunas', 28, 1, NULL, NULL),
(561, 1, 745, '', '', '', 0, 'Lunas', 28, 1, NULL, NULL),
(562, 1, 746, '', '', '', 0, 'Lunas', 28, 1, NULL, NULL),
(563, 1, 747, '', '', '', 0, 'Lunas', 28, 1, NULL, NULL),
(564, 1, 748, '', '', '', 0, 'Lunas', 28, 1, NULL, NULL),
(565, 1, 749, '', '', '', 0, 'Lunas', 28, 1, NULL, NULL),
(566, 1, 750, '', '', '', 0, 'Lunas', 28, 1, NULL, NULL),
(567, 1, 751, 'Sudah', 'Sudah', '100089443', 397, 'Lunas', 1, 1, NULL, NULL),
(568, 1, 752, '', '', '', 0, 'Lunas', 28, 1, NULL, NULL),
(569, 1, 753, '', '', '', 0, 'Lunas', 28, 1, NULL, NULL),
(570, 1, 754, '', '', '', 0, 'Lunas', 28, 1, NULL, NULL),
(571, 1, 755, '', '', '', 0, 'Lunas', 28, 1, NULL, NULL),
(572, 1, 756, '', '', '', 0, 'Lunas', 28, 1, NULL, NULL),
(573, 1, 757, '', '', '', 0, 'Lunas', 28, 1, NULL, NULL),
(574, 1, 758, '', '', '', 0, 'Lunas', 28, 1, NULL, NULL),
(575, 1, 759, '', '', '', 0, 'Lunas', 28, 1, NULL, NULL),
(576, 1, 760, '', '', '', 0, 'Lunas', 28, 1, NULL, NULL),
(577, 1, 761, 'Sudah', 'Sudah', '100088163', 391, 'Lunas', 1, 1, NULL, NULL),
(578, 1, 762, 'Sudah', 'Sudah', '100660397', 606, 'Lunas', 1, 1, NULL, NULL),
(579, 1, 763, '', '', '', 0, 'Lunas', 28, 1, NULL, NULL),
(580, 1, 764, '', '', '', 0, 'Lunas', 28, 1, NULL, NULL),
(581, 1, 765, '', '', '', 0, 'Lunas', 28, 1, NULL, NULL),
(582, 1, 766, '', '', '', 0, 'Lunas', 28, 1, NULL, NULL),
(583, 1, 767, '', '', '', 0, 'Lunas', 28, 1, NULL, NULL),
(584, 1, 768, '', '', '', 0, 'Lunas', 28, 1, NULL, NULL),
(585, 1, 769, '', '', '', 0, 'Lunas', 28, 1, NULL, NULL),
(586, 1, 770, '', '', '', 0, 'Lunas', 28, 1, NULL, NULL),
(587, 1, 771, 'Sudah', 'Sudah', '100154005', 64, 'Lunas', 1, 1, NULL, NULL),
(588, 1, 772, '', '', '', 0, 'Lunas', 28, 1, NULL, NULL),
(589, 1, 773, '', '', '', 0, 'Lunas', 28, 1, NULL, NULL),
(590, 1, 774, '', '', '', 0, 'Lunas', 28, 1, NULL, NULL),
(591, 1, 775, '', '', '', 0, 'Lunas', 28, 1, NULL, NULL),
(592, 1, 776, '', '', '', 0, 'Lunas', 28, 1, NULL, NULL),
(593, 1, 777, '', '', '', 0, 'Lunas', 28, 1, NULL, NULL),
(594, 1, 778, 'Sudah', 'Sudah', '100528723', 76, 'Lunas', 1, 1, NULL, NULL),
(595, 1, 779, '', '', '', 0, 'Lunas', 28, 1, NULL, NULL),
(596, 1, 780, '', '', '', 0, 'Lunas', 28, 1, NULL, NULL),
(597, 1, 781, '', '', '', 0, 'Lunas', 28, 1, NULL, NULL),
(598, 1, 782, '', '', '', 0, 'Lunas', 29, 1, NULL, NULL),
(599, 1, 783, '', '', '', 0, 'Lunas', 29, 1, NULL, NULL),
(600, 1, 784, '', '', '', 0, 'Lunas', 29, 1, NULL, NULL),
(601, 1, 785, '', '', '', 0, 'Lunas', 29, 1, NULL, NULL),
(602, 1, 786, '', '', '', 0, 'Lunas', 29, 1, NULL, NULL),
(603, 1, 787, '', '', '', 0, 'Lunas', 29, 1, NULL, NULL),
(604, 1, 788, '', '', '', 0, 'Lunas', 29, 1, NULL, NULL),
(605, 1, 789, '', '', '', 0, 'Lunas', 29, 1, NULL, NULL),
(606, 1, 790, '', '', '', 0, 'Lunas', 29, 1, NULL, NULL),
(607, 1, 791, '', '', '', 0, 'Lunas', 29, 1, NULL, NULL),
(608, 1, 792, '', '', '', 0, 'Lunas', 29, 1, NULL, NULL),
(609, 1, 793, '', '', '', 0, 'Lunas', 30, 1, NULL, NULL),
(610, 1, 794, '', '', '', 0, 'Lunas', 30, 1, NULL, NULL),
(611, 1, 795, 'Sudah', 'Sudah', '100266937', 344, 'Lunas', 1, 1, NULL, NULL),
(612, 1, 796, 'Sudah', 'Sudah', '100523224', 519, 'Lunas', 1, 1, NULL, NULL),
(613, 1, 797, 'Sudah', 'Sudah', '100776909', 517, 'Lunas', 1, 1, NULL, NULL),
(614, 1, 798, 'Sudah', 'Sudah', '100474179', 369, 'Lunas', 1, 1, NULL, NULL),
(615, 1, 799, '', '', '', 0, 'Lunas', 30, 1, NULL, NULL),
(616, 1, 800, '', '', '', 0, 'Lunas', 30, 1, NULL, NULL),
(617, 1, 801, '', '', '', 0, 'Lunas', 30, 1, NULL, NULL),
(618, 1, 802, '', '', '', 0, 'Lunas', 30, 1, NULL, NULL),
(619, 1, 803, '', '', '', 0, 'Lunas', 30, 1, NULL, NULL),
(620, 1, 804, 'Sudah', 'Sudah', '568434', 538, 'Lunas', 1, 1, NULL, NULL),
(621, 1, 805, 'Sudah', 'Sudah', '100796567', 67, 'Lunas', 1, 1, NULL, NULL),
(622, 1, 806, '', '', '', 0, 'Lunas', 31, 1, NULL, NULL),
(623, 1, 807, 'Sudah', 'Sudah', '100939937', 546, 'Lunas', 1, 1, NULL, NULL),
(624, 1, 808, '', '', '', 0, 'Lunas', 31, 1, NULL, NULL),
(625, 1, 809, 'Sudah', 'Sudah', '100566780', 601, 'Lunas', 1, 1, NULL, NULL),
(626, 1, 810, '', '', '', 0, 'Lunas', 31, 1, NULL, NULL),
(627, 1, 811, '', '', '', 0, 'Lunas', 31, 1, NULL, NULL),
(628, 1, 812, '', '', '', 0, 'Lunas', 31, 1, NULL, NULL),
(629, 1, 813, '', '', '', 0, 'Lunas', 31, 1, NULL, NULL),
(630, 1, 814, 'Sudah', 'Sudah', '100825709', 388, 'Lunas', 1, 1, NULL, NULL),
(631, 1, 815, '', '', '', 0, 'Lunas', 31, 1, NULL, NULL),
(632, 1, 816, '', '', '', 0, 'Lunas', 32, 1, NULL, NULL),
(633, 1, 817, 'Sudah', 'Sudah', '100380882', 386, 'Lunas', 1, 1, NULL, NULL),
(634, 1, 818, '', '', '', 0, 'Lunas', 32, 1, NULL, NULL),
(635, 1, 819, '', '', '', 0, 'Lunas', 32, 1, NULL, NULL),
(636, 1, 820, '', '', '', 0, 'Lunas', 32, 1, NULL, NULL),
(637, 1, 821, '', '', '', 0, 'Lunas', 32, 1, NULL, NULL),
(638, 1, 822, '', '', '', 0, 'Lunas', 32, 1, NULL, NULL),
(639, 1, 823, '', '', '', 0, 'Lunas', 32, 1, NULL, NULL),
(640, 1, 824, '', '', '', 0, 'Lunas', 32, 1, NULL, NULL),
(641, 1, 825, '', '', '', 0, 'Lunas', 32, 1, NULL, NULL),
(642, 1, 826, '', '', '', 0, 'Lunas', 32, 1, NULL, NULL),
(643, 1, 827, '', '', '', 0, 'Lunas', 33, 1, NULL, NULL),
(644, 1, 828, '', '', '', 0, 'Lunas', 33, 1, NULL, NULL),
(645, 1, 829, '', '', '', 0, 'Lunas', 33, 1, NULL, NULL),
(646, 1, 830, '', '', '', 0, 'Lunas', 33, 1, NULL, NULL),
(647, 1, 831, '', '', '', 0, 'Lunas', 33, 1, NULL, NULL),
(648, 1, 832, '', '', '', 0, 'Lunas', 33, 1, NULL, NULL),
(649, 1, 833, '', '', '', 0, 'Lunas', 33, 1, NULL, NULL),
(650, 1, 834, '', '', '', 0, 'Lunas', 33, 1, NULL, NULL),
(651, 1, 835, 'Sudah', 'Sudah', '100839838', 527, 'Lunas', 1, 1, NULL, NULL),
(652, 1, 836, '', '', '', 0, 'Lunas', 33, 1, NULL, NULL),
(653, 1, 837, '', '', '', 0, 'Lunas', 33, 1, NULL, NULL),
(654, 1, 838, 'Sudah', 'Sudah', '100772016', 604, 'Lunas', 1, 1, NULL, NULL),
(655, 1, 839, '', '', '', 0, 'Lunas', 33, 1, NULL, NULL),
(656, 1, 840, '', '', '', 0, 'Lunas', 33, 1, NULL, NULL),
(657, 1, 841, '', '', '', 0, 'Lunas', 33, 1, NULL, NULL),
(658, 1, 842, '', '', '', 0, 'Lunas', 33, 1, NULL, NULL),
(659, 1, 843, '', '', '', 0, 'Lunas', 33, 1, NULL, NULL),
(660, 1, 844, 'Sudah', 'Sudah', '100839798', 387, 'Lunas', 1, 1, NULL, NULL),
(661, 1, 845, '', '', '', 0, 'Lunas', 33, 1, NULL, NULL),
(662, 1, 846, '', '', '', 0, 'Lunas', 33, 1, NULL, NULL),
(663, 1, 847, '', '', '', 0, 'Lunas', 34, 1, NULL, NULL),
(664, 1, 848, '', '', '', 0, 'Lunas', 34, 1, NULL, NULL),
(665, 1, 849, '', '', '', 0, 'Lunas', 34, 1, NULL, NULL),
(666, 1, 850, '', '', '', 0, 'Lunas', 34, 1, NULL, NULL),
(667, 1, 851, '', '', '', 0, 'Lunas', 34, 1, NULL, NULL),
(668, 1, 852, '', '', '', 0, 'Lunas', 34, 1, NULL, NULL),
(669, 1, 853, '', '', '', 0, 'Lunas', 34, 1, NULL, NULL),
(670, 1, 854, '', '', '', 0, 'Lunas', 34, 1, NULL, NULL),
(671, 1, 855, 'Sudah', 'Sudah', '100971254', 396, 'Lunas', 1, 1, NULL, NULL),
(672, 1, 856, '', '', '', 0, 'Lunas', 34, 1, NULL, NULL),
(673, 1, 857, '', '', '', 0, 'Lunas', 35, 1, NULL, NULL),
(674, 1, 858, '', '', '', 0, 'Lunas', 35, 1, NULL, NULL),
(675, 1, 859, '', '', '', 0, 'Lunas', 35, 1, NULL, NULL),
(676, 1, 860, '', '', '', 0, 'Lunas', 35, 1, NULL, NULL),
(677, 1, 861, '', '', '', 0, 'Lunas', 35, 1, NULL, NULL),
(678, 1, 862, '', '', '', 0, 'Lunas', 35, 1, NULL, NULL),
(679, 1, 863, '', '', '', 0, 'Lunas', 35, 1, NULL, NULL),
(680, 1, 864, 'Sudah', 'Sudah', '100152417', 547, 'Lunas', 1, 1, NULL, NULL),
(681, 1, 865, '', '', '', 0, 'Lunas', 35, 1, NULL, NULL),
(682, 1, 866, 'Sudah', 'Sudah', '100201220', 78, 'Lunas', 1, 1, NULL, NULL),
(683, 1, 867, '', '', '', 0, 'Lunas', 35, 1, NULL, NULL),
(684, 1, 868, '', '', '', 0, 'Lunas', 35, 1, NULL, NULL),
(685, 1, 869, '', '', '', 0, 'Lunas', 35, 1, NULL, NULL),
(686, 1, 870, '', '', '', 0, 'Lunas', 36, 1, NULL, NULL),
(687, 1, 871, '', '', '', 0, 'Lunas', 36, 1, NULL, NULL),
(688, 1, 872, '', '', '', 0, 'Lunas', 36, 1, NULL, NULL),
(689, 1, 873, '', '', '', 0, 'Lunas', 36, 1, NULL, NULL),
(690, 1, 874, '', '', '', 0, 'Lunas', 36, 1, NULL, NULL),
(691, 1, 875, 'Sudah', 'Sudah', '*100495742*', 2, 'Lunas', 1, 1, NULL, NULL),
(692, 1, 876, '', '', '', 0, 'Lunas', 36, 1, NULL, NULL),
(693, 1, 877, '', '', '', 0, 'Lunas', 36, 1, NULL, NULL),
(694, 1, 878, 'Sudah', 'Sudah', '100994467', 361, 'Lunas', 1, 1, NULL, NULL),
(695, 1, 879, 'Sudah', 'Sudah', '100690136', 79, 'Lunas', 1, 1, NULL, NULL),
(696, 1, 880, '', '', '', 0, 'Lunas', 37, 1, NULL, NULL),
(697, 1, 881, 'Sudah', 'Sudah', '100528631', 360, 'Lunas', 1, 1, NULL, NULL),
(698, 1, 882, '', '', '', 0, 'Lunas', 37, 1, NULL, NULL),
(699, 1, 883, '', '', '', 0, 'Lunas', 38, 1, NULL, NULL),
(700, 1, 884, 'Sudah', 'Sudah', '100349404', 73, 'Lunas', 1, 1, NULL, NULL),
(701, 1, 885, '', '', '', 0, 'Lunas', 38, 1, NULL, NULL),
(702, 1, 886, 'Sudah', 'Sudah', '100858596', 571, 'Lunas', 1, 1, NULL, NULL),
(703, 1, 887, 'Sudah', 'Sudah', '100318713', 540, 'Lunas', 1, 1, NULL, NULL),
(704, 1, 888, '', '', '', 0, 'Lunas', 38, 1, NULL, NULL),
(705, 1, 889, '', '', '', 0, 'Lunas', 38, 1, NULL, NULL),
(706, 1, 890, 'Sudah', 'Sudah', '100029487', 353, 'Lunas', 1, 1, NULL, NULL),
(707, 1, 891, '', '', '', 0, 'Lunas', 38, 1, NULL, NULL),
(708, 1, 892, 'Sudah', 'Sudah', '100071060', 539, 'Lunas', 1, 1, NULL, NULL),
(709, 1, 893, '', '', '', 0, 'Lunas', 38, 1, NULL, NULL),
(710, 1, 894, '', '', '', 0, 'Lunas', 38, 1, NULL, NULL),
(711, 1, 895, 'Sudah', 'Sudah', '100937643', 362, 'Lunas', 1, 1, NULL, NULL),
(712, 1, 896, '', '', '', 0, 'Lunas', 39, 1, NULL, NULL),
(713, 1, 897, 'Sudah', 'Sudah', '100713096', 559, 'Lunas', 1, 1, NULL, NULL),
(714, 1, 898, '', '', '', 0, 'Lunas', 39, 1, NULL, NULL),
(715, 1, 899, 'Sudah', 'Sudah', '100872508', 526, 'Lunas', 1, 1, NULL, NULL),
(716, 1, 900, '', '', '', 0, 'Lunas', 40, 1, NULL, NULL),
(717, 1, 901, '', '', '', 0, 'Lunas', 40, 1, NULL, NULL),
(718, 1, 902, '', '', '', 0, 'Lunas', 40, 1, NULL, NULL),
(719, 1, 903, 'Sudah', 'Sudah', '100561971', 381, 'Lunas', 1, 1, NULL, NULL),
(720, 1, 904, '', '', '', 0, 'Lunas', 40, 1, NULL, NULL),
(721, 1, 905, '', '', '', 0, 'Lunas', 40, 1, NULL, NULL),
(722, 1, 906, '', '', '', 0, 'Lunas', 40, 1, NULL, NULL),
(723, 1, 907, 'Sudah', 'Sudah', '200097493', 346, 'Lunas', 1, 1, NULL, NULL),
(724, 1, 908, '', '', '', 0, 'Lunas', 40, 1, NULL, NULL),
(725, 1, 909, 'Sudah', 'Sudah', '100428019', 525, 'Lunas', 1, 1, NULL, NULL),
(726, 1, 910, 'Sudah', 'Sudah', '100539890', 557, 'Lunas', 1, 1, NULL, NULL),
(727, 1, 911, '', '', '', 0, 'Lunas', 41, 1, NULL, NULL),
(728, 1, 912, '', '', '', 0, 'Lunas', 41, 1, NULL, NULL),
(729, 1, 913, '', '', '', 0, 'Lunas', 41, 1, NULL, NULL),
(730, 1, 914, '', '', '', 0, 'Lunas', 41, 1, NULL, NULL),
(731, 1, 915, '', '', '', 0, 'Lunas', 42, 1, NULL, NULL),
(732, 1, 916, '', '', '', 0, 'Lunas', 42, 1, NULL, NULL),
(733, 1, 917, '', '', '', 0, 'Lunas', 42, 1, NULL, NULL),
(734, 1, 918, 'Sudah', 'Sudah', '100790571', 607, 'Lunas', 1, 1, NULL, NULL),
(735, 1, 919, '', '', '', 0, 'Lunas', 42, 1, NULL, NULL),
(736, 1, 920, '', '', '', 0, 'Lunas', 42, 1, NULL, NULL),
(737, 1, 921, '', '', '', 0, 'Lunas', 42, 1, NULL, NULL),
(738, 1, 922, '', '', '', 0, 'Lunas', 42, 1, NULL, NULL),
(739, 1, 923, '', '', '', 0, 'Lunas', 42, 1, NULL, NULL),
(740, 1, 924, 'Sudah', 'Sudah', '100032866', 523, 'Lunas', 1, 1, NULL, NULL),
(741, 1, 925, 'Sudah', 'Sudah', '100133885', 487, 'Lunas', 1, 1, NULL, NULL),
(742, 1, 926, '', '', '', 0, 'Lunas', 43, 1, NULL, NULL),
(743, 1, 927, '', '', '', 0, 'Lunas', 43, 1, NULL, NULL),
(744, 1, 928, '', '', '', 0, 'Lunas', 43, 1, NULL, NULL),
(745, 1, 929, '', '', '', 0, 'Lunas', 43, 1, NULL, NULL),
(746, 1, 930, '', '', '', 0, 'Lunas', 43, 1, NULL, NULL),
(747, 1, 931, '', '', '', 0, 'Lunas', 44, 1, NULL, NULL),
(748, 1, 932, '', '', '', 0, 'Lunas', 44, 1, NULL, NULL),
(749, 1, 933, 'Sudah', 'Sudah', '100782636', 536, 'Lunas', 1, 1, NULL, NULL),
(750, 1, 934, '', '', '', 0, 'Lunas', 44, 1, NULL, NULL),
(751, 1, 935, '', '', '', 0, 'Lunas', 44, 1, NULL, NULL),
(752, 1, 936, '', '', '', 0, 'Lunas', 44, 1, NULL, NULL),
(753, 1, 937, '', '', '', 0, 'Belum Lunas', 45, 1, NULL, NULL),
(754, 1, 938, '', '', '', 0, 'Belum Lunas', 45, 1, NULL, NULL),
(755, 1, 939, '', '', '', 0, 'Belum Lunas', 46, 1, NULL, NULL),
(756, 1, 940, '', '', '', 0, 'Belum Lunas', 46, 1, NULL, NULL),
(757, 1, 941, '', '', '', 0, 'Lunas', 47, 1, NULL, NULL),
(758, 1, 942, '', '', '', 0, 'Lunas', 47, 1, NULL, NULL),
(759, 1, 943, 'Sudah', 'Sudah', '100692810', 375, 'Lunas', 1, 1, NULL, NULL),
(760, 1, 944, '', '', '', 0, 'Lunas', 47, 1, NULL, NULL),
(761, 1, 945, '', '', '', 0, 'Lunas', 47, 1, NULL, NULL),
(762, 1, 946, '', '', '', 0, 'Lunas', 47, 1, NULL, NULL),
(763, 1, 947, '', '', '', 0, 'Lunas', 47, 1, NULL, NULL),
(764, 1, 948, '', '', '', 0, 'Lunas', 47, 1, NULL, NULL),
(765, 1, 949, '', '', '', 0, 'Lunas', 47, 1, NULL, NULL),
(766, 1, 950, '', '', '', 0, 'Lunas', 47, 1, NULL, NULL),
(767, 1, 951, '', '', '', 0, 'Lunas', 47, 1, NULL, NULL),
(768, 1, 952, '', '', '', 0, 'Lunas', 47, 1, NULL, NULL),
(769, 1, 953, 'Sudah', 'Sudah', '100367676', 383, 'Lunas', 1, 1, NULL, NULL),
(770, 1, 954, 'Sudah', 'Sudah', '100628929', 387, 'Lunas', 1, 1, NULL, NULL),
(771, 1, 955, 'Sudah', 'Sudah', '100520708', 382, 'Lunas', 1, 1, NULL, NULL),
(772, 1, 956, '', '', '', 0, 'Lunas', 47, 1, NULL, NULL),
(773, 1, 957, '', '', '', 0, 'Lunas', 47, 1, NULL, NULL),
(774, 1, 958, '', '', '', 0, 'Lunas', 47, 1, NULL, NULL),
(775, 1, 959, '', '', '', 0, 'Lunas', 47, 1, NULL, NULL),
(776, 1, 960, '', '', '', 0, 'Lunas', 47, 1, NULL, NULL),
(777, 1, 961, '', '', '', 0, 'Lunas', 47, 1, NULL, NULL),
(778, 1, 962, '', '', '', 0, 'Lunas', 47, 1, NULL, NULL),
(779, 1, 963, '', '', '', 0, 'Lunas', 47, 1, NULL, NULL),
(780, 1, 964, '', '', '', 0, 'Lunas', 47, 1, NULL, NULL),
(781, 1, 965, '', '', '', 0, 'Lunas', 47, 1, NULL, NULL),
(782, 1, 966, '', '', '', 0, 'Lunas', 47, 1, NULL, NULL),
(783, 1, 967, '', '', '', 0, 'Lunas', 47, 1, NULL, NULL),
(784, 1, 968, '', '', '', 0, 'Lunas', 47, 1, NULL, NULL),
(785, 1, 969, '', '', '', 0, 'Lunas', 47, 1, NULL, NULL),
(786, 1, 970, '', '', '', 0, 'Lunas', 47, 1, NULL, NULL),
(787, 1, 971, 'Sudah', 'Sudah', '100868371', 502, 'Lunas', 1, 1, NULL, NULL),
(788, 1, 972, '', '', '', 0, 'Lunas', 47, 1, NULL, NULL),
(789, 1, 973, '', '', '', 0, 'Lunas', 47, 1, NULL, NULL),
(790, 1, 974, '', '', '', 0, 'Lunas', 47, 1, NULL, NULL),
(791, 1, 975, '', '', '', 0, 'Lunas', 47, 1, NULL, NULL),
(792, 1, 976, '', '', '', 0, 'Lunas', 47, 1, NULL, NULL),
(793, 1, 977, '', '', '', 0, 'Lunas', 47, 1, NULL, NULL),
(794, 1, 978, '', '', '', 0, 'Lunas', 47, 1, NULL, NULL),
(795, 1, 979, '', '', '', 0, 'Lunas', 47, 1, NULL, NULL),
(796, 1, 980, '', '', '', 0, 'Lunas', 47, 1, NULL, NULL),
(797, 1, 981, '', '', '', 0, 'Lunas', 47, 1, NULL, NULL),
(798, 1, 982, '', '', '', 0, 'Lunas', 47, 1, NULL, NULL),
(799, 1, 983, '', '', '', 0, 'Lunas', 47, 1, NULL, NULL),
(800, 1, 984, 'Sudah', 'Sudah', '100645297', 357, 'Lunas', 1, 1, NULL, NULL),
(801, 1, 985, '', '', '', 0, 'Lunas', 47, 1, NULL, NULL),
(802, 1, 986, '', '', '', 0, 'Lunas', 47, 1, NULL, NULL),
(803, 1, 987, 'Sudah', 'Sudah', '100092829', 389, 'Lunas', 1, 1, NULL, NULL),
(804, 1, 988, '', '', '', 0, 'Lunas', 47, 1, NULL, NULL),
(805, 1, 989, 'Sudah', 'Sudah', '100535751', 548, 'Lunas', 1, 1, NULL, NULL),
(806, 1, 990, '', '', '', 0, 'Lunas', 47, 1, NULL, NULL),
(807, 1, 991, '', '', '', 0, 'Lunas', 47, 1, NULL, NULL),
(808, 1, 992, 'Sudah', 'Sudah', '100140653', 545, 'Lunas', 1, 1, NULL, NULL),
(809, 1, 993, 'Sudah', 'Sudah', '100400992', 573, 'Lunas', 1, 1, NULL, NULL),
(810, 1, 994, 'Sudah', 'Sudah', '100417812', 610, 'Lunas', 1, 1, NULL, NULL),
(811, 1, 995, 'Sudah', 'Sudah', '100390777', 393, 'Lunas', 1, 1, NULL, NULL),
(812, 1, 996, '', '', '', 0, 'Lunas', 47, 1, NULL, NULL),
(813, 1, 997, '', '', '', 0, 'Lunas', 47, 1, NULL, NULL),
(814, 1, 998, '', '', '', 0, 'Lunas', 47, 1, NULL, NULL),
(815, 1, 999, '', '', '', 0, 'Lunas', 47, 1, NULL, NULL),
(816, 1, 1000, '', '', '', 0, 'Lunas', 47, 1, NULL, NULL),
(817, 1, 1001, '', '', '', 0, 'Lunas', 47, 1, NULL, NULL),
(818, 1, 1002, '', '', '', 0, 'Lunas', 47, 1, NULL, NULL),
(819, 1, 1003, 'Sudah', 'Sudah', '100834062', 562, 'Lunas', 1, 1, NULL, NULL),
(820, 1, 1004, '', '', '', 0, 'Lunas', 47, 1, NULL, NULL),
(821, 1, 1005, '', '', '', 0, 'Lunas', 47, 1, NULL, NULL),
(822, 1, 1006, '', '', '', 0, 'Lunas', 47, 1, NULL, NULL),
(823, 1, 1007, '', '', '', 0, 'Lunas', 47, 1, NULL, NULL),
(824, 1, 1008, '', '', '', 0, 'Lunas', 47, 1, NULL, NULL),
(825, 1, 1009, '', '', '', 0, 'Lunas', 47, 1, NULL, NULL);
INSERT INTO `participant` (`id`, `event_id`, `user_id`, `kit`, `register`, `activation_code`, `payment`, `payment_status`, `participant_group_id`, `payment_type_id`, `created_at`, `updated_at`) VALUES
(826, 1, 1010, '', '', '', 0, 'Lunas', 47, 1, NULL, NULL),
(827, 1, 1011, '', '', '', 0, 'Lunas', 47, 1, NULL, NULL),
(828, 1, 1012, '', '', '', 0, 'Lunas', 47, 1, NULL, NULL),
(829, 1, 1013, '', '', '', 0, 'Lunas', 47, 1, NULL, NULL),
(830, 1, 1014, '', '', '', 0, 'Lunas', 47, 1, NULL, NULL),
(831, 1, 1015, '', '', '', 0, 'Lunas', 47, 1, NULL, NULL),
(832, 1, 1016, '', '', '', 0, 'Lunas', 47, 1, NULL, NULL),
(833, 1, 1017, '', '', '', 0, 'Lunas', 47, 1, NULL, NULL),
(834, 1, 1018, '', '', '', 0, 'Lunas', 47, 1, NULL, NULL),
(835, 1, 1019, '', '', '', 0, 'Lunas', 47, 1, NULL, NULL),
(836, 1, 1020, 'Sudah', 'Sudah', '100581855', 518, 'Lunas', 1, 1, NULL, NULL),
(837, 1, 1021, 'Sudah', 'Sudah', '100078158', 365, 'Lunas', 1, 1, NULL, NULL),
(838, 1, 1022, '', '', '', 0, 'Lunas', 47, 1, NULL, NULL),
(839, 1, 1023, 'Sudah', 'Sudah', '100930586', 372, 'Lunas', 1, 1, NULL, NULL),
(840, 1, 1024, '', '', '', 0, 'Lunas', 47, 1, NULL, NULL),
(841, 1, 1025, '', '', '', 0, 'Lunas', 47, 1, NULL, NULL),
(842, 1, 1026, '', '', '', 0, 'Lunas', 47, 1, NULL, NULL),
(843, 1, 1027, 'Sudah', 'Sudah', '100025979', 541, 'Lunas', 1, 1, NULL, NULL),
(844, 1, 1028, '', '', '', 0, 'Lunas', 47, 1, NULL, NULL),
(845, 1, 1029, '', '', '', 0, 'Lunas', 47, 1, NULL, NULL),
(846, 1, 1030, '', '', '', 0, 'Belum Lunas', 48, 1, NULL, NULL),
(847, 1, 1031, '', '', '', 0, 'Belum Lunas', 48, 1, NULL, NULL),
(848, 1, 1032, '', '', '', 0, 'Belum Lunas', 48, 1, NULL, NULL),
(849, 1, 1033, '', '', '', 0, 'Belum Lunas', 48, 1, NULL, NULL),
(850, 1, 1034, '', '', '', 0, 'Belum Lunas', 48, 1, NULL, NULL),
(851, 1, 1035, 'Sudah', 'Sudah', '100687885', 564, 'Lunas', 1, 1, NULL, NULL),
(852, 1, 1036, '', '', '', 0, 'Belum Lunas', 48, 1, NULL, NULL),
(853, 1, 1037, '', '', '', 0, 'Belum Lunas', 48, 1, NULL, NULL),
(854, 1, 1038, '', '', '', 0, 'Belum Lunas', 48, 1, NULL, NULL),
(855, 1, 1039, '', '', '', 0, 'Belum Lunas', 48, 1, NULL, NULL),
(856, 1, 1040, '', '', '', 0, 'Belum Lunas', 48, 1, NULL, NULL),
(857, 1, 1041, '', '', '', 0, 'Belum Lunas', 48, 1, NULL, NULL),
(858, 1, 1042, '', '', '', 0, 'Belum Lunas', 48, 1, NULL, NULL),
(859, 1, 1043, '', '', '', 0, 'Belum Lunas', 48, 1, NULL, NULL),
(860, 1, 1044, '', '', '', 0, 'Belum Lunas', 48, 1, NULL, NULL),
(861, 1, 1045, '', '', '', 0, 'Belum Lunas', 48, 1, NULL, NULL),
(862, 1, 1046, '', '', '', 0, 'Belum Lunas', 48, 1, NULL, NULL),
(863, 1, 1047, 'Sudah', 'Sudah', '100026632', 366, '', 1, 1, NULL, NULL),
(864, 1, 1048, '', '', '', 0, 'Belum Lunas', 48, 1, NULL, NULL),
(865, 1, 1049, '', '', '', 0, 'Belum Lunas', 48, 1, NULL, NULL),
(866, 1, 1050, 'Sudah', 'Sudah', '100854592', 367, '', 1, 1, NULL, NULL),
(867, 1, 1051, '', '', '', 0, 'Belum Lunas', 48, 1, NULL, NULL),
(868, 1, 1052, '', '', '', 0, 'Belum Lunas', 48, 1, NULL, NULL),
(869, 1, 1053, '', '', '', 0, 'Belum Lunas', 48, 1, NULL, NULL),
(870, 1, 1054, '', '', '', 0, 'Belum Lunas', 48, 1, NULL, NULL),
(871, 1, 1055, '', '', '', 0, 'Belum Lunas', 48, 1, NULL, NULL),
(872, 1, 1056, '', '', '', 0, 'Belum Lunas', 48, 1, NULL, NULL),
(873, 1, 1057, '', '', '', 0, 'Belum Lunas', 48, 1, NULL, NULL),
(874, 1, 1058, '', '', '', 0, 'Belum Lunas', 48, 1, NULL, NULL),
(875, 1, 1059, '', '', '', 0, 'Belum Lunas', 48, 1, NULL, NULL),
(876, 1, 1060, '', '', '', 0, 'Belum Lunas', 48, 1, NULL, NULL),
(877, 1, 1061, '', '', '', 0, 'Belum Lunas', 48, 1, NULL, NULL),
(878, 1, 1062, '', '', '', 0, 'Belum Lunas', 48, 1, NULL, NULL),
(879, 1, 1063, '', '', '', 0, 'Belum Lunas', 48, 1, NULL, NULL),
(880, 1, 1064, '', '', '', 0, 'Belum Lunas', 48, 1, NULL, NULL),
(881, 1, 1065, '', '', '', 0, 'Belum Lunas', 48, 1, NULL, NULL),
(882, 1, 1066, '', '', '', 0, 'Lunas', 47, 1, NULL, NULL),
(883, 1, 1067, '', '', '', 0, 'Lunas', 47, 1, NULL, NULL),
(884, 1, 1068, '', '', '', 0, 'Lunas', 47, 1, NULL, NULL),
(885, 1, 1069, '', '', '', 0, 'Lunas', 47, 1, NULL, NULL),
(886, 1, 1070, '', '', '', 0, 'Lunas', 47, 1, NULL, NULL),
(887, 1, 1071, 'Sudah', 'Sudah', '100675783', 552, 'Lunas', 1, 1, NULL, NULL),
(888, 1, 1072, '', '', '', 0, 'Lunas', 47, 1, NULL, NULL),
(889, 1, 1073, '', '', '', 0, 'Lunas', 47, 1, NULL, NULL),
(890, 1, 1074, '', '', '', 0, 'Lunas', 47, 1, NULL, NULL),
(891, 1, 1075, 'Sudah', 'Sudah', '100866258', 69, 'Lunas', 1, 1, NULL, NULL),
(892, 1, 1076, '', '', '', 0, 'Lunas', 47, 1, NULL, NULL),
(893, 1, 1077, 'Sudah', 'Sudah', '100918946', 602, 'Lunas', 1, 1, NULL, NULL),
(894, 1, 1078, 'Sudah', 'Sudah', '100231833', 504, 'Lunas', 1, 1, NULL, NULL),
(895, 1, 1079, '', '', '', 0, 'Lunas', 47, 1, NULL, NULL),
(896, 1, 1080, '', '', '', 0, 'Lunas', 47, 1, NULL, NULL),
(897, 1, 1081, '', '', '', 0, 'Belum Lunas', 49, 1, NULL, NULL),
(898, 1, 1082, '', '', '', 0, 'Belum Lunas', 49, 1, NULL, NULL),
(899, 1, 1083, '', '', '', 0, 'Belum Lunas', 49, 1, NULL, NULL),
(900, 1, 1084, '', '', '', 0, 'Belum Lunas', 49, 1, NULL, NULL),
(901, 1, 1085, '', '', '', 0, 'Belum Lunas', 49, 1, NULL, NULL),
(902, 1, 1086, '', '', '', 0, 'Belum Lunas', 49, 1, NULL, NULL),
(903, 1, 1087, '', '', '', 0, 'Belum Lunas', 50, 1, NULL, NULL),
(904, 1, 1088, '', '', '', 0, 'Belum Lunas', 50, 1, NULL, NULL),
(905, 1, 1089, '', '', '', 0, 'Belum Lunas', 50, 1, NULL, NULL),
(906, 1, 1090, '', '', '', 0, 'Belum Lunas', 50, 1, NULL, NULL),
(907, 1, 1091, '', '', '', 0, 'Belum Lunas', 50, 1, NULL, NULL),
(908, 1, 1092, '', '', '', 0, 'Belum Lunas', 50, 1, NULL, NULL),
(909, 1, 1093, '', '', '', 0, 'Belum Lunas', 50, 1, NULL, NULL),
(910, 1, 1094, '', '', '', 0, 'Belum Lunas', 50, 1, NULL, NULL),
(911, 1, 1095, '', '', '', 0, 'Belum Lunas', 50, 1, NULL, NULL),
(912, 1, 1096, '', '', '', 0, 'Lunas', 51, 1, NULL, NULL),
(913, 1, 1097, '', '', '', 0, 'Lunas', 51, 1, NULL, NULL),
(914, 1, 1098, '', '', '', 0, 'Lunas', 51, 1, NULL, NULL),
(915, 1, 1099, '', '', '', 0, 'Lunas', 51, 1, NULL, NULL),
(916, 1, 1100, '', '', '', 0, 'Lunas', 51, 1, NULL, NULL),
(917, 1, 1101, '', '', '', 0, 'Lunas', 51, 1, NULL, NULL),
(918, 1, 1102, '', '', '', 0, 'Lunas', 51, 1, NULL, NULL),
(919, 1, 1103, '', '', '', 0, 'Lunas', 51, 1, NULL, NULL),
(920, 1, 1104, '', '', '', 0, 'Lunas', 51, 1, NULL, NULL),
(921, 1, 1105, '', '', '', 0, 'Lunas', 51, 1, NULL, NULL),
(922, 1, 1106, '', '', '', 0, 'Lunas', 51, 1, NULL, NULL),
(923, 1, 1107, '', '', '', 0, 'Lunas', 51, 1, NULL, NULL),
(924, 1, 1108, '', '', '', 0, 'Lunas', 51, 1, NULL, NULL),
(925, 1, 1109, '', '', '', 0, 'Lunas', 51, 1, NULL, NULL),
(926, 1, 1110, '', '', '', 0, 'Lunas', 51, 1, NULL, NULL),
(927, 1, 1111, '', '', '', 0, 'Lunas', 51, 1, NULL, NULL),
(928, 1, 1112, '', '', '', 0, 'Lunas', 51, 1, NULL, NULL),
(929, 1, 1113, '', '', '', 0, 'Lunas', 51, 1, NULL, NULL),
(930, 1, 1114, '', '', '', 0, 'Lunas', 51, 1, NULL, NULL),
(931, 1, 1115, 'Sudah', 'Sudah', '100718287', 379, 'Lunas', 1, 1, NULL, NULL),
(932, 1, 1116, '', '', '', 0, 'Lunas', 51, 1, NULL, NULL),
(933, 1, 1117, '', '', '', 0, 'Lunas', 51, 1, NULL, NULL),
(934, 1, 1118, '', '', '', 0, 'Lunas', 51, 1, NULL, NULL),
(935, 1, 1119, '', '', '', 0, 'Lunas', 51, 1, NULL, NULL),
(936, 1, 1120, '', '', '', 0, 'Lunas', 51, 1, NULL, NULL),
(937, 1, 1121, '', '', '', 0, 'Lunas', 51, 1, NULL, NULL),
(938, 1, 1122, '', '', '', 0, 'Lunas', 51, 1, NULL, NULL),
(939, 1, 1123, '', '', '', 0, 'Lunas', 51, 1, NULL, NULL),
(940, 1, 1124, '', '', '', 0, 'Lunas', 51, 1, NULL, NULL),
(941, 1, 1125, '', '', '', 0, 'Lunas', 51, 1, NULL, NULL),
(942, 1, 1126, '', '', '', 0, 'Lunas', 51, 1, NULL, NULL),
(943, 1, 1127, '', '', '', 0, 'Lunas', 51, 1, NULL, NULL),
(944, 1, 1128, '', '', '', 0, 'Lunas', 51, 1, NULL, NULL),
(945, 1, 1129, '', '', '', 0, 'Lunas', 51, 1, NULL, NULL),
(946, 1, 1130, '', '', '', 0, 'Lunas', 51, 1, NULL, NULL),
(947, 1, 1131, '', '', '', 0, 'Lunas', 51, 1, NULL, NULL),
(948, 1, 1132, '', '', '', 0, 'Lunas', 51, 1, NULL, NULL),
(949, 1, 1133, '', '', '', 0, 'Lunas', 51, 1, NULL, NULL),
(950, 1, 1134, '', '', '', 0, 'Lunas', 51, 1, NULL, NULL),
(951, 1, 1135, '', '', '', 0, 'Lunas', 51, 1, NULL, NULL),
(952, 1, 1136, '', '', '', 0, 'Lunas', 51, 1, NULL, NULL),
(953, 1, 1137, '', '', '', 0, 'Lunas', 51, 1, NULL, NULL),
(954, 1, 1138, '', '', '', 0, 'Lunas', 51, 1, NULL, NULL),
(955, 1, 1139, '', '', '', 0, 'Lunas', 51, 1, NULL, NULL),
(956, 1, 1140, '', '', '', 0, 'Lunas', 51, 1, NULL, NULL),
(957, 1, 1141, '', '', '', 0, 'Lunas', 51, 1, NULL, NULL),
(958, 1, 1142, 'Sudah', 'Sudah', '100682752', 542, 'Lunas', 1, 1, NULL, NULL),
(959, 1, 1143, 'Sudah', 'Sudah', '100230868', 544, 'Lunas', 1, 1, NULL, NULL),
(960, 1, 1144, '', '', '', 0, 'Lunas', 51, 1, NULL, NULL),
(961, 1, 1145, '', '', '', 0, 'Lunas', 51, 1, NULL, NULL),
(962, 1, 1146, '', '', '', 0, 'Lunas', 51, 1, NULL, NULL),
(963, 1, 1147, '', '', '', 0, 'Lunas', 51, 1, NULL, NULL),
(964, 1, 1148, '', '', '', 0, 'Lunas', 51, 1, NULL, NULL),
(965, 1, 1149, '', '', '', 0, 'Lunas', 51, 1, NULL, NULL),
(966, 1, 1150, '', '', '', 0, 'Lunas', 51, 1, NULL, NULL),
(967, 1, 1151, '', '', '', 0, 'Lunas', 51, 1, NULL, NULL),
(968, 1, 1152, '', '', '', 0, 'Lunas', 51, 1, NULL, NULL),
(969, 1, 1153, '', '', '', 0, 'Lunas', 51, 1, NULL, NULL),
(970, 1, 1154, '', '', '', 0, 'Lunas', 51, 1, NULL, NULL),
(971, 1, 1155, '', '', '', 0, 'Lunas', 51, 1, NULL, NULL),
(972, 1, 1156, '', '', '', 0, 'Lunas', 51, 1, NULL, NULL),
(973, 1, 1157, '', '', '', 0, 'Lunas', 51, 1, NULL, NULL),
(974, 1, 1158, 'Sudah', 'Sudah', '100717396', 71, 'Lunas', 1, 1, NULL, NULL),
(975, 1, 1159, '', '', '', 0, 'Lunas', 51, 1, NULL, NULL),
(976, 1, 1160, '', '', '', 0, 'Lunas', 51, 1, NULL, NULL),
(977, 1, 1161, '', '', '', 0, 'Lunas', 51, 1, NULL, NULL),
(978, 1, 1162, 'Sudah', 'Sudah', '100278825', 389, 'Lunas', 1, 1, NULL, NULL),
(979, 1, 1163, '', '', '', 0, 'Lunas', 51, 1, NULL, NULL),
(980, 1, 1164, '', '', '', 0, 'Lunas', 51, 1, NULL, NULL),
(981, 1, 1165, '', '', '', 0, 'Lunas', 51, 1, NULL, NULL),
(982, 1, 1166, '', '', '', 0, 'Lunas', 51, 1, NULL, NULL),
(983, 1, 1167, '', '', '', 0, 'Lunas', 51, 1, NULL, NULL),
(984, 1, 1168, '', '', '', 0, 'Lunas', 51, 1, NULL, NULL),
(985, 1, 1243, NULL, NULL, NULL, NULL, NULL, 1, 1, NULL, NULL),
(986, 1, 1246, 'Sudah', 'Sudah', '100036333', 354, '', 1, 1, NULL, NULL),
(987, 1, 1249, 'Sudah', 'Sudah', '100439032', 355, '', 1, 1, NULL, NULL),
(988, 1, 1250, NULL, NULL, NULL, NULL, NULL, 1, 1, NULL, NULL),
(989, 1, 1253, NULL, NULL, NULL, NULL, NULL, 1, 1, NULL, NULL),
(990, 1, 1255, NULL, NULL, NULL, NULL, NULL, 1, 1, NULL, NULL),
(991, 1, 1256, NULL, NULL, NULL, NULL, NULL, 1, 1, NULL, NULL),
(992, 1, 1257, NULL, NULL, NULL, NULL, NULL, 1, 1, NULL, NULL),
(993, 1, 1264, NULL, NULL, NULL, NULL, NULL, 1, 1, NULL, NULL),
(994, 1, 1265, NULL, NULL, NULL, NULL, NULL, 1, 1, NULL, NULL),
(995, 2, 1169, 'Sudah', 'Sudah', '200069951', 1, 'Lunas', 1, 1, NULL, NULL),
(996, 2, 1170, 'Sudah', 'Sudah', '200448103', 2, 'Lunas', 1, 1, NULL, NULL),
(997, 2, 1171, 'Sudah', 'Sudah', '200169769', 3, 'Lunas', 1, 1, NULL, NULL),
(998, 2, 1172, 'Sudah', 'Sudah', '200827304', 4, 'Lunas', 1, 1, NULL, NULL),
(999, 2, 1173, 'Sudah', 'Sudah', '200799172', 5, 'Lunas', 1, 1, NULL, NULL),
(1000, 2, 1174, 'Sudah', 'Sudah', '200827111', 6, 'Lunas', 1, 1, NULL, NULL),
(1001, 2, 1175, 'Sudah', 'Sudah', '200157149', 7, 'Lunas', 1, 1, NULL, NULL),
(1002, 2, 1176, 'Sudah', 'Sudah', '200002754', 8, 'Lunas', 1, 1, NULL, NULL),
(1003, 2, 1177, 'Sudah', 'Sudah', '200258700', 9, 'Lunas', 1, 1, NULL, NULL),
(1004, 2, 1178, 'Sudah', 'Sudah', '200222559', 10, 'Lunas', 1, 1, NULL, NULL),
(1005, 2, 1179, 'Sudah', 'Sudah', '200208227', 11, 'Lunas', 1, 1, NULL, NULL),
(1006, 2, 1180, 'Sudah', 'Sudah', '200140500', 12, 'Lunas', 1, 1, NULL, NULL),
(1007, 2, 1181, 'Sudah', 'Sudah', '200829922', 13, 'Lunas', 1, 1, NULL, NULL),
(1008, 2, 1182, 'Sudah', 'Sudah', '200602345', 14, 'Lunas', 1, 1, NULL, NULL),
(1009, 2, 1183, 'Sudah', 'Sudah', '200739262', 15, 'Lunas', 1, 1, NULL, NULL),
(1010, 2, 1184, 'Sudah', 'Sudah', '200937444', 16, 'Lunas', 1, 1, NULL, NULL),
(1011, 2, 1185, 'Sudah', 'Sudah', '200435700', 17, 'Lunas', 1, 1, NULL, NULL),
(1012, 2, 1186, 'Sudah', 'Sudah', '200744666', 18, 'Lunas', 1, 1, NULL, NULL),
(1013, 2, 1187, 'Sudah', 'Sudah', '200902781', 19, 'Lunas', 1, 1, NULL, NULL),
(1014, 2, 1188, 'Sudah', 'Sudah', '200499003', 20, 'Lunas', 1, 1, NULL, NULL),
(1015, 2, 1189, 'Sudah', 'Sudah', '200159099', 21, 'Lunas', 1, 1, NULL, NULL),
(1016, 2, 1190, 'Sudah', 'Sudah', '200463414', 22, 'Lunas', 1, 1, NULL, NULL),
(1017, 2, 1191, 'Sudah', 'Sudah', '200142022', 23, 'Lunas', 1, 1, NULL, NULL),
(1018, 2, 1192, 'Sudah', 'Sudah', '200060942', 24, 'Lunas', 1, 1, NULL, NULL),
(1019, 2, 1193, 'Sudah', 'Sudah', '200015870', 25, 'Lunas', 1, 1, NULL, NULL),
(1020, 2, 1194, 'Sudah', 'Sudah', '200679787', 26, 'Lunas', 1, 1, NULL, NULL),
(1021, 2, 1195, 'Sudah', 'Sudah', '200950739', 27, 'Lunas', 1, 1, NULL, NULL),
(1022, 2, 1196, 'Sudah', 'Sudah', '200546509', 28, 'Lunas', 1, 1, NULL, NULL),
(1023, 2, 1197, 'Sudah', 'Sudah', '200417183', 29, 'Lunas', 1, 1, NULL, NULL),
(1024, 2, 1198, 'Sudah', 'Sudah', '200929238', 30, 'Lunas', 1, 1, NULL, NULL),
(1025, 2, 1199, 'Sudah', 'Sudah', '200948688', 31, 'Lunas', 1, 1, NULL, NULL),
(1026, 2, 1200, 'Sudah', 'Sudah', '200489343', 32, 'Lunas', 1, 1, NULL, NULL),
(1027, 2, 1201, 'Belum', 'Sudah', '200900346', 33, 'Lunas', 1, 1, NULL, NULL),
(1028, 2, 1202, 'Sudah', 'Sudah', '200904865', 34, 'Lunas', 1, 1, NULL, NULL),
(1029, 2, 1203, 'Sudah', 'Sudah', '200565494', 35, 'Lunas', 1, 1, NULL, NULL),
(1030, 2, 1204, 'Sudah', 'Sudah', '200976724', 67, 'Lunas', 1, 1, NULL, NULL),
(1031, 2, 1205, 'Sudah', 'Sudah', '200018809', 36, 'Lunas', 1, 1, NULL, NULL),
(1032, 2, 1206, 'Sudah', 'Sudah', '200130822', 37, 'Lunas', 1, 1, NULL, NULL),
(1033, 2, 1207, 'Sudah', 'Sudah', '200679168', 38, 'Lunas', 1, 1, NULL, NULL),
(1034, 2, 1208, 'Sudah', 'Sudah', '200080823', 39, 'Lunas', 1, 1, NULL, NULL),
(1035, 2, 1209, 'Sudah', 'Sudah', '200567454', 40, 'Lunas', 1, 1, NULL, NULL),
(1036, 2, 1210, 'Sudah', 'Sudah', '200094724', 41, 'Lunas', 1, 1, NULL, NULL),
(1037, 2, 1211, 'Sudah', 'Sudah', '200219152', 42, 'Lunas', 1, 1, NULL, NULL),
(1038, 2, 1212, 'Sudah', 'Sudah', '200365987', 43, 'Lunas', 1, 1, NULL, NULL),
(1039, 2, 1213, 'Sudah', 'Sudah', '200359273', 44, 'Lunas', 1, 1, NULL, NULL),
(1040, 2, 1214, 'Sudah', 'Sudah', '200303614', 45, 'Lunas', 1, 1, NULL, NULL),
(1041, 2, 1215, 'Sudah', 'Sudah', '200512562', 46, 'Lunas', 1, 1, NULL, NULL),
(1042, 2, 1216, 'Sudah', 'Sudah', '200482659', 47, 'Lunas', 1, 1, NULL, NULL),
(1043, 2, 1217, 'Sudah', 'Sudah', '200310927', 48, 'Lunas', 1, 1, NULL, NULL),
(1044, 2, 1218, 'Sudah', 'Sudah', '200282991', 49, 'Lunas', 1, 1, NULL, NULL),
(1045, 2, 1219, 'Sudah', 'Sudah', '200501330', 50, 'Lunas', 1, 1, NULL, NULL),
(1046, 2, 1220, 'Sudah', 'Sudah', '200252940', 51, 'Lunas', 1, 1, NULL, NULL),
(1047, 2, 1221, 'Sudah', 'Sudah', '200916987', 52, 'Lunas', 1, 1, NULL, NULL),
(1048, 2, 1222, 'Sudah', 'Sudah', '200949020', 53, 'Lunas', 1, 1, NULL, NULL),
(1049, 2, 1223, 'Sudah', 'Sudah', '200119074', 54, 'Lunas', 1, 1, NULL, NULL),
(1050, 2, 1224, 'Sudah', 'Sudah', '200423654', 55, 'Lunas', 1, 1, NULL, '2020-04-18 15:20:19'),
(1051, 2, 1225, 'Sudah', 'Sudah', '200110966', 56, 'Lunas', 1, 1, NULL, NULL),
(1052, 2, 1226, 'Belum', 'Sudah', '200065590', 57, 'Lunas', 2, 1, NULL, NULL),
(1053, 2, 1227, 'Belum', 'Sudah', '200210388', 58, 'Lunas', 2, 1, NULL, NULL),
(1054, 2, 1228, 'Belum', 'Sudah', '0', 59, 'Lunas', 2, 1, NULL, NULL),
(1055, 2, 1229, 'Belum', 'Sudah', '200130697', 60, 'Lunas', 2, 1, NULL, NULL),
(1056, 2, 1230, 'Belum', 'Sudah', '200383504', 61, 'Lunas', 2, 1, NULL, NULL),
(1057, 2, 1231, 'Belum', 'Sudah', '200169291', 62, 'Lunas', 2, 1, NULL, NULL),
(1058, 2, 1232, 'Sudah', 'Sudah', '200658408', 63, 'Lunas', 1, 1, NULL, NULL),
(1059, 2, 1233, 'Sudah', 'Sudah', '200259872', 64, 'Lunas', 1, 1, NULL, NULL),
(1060, 2, 1266, 'Sudah', 'Sudah', '200897869', 65, 'Lunas', 1, 1, NULL, NULL),
(1061, 2, 1267, 'Sudah', 'Sudah', '200296375', 66, 'Lunas', 1, 1, NULL, NULL),
(1062, 3, 1241, 'Sudah', 'Sudah', '1234', 1, 'Lunas', 3, 1, NULL, NULL),
(1063, 3, 1260, 'Sudah', 'Sudah', '5678', 2, 'Lunas', 3, 1, NULL, NULL),
(1069, 1, 1279, 'Sudah', 'Sudah', NULL, 0, 'Belum Lunas', 1, NULL, '2020-04-19 12:20:59', '2020-04-19 12:43:54'),
(1070, 1, 1280, 'Sudah', 'Sudah', NULL, 0, 'Lunas', 1, NULL, '2020-04-20 01:42:17', '2020-04-26 01:56:38'),
(1071, 181, 1286, 'Sudah', 'Sudah', NULL, 10000, 'Lunas', 1, NULL, '2020-05-21 02:46:56', '2020-06-18 12:11:31'),
(1072, 181, 1280, 'Belum', 'Belum', NULL, 0, 'Lunas', 1, NULL, '2020-05-21 03:20:26', '2020-05-21 03:20:26'),
(1073, 186, 1286, 'Belum', 'Belum', NULL, 0, 'Lunas', 1103, NULL, '2020-06-01 13:44:52', '2020-06-01 13:44:52'),
(1074, 184, 1286, 'Belum', 'Belum', NULL, 0, 'Lunas', 1103, NULL, '2020-06-09 08:34:42', '2020-06-09 08:34:42'),
(1075, 185, 1286, 'Belum', 'Belum', NULL, 0, 'Lunas', 1103, NULL, '2020-06-10 00:19:32', '2020-06-10 00:19:32'),
(1076, 183, 1286, 'Belum', 'Belum', NULL, 0, 'Lunas', 1103, NULL, '2020-06-10 00:22:54', '2020-06-10 00:22:54'),
(1077, 186, 1287, 'Belum', 'Belum', NULL, 0, 'Lunas', 1610, NULL, '2020-06-16 11:47:50', '2020-06-16 11:47:50'),
(1078, 188, 1286, 'Belum', 'Belum', NULL, 0, 'Lunas', 1103, NULL, '2020-06-17 08:40:12', '2020-06-17 08:40:12'),
(1079, 189, 1286, 'Belum', 'Belum', NULL, 10000, 'Belum Lunas', 1103, NULL, '2020-06-18 01:02:29', '2020-06-18 01:02:29'),
(1080, 190, 1286, 'Belum', 'Belum', NULL, 10000, 'Belum Lunas', 1103, NULL, '2020-06-18 01:18:17', '2020-06-18 01:18:17'),
(1081, 190, 1287, 'Belum', 'Belum', NULL, 10000, 'Lunas', 1610, NULL, '2020-06-18 01:27:33', '2020-06-18 07:37:31'),
(1082, 189, 1287, 'Belum', 'Belum', NULL, 10000, 'Belum Lunas', 1610, NULL, '2020-06-18 07:38:26', '2020-06-18 07:38:26'),
(1083, 181, 1287, 'Belum', 'Belum', NULL, 10000, 'Lunas', 1610, NULL, '2020-06-18 07:47:49', '2020-06-18 08:00:27'),
(1084, 189, 1289, 'Belum', 'Belum', NULL, 10000, 'Lunas', 3510, NULL, '2020-06-18 08:32:25', '2020-06-18 08:34:18'),
(1085, 201, 1286, 'Sudah', 'Sudah', NULL, 15000, 'Lunas', 1103, NULL, '2020-06-19 12:12:23', '2020-06-19 12:21:50'),
(1086, 202, 1286, 'Sudah', 'Sudah', NULL, 10000, 'Lunas', 1103, NULL, '2020-06-23 12:36:15', '2020-06-23 12:46:48'),
(1087, 201, 1289, 'Belum', 'Belum', NULL, 15000, 'Lunas', 3510, NULL, '2020-06-26 06:32:34', '2020-06-26 06:53:19'),
(1088, 202, 1292, 'Belum', 'Belum', NULL, 10000, 'Lunas', 3510, NULL, '2020-06-26 07:01:40', '2020-06-26 07:02:39'),
(1089, 202, 1295, 'Belum', 'Belum', NULL, 10000, 'Lunas', 3510, NULL, '2020-07-16 03:22:19', '2020-07-16 03:22:50'),
(1095, 202, 1296, 'Belum', 'Belum', NULL, 10000, 'Belum Lunas', 5107, NULL, '2020-07-20 06:14:40', '2020-07-20 06:14:40'),
(1096, 202, 1299, 'Belum', 'Belum', NULL, 10000, 'Lunas', 1101, NULL, '2020-08-07 12:25:57', '2020-08-07 13:31:03'),
(1099, 181, 1305, 'Belum', 'Belum', NULL, 0, 'Lunas', 1, NULL, '2020-08-15 07:20:12', '2020-08-15 07:20:12'),
(1100, 216, 1312, 'Belum', 'Belum', NULL, 0, 'Lunas', 1101, NULL, '2020-08-17 15:21:40', '2020-08-17 15:21:40'),
(1101, 217, 1312, 'Sudah', 'Sudah', NULL, 10000, 'Lunas', 1101, NULL, '2020-08-17 15:22:21', '2020-08-17 16:34:05'),
(1102, 186, 1312, 'Belum', 'Belum', NULL, 0, 'Lunas', 1101, NULL, '2020-08-18 02:53:30', '2020-08-18 02:53:30');

-- --------------------------------------------------------

--
-- Table structure for table `participant_group`
--

CREATE TABLE `participant_group` (
  `id` int(11) NOT NULL,
  `name` varchar(90) NOT NULL,
  `description` varchar(100) DEFAULT NULL
) ENGINE=InnoDB DEFAULT CHARSET=utf8;

--
-- Dumping data for table `participant_group`
--

INSERT INTO `participant_group` (`id`, `name`, `description`) VALUES
(1, 'Personal', 'Pendaftar Perorangan'),
(2, 'Kab. Jombang-1', ''),
(3, 'Kab. Jombang-2', ''),
(4, 'Kab. Jombang-3', ''),
(5, 'Kab. Jombang-4', ''),
(6, 'Kab. Jombang-5', ''),
(7, 'Kab. Jombang-6', ''),
(8, 'Kab. Jombang-7', ''),
(9, 'Kab. Jombang-8', ''),
(10, 'BPJS Gresik', ''),
(11, 'BOJONEGORO - Dr. WIDI', ''),
(12, 'BOJONEGORO - Dr. Amiroh', ''),
(13, 'BOJONEGORO - Dr. Siti Muslikhah', ''),
(14, 'SURABAYA - Dr. Alfita Widyaningrum', ''),
(15, 'KOTA KEDIRI 3 - Ibu Chreslina', ''),
(16, 'KOTA KEDIRI 1 (Ibu Chreslina)', ''),
(17, 'KOTA KEDIRI 5 (Ibu Chreslina)', ''),
(18, 'MALANG (Dr CECILIA)', ''),
(19, 'TRENGGALEK (Dr. Reza)', ''),
(20, 'KOTA KEDIRI 6 (ibu Chreslina)', ''),
(21, 'Kabupaten Kediri (Ester Hana)', ''),
(22, 'BANGKALAN', ''),
(23, 'MOJOKERTO', ''),
(24, 'NGANJUK', ''),
(25, 'KOTA KEDIRI 4 (Ibu Cheslina)', ''),
(26, 'KOTA KEDIRI 2 (Ibu Chreslina)', ''),
(27, 'PASURUAN KOTA 1 (Dr. Taliffia)', ''),
(28, 'TUBAN (dr. Moh. Masyhudi)', ''),
(29, 'SUMENEP ( Dr. AS\'AD ZAINUDIN )', ''),
(30, 'SIDOARJO (Dr. Indah Widyaningsih)', ''),
(31, 'Dr. Naila', ''),
(32, 'Dr. GRACE TANTI PUTRI', ''),
(33, 'RS PETROKIMIA GRESIK ( Dr. EKA )', ''),
(34, 'GRUP Dr. Nur Rahmi', ''),
(35, 'PASURUAN KOTA 2 (Dr. Taliffia)', ''),
(36, 'ONSITE', ''),
(37, 'PAMEKASAN (Dr. Didik Sukmo K)', ''),
(38, 'JEMBER (Dr. Lilik Lailiyah)', ''),
(39, 'BONDOWOSO (Dr. Devita)', ''),
(40, 'KUREKSARI (Dr. Pungky Suharto)', ''),
(41, 'GRUP Dr. Cut Ainunin Nova', ''),
(42, 'BOJONEGORO 1 (Dr. Arman)', ''),
(43, 'KOTA SIDOARJO (Dr. Rossari)', ''),
(44, 'SAMPANG', ''),
(45, 'IDI Sby - GL Benny', ''),
(46, 'IDI Sby - GL Deni', ''),
(47, 'IDI Sby', ''),
(48, 'IDI Sby - GL Raymon', ''),
(49, 'GL DEXA (Transfer NRD)', ''),
(50, 'IDI Sby - GL Andrew', ''),
(51, 'Pengurus PDUI Jatim', '');

-- --------------------------------------------------------

--
-- Table structure for table `participant_order_history`
--

CREATE TABLE `participant_order_history` (
  `id` int(11) NOT NULL,
  `status` varchar(45) NOT NULL,
  `created_at` timestamp NULL DEFAULT NULL,
  `updated_at` timestamp NULL DEFAULT NULL,
  `participant_event_id` int(11) NOT NULL,
  `participant_user_id` int(11) NOT NULL,
  `id_invoice` varchar(45) NOT NULL
) ENGINE=InnoDB DEFAULT CHARSET=utf8mb4;

--
-- Dumping data for table `participant_order_history`
--

INSERT INTO `participant_order_history` (`id`, `status`, `created_at`, `updated_at`, `participant_event_id`, `participant_user_id`, `id_invoice`) VALUES
(1, 'PAID', '2020-04-26 01:49:56', '2020-04-26 01:50:55', 1, 1280, '5ea4e8c41c9cf11118cbf54e'),
(2, 'PAID', '2020-04-26 01:55:43', '2020-04-26 01:56:38', 1, 1280, '5ea4ea1e1c9cf11118cbf553'),
(3, 'PAID', '2020-05-21 02:46:58', '2020-05-21 02:59:14', 181, 1286, '5ec5eba20d071f1fd259777b'),
(4, 'PAID', '2020-05-21 03:20:26', '2020-05-21 03:20:26', 181, 1280, 'no invoice'),
(5, 'PAID', '2020-06-01 13:44:52', '2020-06-01 13:44:52', 186, 1286, 'no invoice'),
(6, 'PAID', '2020-06-09 08:34:42', '2020-06-09 08:34:42', 184, 1286, 'no invoice'),
(7, 'PAID', '2020-06-10 00:19:32', '2020-06-10 00:19:32', 185, 1286, 'no invoice'),
(8, 'PAID', '2020-06-10 00:22:54', '2020-06-10 00:22:54', 183, 1286, 'no invoice'),
(9, 'PAID', '2020-06-16 11:47:50', '2020-06-16 11:47:50', 186, 1287, 'no invoice'),
(10, 'PAID', '2020-06-17 08:40:12', '2020-06-17 08:40:12', 188, 1286, 'no invoice'),
(11, 'EXPIRED', '2020-06-18 01:02:30', '2020-06-26 01:08:33', 189, 1286, '5eeabd279c739f01d349af80'),
(12, 'EXPIRED', '2020-06-18 01:18:18', '2020-06-26 01:08:28', 190, 1286, '5eeac0dc9c739f01d349af94'),
(13, 'PAID', '2020-06-18 01:27:34', '2020-06-18 07:37:31', 190, 1287, '5eeac3089c739f01d349af97'),
(14, 'EXPIRED', '2020-06-18 07:38:27', '2020-06-26 01:07:48', 189, 1287, '5eeb19f69c739f01d349b322'),
(15, 'PAID', '2020-06-18 07:47:51', '2020-06-18 08:00:27', 181, 1287, '5eeb1c299c739f01d349b343'),
(16, 'PAID', '2020-06-18 08:32:32', '2020-06-18 08:34:18', 189, 1289, '5eeb26a19c739f01d349b3c0'),
(17, 'PAID', '2020-06-19 12:12:25', '2020-06-19 12:20:17', 201, 1286, '5eecaba99c739f01d349c015'),
(18, 'PAID', '2020-06-23 12:36:18', '2020-06-23 12:46:26', 202, 1286, '5ef1f742fc16440c0fd4e8ff'),
(19, 'PAID', '2020-06-26 06:32:35', '2020-06-26 06:53:19', 201, 1289, '5ef59683ba6db145ba8c897c'),
(20, 'PAID', '2020-06-26 07:01:43', '2020-06-26 07:02:39', 202, 1292, '5ef59d58ba6db145ba8c89ce'),
(21, 'PAID', '2020-07-16 03:22:22', '2020-07-16 03:22:50', 202, 1295, '5f0fc7ef2f0d48403e91b1ef'),
(26, 'PENDING', '2020-07-20 06:14:41', '2020-07-20 06:14:41', 202, 1296, '5f1536521d9a2e2a6feb9196'),
(27, 'PAID', '2020-08-07 12:26:07', '2020-08-07 13:31:03', 202, 1299, '5f2d485df7c70640309efd47'),
(29, 'PAID', '2020-08-15 07:19:24', '2020-08-15 07:19:24', 181, 1305, 'no invoice'),
(30, 'PAID', '2020-08-15 07:20:12', '2020-08-15 07:20:12', 181, 1305, 'no invoice'),
(31, 'PAID', '2020-08-17 15:21:40', '2020-08-17 15:21:40', 216, 1312, 'no invoice'),
(32, 'PAID', '2020-08-17 15:22:26', '2020-08-17 15:27:09', 217, 1312, '5f3aa0b15d8d58401e0a1e59'),
(33, 'PAID', '2020-08-18 02:53:30', '2020-08-18 02:53:30', 186, 1312, 'no invoice');

-- --------------------------------------------------------

--
-- Table structure for table `participant_refund_order`
--

CREATE TABLE `participant_refund_order` (
  `id` int(11) NOT NULL,
  `id_disbursement` varchar(255) NOT NULL,
  `participant_user_id` varchar(30) NOT NULL,
  `created_at` timestamp NULL DEFAULT NULL,
  `updated_at` timestamp NULL DEFAULT NULL,
  `status` varchar(45) NOT NULL,
  `participant_event_id` int(10) NOT NULL
) ENGINE=InnoDB DEFAULT CHARSET=utf8mb4;

--
-- Dumping data for table `participant_refund_order`
--

INSERT INTO `participant_refund_order` (`id`, `id_disbursement`, `participant_user_id`, `created_at`, `updated_at`, `status`, `participant_event_id`) VALUES
(1, '5efc2b49b15dc10019fafbc5', '1', '2020-07-01 06:20:56', '2020-07-01 06:20:56', 'Pending', 127),
(2, '5f126a841c2bf00017214fc2', '1296', '2020-07-18 03:20:34', '2020-07-18 03:20:34', 'Pending', 126),
(3, '5f126ae11c2bf00017214fc3', '1295', '2020-07-18 03:22:06', '2020-07-18 03:37:34', 'COMPLETED', 125),
(4, '5f129619f99232001878733a', '1296', '2020-07-18 06:26:33', '2020-07-18 06:26:35', 'COMPLETED', 200),
(5, '5f129be7f992320018787341', '1296', '2020-07-18 06:51:19', '2020-07-18 06:51:21', 'COMPLETED', 200),
(6, '5f152251f9923200187873c0', '1296', '2020-07-20 04:49:19', '2020-07-20 04:49:22', 'COMPLETED', 189),
(7, '5f152bd11c2bf00017215045', '1296', '2020-07-20 05:29:52', '2020-07-20 05:29:54', 'COMPLETED', 202),
(8, '5f1535c31c2bf0001721504a', '1296', '2020-07-20 06:12:18', '2020-07-20 06:12:20', 'COMPLETED', 202);

-- --------------------------------------------------------

--
-- Table structure for table `payment_type`
--

CREATE TABLE `payment_type` (
  `id` int(11) NOT NULL,
  `name` varchar(45) NOT NULL
) ENGINE=InnoDB DEFAULT CHARSET=utf8;

--
-- Dumping data for table `payment_type`
--

INSERT INTO `payment_type` (`id`, `name`) VALUES
(1, 'Normal'),
(2, 'Paket Grup'),
(3, 'Early Bird 1');

-- --------------------------------------------------------

--
-- Table structure for table `provinces`
--

CREATE TABLE `provinces` (
  `id` char(2) COLLATE utf8_unicode_ci NOT NULL,
  `name` varchar(255) COLLATE utf8_unicode_ci NOT NULL
) ENGINE=InnoDB DEFAULT CHARSET=utf8 COLLATE=utf8_unicode_ci;

--
-- Dumping data for table `provinces`
--

INSERT INTO `provinces` (`id`, `name`) VALUES
('11', 'ACEH'),
('12', 'SUMATERA UTARA'),
('13', 'SUMATERA BARAT'),
('14', 'RIAU'),
('15', 'JAMBI'),
('16', 'SUMATERA SELATAN'),
('17', 'BENGKULU'),
('18', 'LAMPUNG'),
('19', 'KEPULAUAN BANGKA BELITUNG'),
('21', 'KEPULAUAN RIAU'),
('31', 'DKI JAKARTA'),
('32', 'JAWA BARAT'),
('33', 'JAWA TENGAH'),
('34', 'DI YOGYAKARTA'),
('35', 'JAWA TIMUR'),
('36', 'BANTEN'),
('51', 'BALI'),
('52', 'NUSA TENGGARA BARAT'),
('53', 'NUSA TENGGARA TIMUR'),
('61', 'KALIMANTAN BARAT'),
('62', 'KALIMANTAN TENGAH'),
('63', 'KALIMANTAN SELATAN'),
('64', 'KALIMANTAN TIMUR'),
('65', 'KALIMANTAN UTARA'),
('71', 'SULAWESI UTARA'),
('72', 'SULAWESI TENGAH'),
('73', 'SULAWESI SELATAN'),
('74', 'SULAWESI TENGGARA'),
('75', 'GORONTALO'),
('76', 'SULAWESI BARAT'),
('81', 'MALUKU'),
('82', 'MALUKU UTARA'),
('91', 'PAPUA BARAT'),
('94', 'PAPUA');

-- --------------------------------------------------------

--
-- Table structure for table `regencies`
--

CREATE TABLE `regencies` (
  `id` char(4) COLLATE utf8_unicode_ci NOT NULL,
  `province_id` char(2) COLLATE utf8_unicode_ci NOT NULL,
  `name` varchar(255) COLLATE utf8_unicode_ci NOT NULL
) ENGINE=InnoDB DEFAULT CHARSET=utf8 COLLATE=utf8_unicode_ci;

--
-- Dumping data for table `regencies`
--

INSERT INTO `regencies` (`id`, `province_id`, `name`) VALUES
('1101', '11', 'KABUPATEN SIMEULUE'),
('1102', '11', 'KABUPATEN ACEH SINGKIL'),
('1103', '11', 'KABUPATEN ACEH SELATAN'),
('1104', '11', 'KABUPATEN ACEH TENGGARA'),
('1105', '11', 'KABUPATEN ACEH TIMUR'),
('1106', '11', 'KABUPATEN ACEH TENGAH'),
('1107', '11', 'KABUPATEN ACEH BARAT'),
('1108', '11', 'KABUPATEN ACEH BESAR'),
('1109', '11', 'KABUPATEN PIDIE'),
('1110', '11', 'KABUPATEN BIREUEN'),
('1111', '11', 'KABUPATEN ACEH UTARA'),
('1112', '11', 'KABUPATEN ACEH BARAT DAYA'),
('1113', '11', 'KABUPATEN GAYO LUES'),
('1114', '11', 'KABUPATEN ACEH TAMIANG'),
('1115', '11', 'KABUPATEN NAGAN RAYA'),
('1116', '11', 'KABUPATEN ACEH JAYA'),
('1117', '11', 'KABUPATEN BENER MERIAH'),
('1118', '11', 'KABUPATEN PIDIE JAYA'),
('1171', '11', 'KOTA BANDA ACEH'),
('1172', '11', 'KOTA SABANG'),
('1173', '11', 'KOTA LANGSA'),
('1174', '11', 'KOTA LHOKSEUMAWE'),
('1175', '11', 'KOTA SUBULUSSALAM'),
('1201', '12', 'KABUPATEN NIAS'),
('1202', '12', 'KABUPATEN MANDAILING NATAL'),
('1203', '12', 'KABUPATEN TAPANULI SELATAN'),
('1204', '12', 'KABUPATEN TAPANULI TENGAH'),
('1205', '12', 'KABUPATEN TAPANULI UTARA'),
('1206', '12', 'KABUPATEN TOBA SAMOSIR'),
('1207', '12', 'KABUPATEN LABUHAN BATU'),
('1208', '12', 'KABUPATEN ASAHAN'),
('1209', '12', 'KABUPATEN SIMALUNGUN'),
('1210', '12', 'KABUPATEN DAIRI'),
('1211', '12', 'KABUPATEN KARO'),
('1212', '12', 'KABUPATEN DELI SERDANG'),
('1213', '12', 'KABUPATEN LANGKAT'),
('1214', '12', 'KABUPATEN NIAS SELATAN'),
('1215', '12', 'KABUPATEN HUMBANG HASUNDUTAN'),
('1216', '12', 'KABUPATEN PAKPAK BHARAT'),
('1217', '12', 'KABUPATEN SAMOSIR'),
('1218', '12', 'KABUPATEN SERDANG BEDAGAI'),
('1219', '12', 'KABUPATEN BATU BARA'),
('1220', '12', 'KABUPATEN PADANG LAWAS UTARA'),
('1221', '12', 'KABUPATEN PADANG LAWAS'),
('1222', '12', 'KABUPATEN LABUHAN BATU SELATAN'),
('1223', '12', 'KABUPATEN LABUHAN BATU UTARA'),
('1224', '12', 'KABUPATEN NIAS UTARA'),
('1225', '12', 'KABUPATEN NIAS BARAT'),
('1271', '12', 'KOTA SIBOLGA'),
('1272', '12', 'KOTA TANJUNG BALAI'),
('1273', '12', 'KOTA PEMATANG SIANTAR'),
('1274', '12', 'KOTA TEBING TINGGI'),
('1275', '12', 'KOTA MEDAN'),
('1276', '12', 'KOTA BINJAI'),
('1277', '12', 'KOTA PADANGSIDIMPUAN'),
('1278', '12', 'KOTA GUNUNGSITOLI'),
('1301', '13', 'KABUPATEN KEPULAUAN MENTAWAI'),
('1302', '13', 'KABUPATEN PESISIR SELATAN'),
('1303', '13', 'KABUPATEN SOLOK'),
('1304', '13', 'KABUPATEN SIJUNJUNG'),
('1305', '13', 'KABUPATEN TANAH DATAR'),
('1306', '13', 'KABUPATEN PADANG PARIAMAN'),
('1307', '13', 'KABUPATEN AGAM'),
('1308', '13', 'KABUPATEN LIMA PULUH KOTA'),
('1309', '13', 'KABUPATEN PASAMAN'),
('1310', '13', 'KABUPATEN SOLOK SELATAN'),
('1311', '13', 'KABUPATEN DHARMASRAYA'),
('1312', '13', 'KABUPATEN PASAMAN BARAT'),
('1371', '13', 'KOTA PADANG'),
('1372', '13', 'KOTA SOLOK'),
('1373', '13', 'KOTA SAWAH LUNTO'),
('1374', '13', 'KOTA PADANG PANJANG'),
('1375', '13', 'KOTA BUKITTINGGI'),
('1376', '13', 'KOTA PAYAKUMBUH'),
('1377', '13', 'KOTA PARIAMAN'),
('1401', '14', 'KABUPATEN KUANTAN SINGINGI'),
('1402', '14', 'KABUPATEN INDRAGIRI HULU'),
('1403', '14', 'KABUPATEN INDRAGIRI HILIR'),
('1404', '14', 'KABUPATEN PELALAWAN'),
('1405', '14', 'KABUPATEN S I A K'),
('1406', '14', 'KABUPATEN KAMPAR'),
('1407', '14', 'KABUPATEN ROKAN HULU'),
('1408', '14', 'KABUPATEN BENGKALIS'),
('1409', '14', 'KABUPATEN ROKAN HILIR'),
('1410', '14', 'KABUPATEN KEPULAUAN MERANTI'),
('1471', '14', 'KOTA PEKANBARU'),
('1473', '14', 'KOTA D U M A I'),
('1501', '15', 'KABUPATEN KERINCI'),
('1502', '15', 'KABUPATEN MERANGIN'),
('1503', '15', 'KABUPATEN SAROLANGUN'),
('1504', '15', 'KABUPATEN BATANG HARI'),
('1505', '15', 'KABUPATEN MUARO JAMBI'),
('1506', '15', 'KABUPATEN TANJUNG JABUNG TIMUR'),
('1507', '15', 'KABUPATEN TANJUNG JABUNG BARAT'),
('1508', '15', 'KABUPATEN TEBO'),
('1509', '15', 'KABUPATEN BUNGO'),
('1571', '15', 'KOTA JAMBI'),
('1572', '15', 'KOTA SUNGAI PENUH'),
('1601', '16', 'KABUPATEN OGAN KOMERING ULU'),
('1602', '16', 'KABUPATEN OGAN KOMERING ILIR'),
('1603', '16', 'KABUPATEN MUARA ENIM'),
('1604', '16', 'KABUPATEN LAHAT'),
('1605', '16', 'KABUPATEN MUSI RAWAS'),
('1606', '16', 'KABUPATEN MUSI BANYUASIN'),
('1607', '16', 'KABUPATEN BANYU ASIN'),
('1608', '16', 'KABUPATEN OGAN KOMERING ULU SELATAN'),
('1609', '16', 'KABUPATEN OGAN KOMERING ULU TIMUR'),
('1610', '16', 'KABUPATEN OGAN ILIR'),
('1611', '16', 'KABUPATEN EMPAT LAWANG'),
('1612', '16', 'KABUPATEN PENUKAL ABAB LEMATANG ILIR'),
('1613', '16', 'KABUPATEN MUSI RAWAS UTARA'),
('1671', '16', 'KOTA PALEMBANG'),
('1672', '16', 'KOTA PRABUMULIH'),
('1673', '16', 'KOTA PAGAR ALAM'),
('1674', '16', 'KOTA LUBUKLINGGAU'),
('1701', '17', 'KABUPATEN BENGKULU SELATAN'),
('1702', '17', 'KABUPATEN REJANG LEBONG'),
('1703', '17', 'KABUPATEN BENGKULU UTARA'),
('1704', '17', 'KABUPATEN KAUR'),
('1705', '17', 'KABUPATEN SELUMA'),
('1706', '17', 'KABUPATEN MUKOMUKO'),
('1707', '17', 'KABUPATEN LEBONG'),
('1708', '17', 'KABUPATEN KEPAHIANG'),
('1709', '17', 'KABUPATEN BENGKULU TENGAH'),
('1771', '17', 'KOTA BENGKULU'),
('1801', '18', 'KABUPATEN LAMPUNG BARAT'),
('1802', '18', 'KABUPATEN TANGGAMUS'),
('1803', '18', 'KABUPATEN LAMPUNG SELATAN'),
('1804', '18', 'KABUPATEN LAMPUNG TIMUR'),
('1805', '18', 'KABUPATEN LAMPUNG TENGAH'),
('1806', '18', 'KABUPATEN LAMPUNG UTARA'),
('1807', '18', 'KABUPATEN WAY KANAN'),
('1808', '18', 'KABUPATEN TULANGBAWANG'),
('1809', '18', 'KABUPATEN PESAWARAN'),
('1810', '18', 'KABUPATEN PRINGSEWU'),
('1811', '18', 'KABUPATEN MESUJI'),
('1812', '18', 'KABUPATEN TULANG BAWANG BARAT'),
('1813', '18', 'KABUPATEN PESISIR BARAT'),
('1871', '18', 'KOTA BANDAR LAMPUNG'),
('1872', '18', 'KOTA METRO'),
('1901', '19', 'KABUPATEN BANGKA'),
('1902', '19', 'KABUPATEN BELITUNG'),
('1903', '19', 'KABUPATEN BANGKA BARAT'),
('1904', '19', 'KABUPATEN BANGKA TENGAH'),
('1905', '19', 'KABUPATEN BANGKA SELATAN'),
('1906', '19', 'KABUPATEN BELITUNG TIMUR'),
('1971', '19', 'KOTA PANGKAL PINANG'),
('2101', '21', 'KABUPATEN KARIMUN'),
('2102', '21', 'KABUPATEN BINTAN'),
('2103', '21', 'KABUPATEN NATUNA'),
('2104', '21', 'KABUPATEN LINGGA'),
('2105', '21', 'KABUPATEN KEPULAUAN ANAMBAS'),
('2171', '21', 'KOTA B A T A M'),
('2172', '21', 'KOTA TANJUNG PINANG'),
('3101', '31', 'KABUPATEN KEPULAUAN SERIBU'),
('3171', '31', 'KOTA JAKARTA SELATAN'),
('3172', '31', 'KOTA JAKARTA TIMUR'),
('3173', '31', 'KOTA JAKARTA PUSAT'),
('3174', '31', 'KOTA JAKARTA BARAT'),
('3175', '31', 'KOTA JAKARTA UTARA'),
('3201', '32', 'KABUPATEN BOGOR'),
('3202', '32', 'KABUPATEN SUKABUMI'),
('3203', '32', 'KABUPATEN CIANJUR'),
('3204', '32', 'KABUPATEN BANDUNG'),
('3205', '32', 'KABUPATEN GARUT'),
('3206', '32', 'KABUPATEN TASIKMALAYA'),
('3207', '32', 'KABUPATEN CIAMIS'),
('3208', '32', 'KABUPATEN KUNINGAN'),
('3209', '32', 'KABUPATEN CIREBON'),
('3210', '32', 'KABUPATEN MAJALENGKA'),
('3211', '32', 'KABUPATEN SUMEDANG'),
('3212', '32', 'KABUPATEN INDRAMAYU'),
('3213', '32', 'KABUPATEN SUBANG'),
('3214', '32', 'KABUPATEN PURWAKARTA'),
('3215', '32', 'KABUPATEN KARAWANG'),
('3216', '32', 'KABUPATEN BEKASI'),
('3217', '32', 'KABUPATEN BANDUNG BARAT'),
('3218', '32', 'KABUPATEN PANGANDARAN'),
('3271', '32', 'KOTA BOGOR'),
('3272', '32', 'KOTA SUKABUMI'),
('3273', '32', 'KOTA BANDUNG'),
('3274', '32', 'KOTA CIREBON'),
('3275', '32', 'KOTA BEKASI'),
('3276', '32', 'KOTA DEPOK'),
('3277', '32', 'KOTA CIMAHI'),
('3278', '32', 'KOTA TASIKMALAYA'),
('3279', '32', 'KOTA BANJAR'),
('3301', '33', 'KABUPATEN CILACAP'),
('3302', '33', 'KABUPATEN BANYUMAS'),
('3303', '33', 'KABUPATEN PURBALINGGA'),
('3304', '33', 'KABUPATEN BANJARNEGARA'),
('3305', '33', 'KABUPATEN KEBUMEN'),
('3306', '33', 'KABUPATEN PURWOREJO'),
('3307', '33', 'KABUPATEN WONOSOBO'),
('3308', '33', 'KABUPATEN MAGELANG'),
('3309', '33', 'KABUPATEN BOYOLALI'),
('3310', '33', 'KABUPATEN KLATEN'),
('3311', '33', 'KABUPATEN SUKOHARJO'),
('3312', '33', 'KABUPATEN WONOGIRI'),
('3313', '33', 'KABUPATEN KARANGANYAR'),
('3314', '33', 'KABUPATEN SRAGEN'),
('3315', '33', 'KABUPATEN GROBOGAN'),
('3316', '33', 'KABUPATEN BLORA'),
('3317', '33', 'KABUPATEN REMBANG'),
('3318', '33', 'KABUPATEN PATI'),
('3319', '33', 'KABUPATEN KUDUS'),
('3320', '33', 'KABUPATEN JEPARA'),
('3321', '33', 'KABUPATEN DEMAK'),
('3322', '33', 'KABUPATEN SEMARANG'),
('3323', '33', 'KABUPATEN TEMANGGUNG'),
('3324', '33', 'KABUPATEN KENDAL'),
('3325', '33', 'KABUPATEN BATANG'),
('3326', '33', 'KABUPATEN PEKALONGAN'),
('3327', '33', 'KABUPATEN PEMALANG'),
('3328', '33', 'KABUPATEN TEGAL'),
('3329', '33', 'KABUPATEN BREBES'),
('3371', '33', 'KOTA MAGELANG'),
('3372', '33', 'KOTA SURAKARTA'),
('3373', '33', 'KOTA SALATIGA'),
('3374', '33', 'KOTA SEMARANG'),
('3375', '33', 'KOTA PEKALONGAN'),
('3376', '33', 'KOTA TEGAL'),
('3401', '34', 'KABUPATEN KULON PROGO'),
('3402', '34', 'KABUPATEN BANTUL'),
('3403', '34', 'KABUPATEN GUNUNG KIDUL'),
('3404', '34', 'KABUPATEN SLEMAN'),
('3471', '34', 'KOTA YOGYAKARTA'),
('3501', '35', 'KABUPATEN PACITAN'),
('3502', '35', 'KABUPATEN PONOROGO'),
('3503', '35', 'KABUPATEN TRENGGALEK'),
('3504', '35', 'KABUPATEN TULUNGAGUNG'),
('3505', '35', 'KABUPATEN BLITAR'),
('3506', '35', 'KABUPATEN KEDIRI'),
('3507', '35', 'KABUPATEN MALANG'),
('3508', '35', 'KABUPATEN LUMAJANG'),
('3509', '35', 'KABUPATEN JEMBER'),
('3510', '35', 'KABUPATEN BANYUWANGI'),
('3511', '35', 'KABUPATEN BONDOWOSO'),
('3512', '35', 'KABUPATEN SITUBONDO'),
('3513', '35', 'KABUPATEN PROBOLINGGO'),
('3514', '35', 'KABUPATEN PASURUAN'),
('3515', '35', 'KABUPATEN SIDOARJO'),
('3516', '35', 'KABUPATEN MOJOKERTO'),
('3517', '35', 'KABUPATEN JOMBANG'),
('3518', '35', 'KABUPATEN NGANJUK'),
('3519', '35', 'KABUPATEN MADIUN'),
('3520', '35', 'KABUPATEN MAGETAN'),
('3521', '35', 'KABUPATEN NGAWI'),
('3522', '35', 'KABUPATEN BOJONEGORO'),
('3523', '35', 'KABUPATEN TUBAN'),
('3524', '35', 'KABUPATEN LAMONGAN'),
('3525', '35', 'KABUPATEN GRESIK'),
('3526', '35', 'KABUPATEN BANGKALAN'),
('3527', '35', 'KABUPATEN SAMPANG'),
('3528', '35', 'KABUPATEN PAMEKASAN'),
('3529', '35', 'KABUPATEN SUMENEP'),
('3571', '35', 'KOTA KEDIRI'),
('3572', '35', 'KOTA BLITAR'),
('3573', '35', 'KOTA MALANG'),
('3574', '35', 'KOTA PROBOLINGGO'),
('3575', '35', 'KOTA PASURUAN'),
('3576', '35', 'KOTA MOJOKERTO'),
('3577', '35', 'KOTA MADIUN'),
('3578', '35', 'KOTA SURABAYA'),
('3579', '35', 'KOTA BATU'),
('3601', '36', 'KABUPATEN PANDEGLANG'),
('3602', '36', 'KABUPATEN LEBAK'),
('3603', '36', 'KABUPATEN TANGERANG'),
('3604', '36', 'KABUPATEN SERANG'),
('3671', '36', 'KOTA TANGERANG'),
('3672', '36', 'KOTA CILEGON'),
('3673', '36', 'KOTA SERANG'),
('3674', '36', 'KOTA TANGERANG SELATAN'),
('5101', '51', 'KABUPATEN JEMBRANA'),
('5102', '51', 'KABUPATEN TABANAN'),
('5103', '51', 'KABUPATEN BADUNG'),
('5104', '51', 'KABUPATEN GIANYAR'),
('5105', '51', 'KABUPATEN KLUNGKUNG'),
('5106', '51', 'KABUPATEN BANGLI'),
('5107', '51', 'KABUPATEN KARANG ASEM'),
('5108', '51', 'KABUPATEN BULELENG'),
('5171', '51', 'KOTA DENPASAR'),
('5201', '52', 'KABUPATEN LOMBOK BARAT'),
('5202', '52', 'KABUPATEN LOMBOK TENGAH'),
('5203', '52', 'KABUPATEN LOMBOK TIMUR'),
('5204', '52', 'KABUPATEN SUMBAWA'),
('5205', '52', 'KABUPATEN DOMPU'),
('5206', '52', 'KABUPATEN BIMA'),
('5207', '52', 'KABUPATEN SUMBAWA BARAT'),
('5208', '52', 'KABUPATEN LOMBOK UTARA'),
('5271', '52', 'KOTA MATARAM'),
('5272', '52', 'KOTA BIMA'),
('5301', '53', 'KABUPATEN SUMBA BARAT'),
('5302', '53', 'KABUPATEN SUMBA TIMUR'),
('5303', '53', 'KABUPATEN KUPANG'),
('5304', '53', 'KABUPATEN TIMOR TENGAH SELATAN'),
('5305', '53', 'KABUPATEN TIMOR TENGAH UTARA'),
('5306', '53', 'KABUPATEN BELU'),
('5307', '53', 'KABUPATEN ALOR'),
('5308', '53', 'KABUPATEN LEMBATA'),
('5309', '53', 'KABUPATEN FLORES TIMUR'),
('5310', '53', 'KABUPATEN SIKKA'),
('5311', '53', 'KABUPATEN ENDE'),
('5312', '53', 'KABUPATEN NGADA'),
('5313', '53', 'KABUPATEN MANGGARAI'),
('5314', '53', 'KABUPATEN ROTE NDAO'),
('5315', '53', 'KABUPATEN MANGGARAI BARAT'),
('5316', '53', 'KABUPATEN SUMBA TENGAH'),
('5317', '53', 'KABUPATEN SUMBA BARAT DAYA'),
('5318', '53', 'KABUPATEN NAGEKEO'),
('5319', '53', 'KABUPATEN MANGGARAI TIMUR'),
('5320', '53', 'KABUPATEN SABU RAIJUA'),
('5321', '53', 'KABUPATEN MALAKA'),
('5371', '53', 'KOTA KUPANG'),
('6101', '61', 'KABUPATEN SAMBAS'),
('6102', '61', 'KABUPATEN BENGKAYANG'),
('6103', '61', 'KABUPATEN LANDAK'),
('6104', '61', 'KABUPATEN MEMPAWAH'),
('6105', '61', 'KABUPATEN SANGGAU'),
('6106', '61', 'KABUPATEN KETAPANG'),
('6107', '61', 'KABUPATEN SINTANG'),
('6108', '61', 'KABUPATEN KAPUAS HULU'),
('6109', '61', 'KABUPATEN SEKADAU'),
('6110', '61', 'KABUPATEN MELAWI'),
('6111', '61', 'KABUPATEN KAYONG UTARA'),
('6112', '61', 'KABUPATEN KUBU RAYA'),
('6171', '61', 'KOTA PONTIANAK'),
('6172', '61', 'KOTA SINGKAWANG'),
('6201', '62', 'KABUPATEN KOTAWARINGIN BARAT'),
('6202', '62', 'KABUPATEN KOTAWARINGIN TIMUR'),
('6203', '62', 'KABUPATEN KAPUAS'),
('6204', '62', 'KABUPATEN BARITO SELATAN'),
('6205', '62', 'KABUPATEN BARITO UTARA'),
('6206', '62', 'KABUPATEN SUKAMARA'),
('6207', '62', 'KABUPATEN LAMANDAU'),
('6208', '62', 'KABUPATEN SERUYAN'),
('6209', '62', 'KABUPATEN KATINGAN'),
('6210', '62', 'KABUPATEN PULANG PISAU'),
('6211', '62', 'KABUPATEN GUNUNG MAS'),
('6212', '62', 'KABUPATEN BARITO TIMUR'),
('6213', '62', 'KABUPATEN MURUNG RAYA'),
('6271', '62', 'KOTA PALANGKA RAYA'),
('6301', '63', 'KABUPATEN TANAH LAUT'),
('6302', '63', 'KABUPATEN KOTA BARU'),
('6303', '63', 'KABUPATEN BANJAR'),
('6304', '63', 'KABUPATEN BARITO KUALA'),
('6305', '63', 'KABUPATEN TAPIN'),
('6306', '63', 'KABUPATEN HULU SUNGAI SELATAN'),
('6307', '63', 'KABUPATEN HULU SUNGAI TENGAH'),
('6308', '63', 'KABUPATEN HULU SUNGAI UTARA'),
('6309', '63', 'KABUPATEN TABALONG'),
('6310', '63', 'KABUPATEN TANAH BUMBU'),
('6311', '63', 'KABUPATEN BALANGAN'),
('6371', '63', 'KOTA BANJARMASIN'),
('6372', '63', 'KOTA BANJAR BARU'),
('6401', '64', 'KABUPATEN PASER'),
('6402', '64', 'KABUPATEN KUTAI BARAT'),
('6403', '64', 'KABUPATEN KUTAI KARTANEGARA'),
('6404', '64', 'KABUPATEN KUTAI TIMUR'),
('6405', '64', 'KABUPATEN BERAU'),
('6409', '64', 'KABUPATEN PENAJAM PASER UTARA'),
('6411', '64', 'KABUPATEN MAHAKAM HULU'),
('6471', '64', 'KOTA BALIKPAPAN'),
('6472', '64', 'KOTA SAMARINDA'),
('6474', '64', 'KOTA BONTANG'),
('6501', '65', 'KABUPATEN MALINAU'),
('6502', '65', 'KABUPATEN BULUNGAN'),
('6503', '65', 'KABUPATEN TANA TIDUNG'),
('6504', '65', 'KABUPATEN NUNUKAN'),
('6571', '65', 'KOTA TARAKAN'),
('7101', '71', 'KABUPATEN BOLAANG MONGONDOW'),
('7102', '71', 'KABUPATEN MINAHASA'),
('7103', '71', 'KABUPATEN KEPULAUAN SANGIHE'),
('7104', '71', 'KABUPATEN KEPULAUAN TALAUD'),
('7105', '71', 'KABUPATEN MINAHASA SELATAN'),
('7106', '71', 'KABUPATEN MINAHASA UTARA'),
('7107', '71', 'KABUPATEN BOLAANG MONGONDOW UTARA'),
('7108', '71', 'KABUPATEN SIAU TAGULANDANG BIARO'),
('7109', '71', 'KABUPATEN MINAHASA TENGGARA'),
('7110', '71', 'KABUPATEN BOLAANG MONGONDOW SELATAN'),
('7111', '71', 'KABUPATEN BOLAANG MONGONDOW TIMUR'),
('7171', '71', 'KOTA MANADO'),
('7172', '71', 'KOTA BITUNG'),
('7173', '71', 'KOTA TOMOHON'),
('7174', '71', 'KOTA KOTAMOBAGU'),
('7201', '72', 'KABUPATEN BANGGAI KEPULAUAN'),
('7202', '72', 'KABUPATEN BANGGAI'),
('7203', '72', 'KABUPATEN MOROWALI'),
('7204', '72', 'KABUPATEN POSO'),
('7205', '72', 'KABUPATEN DONGGALA'),
('7206', '72', 'KABUPATEN TOLI-TOLI'),
('7207', '72', 'KABUPATEN BUOL'),
('7208', '72', 'KABUPATEN PARIGI MOUTONG'),
('7209', '72', 'KABUPATEN TOJO UNA-UNA'),
('7210', '72', 'KABUPATEN SIGI'),
('7211', '72', 'KABUPATEN BANGGAI LAUT'),
('7212', '72', 'KABUPATEN MOROWALI UTARA'),
('7271', '72', 'KOTA PALU'),
('7301', '73', 'KABUPATEN KEPULAUAN SELAYAR'),
('7302', '73', 'KABUPATEN BULUKUMBA'),
('7303', '73', 'KABUPATEN BANTAENG'),
('7304', '73', 'KABUPATEN JENEPONTO'),
('7305', '73', 'KABUPATEN TAKALAR'),
('7306', '73', 'KABUPATEN GOWA'),
('7307', '73', 'KABUPATEN SINJAI'),
('7308', '73', 'KABUPATEN MAROS'),
('7309', '73', 'KABUPATEN PANGKAJENE DAN KEPULAUAN'),
('7310', '73', 'KABUPATEN BARRU'),
('7311', '73', 'KABUPATEN BONE'),
('7312', '73', 'KABUPATEN SOPPENG'),
('7313', '73', 'KABUPATEN WAJO'),
('7314', '73', 'KABUPATEN SIDENRENG RAPPANG'),
('7315', '73', 'KABUPATEN PINRANG'),
('7316', '73', 'KABUPATEN ENREKANG'),
('7317', '73', 'KABUPATEN LUWU'),
('7318', '73', 'KABUPATEN TANA TORAJA'),
('7322', '73', 'KABUPATEN LUWU UTARA'),
('7325', '73', 'KABUPATEN LUWU TIMUR'),
('7326', '73', 'KABUPATEN TORAJA UTARA'),
('7371', '73', 'KOTA MAKASSAR'),
('7372', '73', 'KOTA PAREPARE'),
('7373', '73', 'KOTA PALOPO'),
('7401', '74', 'KABUPATEN BUTON'),
('7402', '74', 'KABUPATEN MUNA'),
('7403', '74', 'KABUPATEN KONAWE'),
('7404', '74', 'KABUPATEN KOLAKA'),
('7405', '74', 'KABUPATEN KONAWE SELATAN'),
('7406', '74', 'KABUPATEN BOMBANA'),
('7407', '74', 'KABUPATEN WAKATOBI'),
('7408', '74', 'KABUPATEN KOLAKA UTARA'),
('7409', '74', 'KABUPATEN BUTON UTARA'),
('7410', '74', 'KABUPATEN KONAWE UTARA'),
('7411', '74', 'KABUPATEN KOLAKA TIMUR'),
('7412', '74', 'KABUPATEN KONAWE KEPULAUAN'),
('7413', '74', 'KABUPATEN MUNA BARAT'),
('7414', '74', 'KABUPATEN BUTON TENGAH'),
('7415', '74', 'KABUPATEN BUTON SELATAN'),
('7471', '74', 'KOTA KENDARI'),
('7472', '74', 'KOTA BAUBAU'),
('7501', '75', 'KABUPATEN BOALEMO'),
('7502', '75', 'KABUPATEN GORONTALO'),
('7503', '75', 'KABUPATEN POHUWATO'),
('7504', '75', 'KABUPATEN BONE BOLANGO'),
('7505', '75', 'KABUPATEN GORONTALO UTARA'),
('7571', '75', 'KOTA GORONTALO'),
('7601', '76', 'KABUPATEN MAJENE'),
('7602', '76', 'KABUPATEN POLEWALI MANDAR'),
('7603', '76', 'KABUPATEN MAMASA'),
('7604', '76', 'KABUPATEN MAMUJU'),
('7605', '76', 'KABUPATEN MAMUJU UTARA'),
('7606', '76', 'KABUPATEN MAMUJU TENGAH'),
('8101', '81', 'KABUPATEN MALUKU TENGGARA BARAT'),
('8102', '81', 'KABUPATEN MALUKU TENGGARA'),
('8103', '81', 'KABUPATEN MALUKU TENGAH'),
('8104', '81', 'KABUPATEN BURU'),
('8105', '81', 'KABUPATEN KEPULAUAN ARU'),
('8106', '81', 'KABUPATEN SERAM BAGIAN BARAT'),
('8107', '81', 'KABUPATEN SERAM BAGIAN TIMUR'),
('8108', '81', 'KABUPATEN MALUKU BARAT DAYA'),
('8109', '81', 'KABUPATEN BURU SELATAN'),
('8171', '81', 'KOTA AMBON'),
('8172', '81', 'KOTA TUAL'),
('8201', '82', 'KABUPATEN HALMAHERA BARAT'),
('8202', '82', 'KABUPATEN HALMAHERA TENGAH'),
('8203', '82', 'KABUPATEN KEPULAUAN SULA'),
('8204', '82', 'KABUPATEN HALMAHERA SELATAN'),
('8205', '82', 'KABUPATEN HALMAHERA UTARA'),
('8206', '82', 'KABUPATEN HALMAHERA TIMUR'),
('8207', '82', 'KABUPATEN PULAU MOROTAI'),
('8208', '82', 'KABUPATEN PULAU TALIABU'),
('8271', '82', 'KOTA TERNATE'),
('8272', '82', 'KOTA TIDORE KEPULAUAN'),
('9101', '91', 'KABUPATEN FAKFAK'),
('9102', '91', 'KABUPATEN KAIMANA'),
('9103', '91', 'KABUPATEN TELUK WONDAMA'),
('9104', '91', 'KABUPATEN TELUK BINTUNI'),
('9105', '91', 'KABUPATEN MANOKWARI'),
('9106', '91', 'KABUPATEN SORONG SELATAN'),
('9107', '91', 'KABUPATEN SORONG'),
('9108', '91', 'KABUPATEN RAJA AMPAT'),
('9109', '91', 'KABUPATEN TAMBRAUW'),
('9110', '91', 'KABUPATEN MAYBRAT'),
('9111', '91', 'KABUPATEN MANOKWARI SELATAN'),
('9112', '91', 'KABUPATEN PEGUNUNGAN ARFAK'),
('9171', '91', 'KOTA SORONG'),
('9401', '94', 'KABUPATEN MERAUKE'),
('9402', '94', 'KABUPATEN JAYAWIJAYA'),
('9403', '94', 'KABUPATEN JAYAPURA'),
('9404', '94', 'KABUPATEN NABIRE'),
('9408', '94', 'KABUPATEN KEPULAUAN YAPEN'),
('9409', '94', 'KABUPATEN BIAK NUMFOR'),
('9410', '94', 'KABUPATEN PANIAI'),
('9411', '94', 'KABUPATEN PUNCAK JAYA'),
('9412', '94', 'KABUPATEN MIMIKA'),
('9413', '94', 'KABUPATEN BOVEN DIGOEL'),
('9414', '94', 'KABUPATEN MAPPI'),
('9415', '94', 'KABUPATEN ASMAT'),
('9416', '94', 'KABUPATEN YAHUKIMO'),
('9417', '94', 'KABUPATEN PEGUNUNGAN BINTANG'),
('9418', '94', 'KABUPATEN TOLIKARA'),
('9419', '94', 'KABUPATEN SARMI'),
('9420', '94', 'KABUPATEN KEEROM'),
('9426', '94', 'KABUPATEN WAROPEN'),
('9427', '94', 'KABUPATEN SUPIORI'),
('9428', '94', 'KABUPATEN MAMBERAMO RAYA'),
('9429', '94', 'KABUPATEN NDUGA'),
('9430', '94', 'KABUPATEN LANNY JAYA'),
('9431', '94', 'KABUPATEN MAMBERAMO TENGAH'),
('9432', '94', 'KABUPATEN YALIMO'),
('9433', '94', 'KABUPATEN PUNCAK'),
('9434', '94', 'KABUPATEN DOGIYAI'),
('9435', '94', 'KABUPATEN INTAN JAYA'),
('9436', '94', 'KABUPATEN DEIYAI'),
('9471', '94', 'KOTA JAYAPURA');

-- --------------------------------------------------------

--
-- Table structure for table `speakers`
--

CREATE TABLE `speakers` (
  `id` int(11) NOT NULL,
  `event_id` int(11) DEFAULT NULL,
  `user_id` int(11) DEFAULT NULL,
  `created_at` timestamp NULL DEFAULT NULL,
  `updated_at` timestamp NULL DEFAULT NULL
) ENGINE=InnoDB DEFAULT CHARSET=utf8mb4;

--
-- Dumping data for table `speakers`
--

INSERT INTO `speakers` (`id`, `event_id`, `user_id`, `created_at`, `updated_at`) VALUES
(1, 1, 1274, '2020-04-11 14:02:08', '2020-04-11 14:02:08'),
(2, 1, 1275, '2020-04-11 14:09:54', '2020-04-11 14:09:54'),
(3, 1, 1276, '2020-04-11 14:20:41', '2020-04-11 14:20:41'),
(4, 1, 1278, '2020-04-11 14:24:19', '2020-04-11 14:24:19'),
(5, 176, 1284, '2020-05-04 05:20:45', '2020-05-04 05:20:45'),
(6, 176, 1285, '2020-05-04 14:00:31', '2020-05-04 14:00:31'),
(7, 189, 1288, '2020-06-18 01:00:56', '2020-06-18 01:00:56'),
(8, 200, 1290, '2020-06-19 05:28:09', '2020-06-19 05:28:09'),
(9, 201, 1291, '2020-06-19 12:00:45', '2020-06-19 12:00:45'),
(10, 202, 1293, '2020-06-26 11:34:28', '2020-06-26 11:34:28'),
(11, 202, 1292, '2020-07-02 07:01:46', '2020-07-02 07:01:46'),
(12, 200, 1292, '2020-07-02 07:01:52', '2020-07-02 07:01:52'),
(13, 190, 1292, '2020-07-02 07:02:54', '2020-07-02 07:02:54'),
(14, 189, 1292, '2020-07-02 07:50:10', '2020-07-02 07:50:10'),
(15, 202, 1298, '2020-08-06 13:19:30', '2020-08-06 13:19:30'),
(16, 202, 1300, '2020-08-10 13:43:46', '2020-08-10 13:43:46'),
(17, 202, 1301, '2020-08-12 02:03:40', '2020-08-12 02:03:40'),
(18, 212, 1304, '2020-08-15 06:37:00', '2020-08-15 06:37:00'),
(19, 212, 1305, '2020-08-15 06:39:48', '2020-08-15 06:39:48'),
(20, 212, 1306, '2020-08-15 07:42:15', '2020-08-15 07:42:15'),
(21, 216, 1308, '2020-08-17 14:20:11', '2020-08-17 14:20:11'),
(22, 216, 1309, '2020-08-17 14:28:26', '2020-08-17 14:28:26'),
(23, 216, 1310, '2020-08-17 14:36:52', '2020-08-17 14:36:52'),
(24, 216, 1311, '2020-08-17 14:38:18', '2020-08-17 14:38:18'),
(25, 223, 1319, '2020-08-18 05:23:15', '2020-08-18 05:23:15'),
(26, 235, 1323, '2020-08-18 13:47:47', '2020-08-18 13:47:47');

-- --------------------------------------------------------

--
-- Table structure for table `team`
--

CREATE TABLE `team` (
  `id` int(11) NOT NULL,
  `event_id` int(11) NOT NULL,
  `user_id` int(11) DEFAULT NULL,
  `team_role` varchar(45) DEFAULT NULL,
  `name_team` varchar(45) DEFAULT NULL,
  `created_at` timestamp NULL DEFAULT NULL,
  `updated_at` timestamp NULL DEFAULT NULL
) ENGINE=InnoDB DEFAULT CHARSET=utf8;

--
-- Dumping data for table `team`
--

INSERT INTO `team` (`id`, `event_id`, `user_id`, `team_role`, `name_team`, `created_at`, `updated_at`) VALUES
(1, 1, 15, 'lead eo', NULL, NULL, NULL),
(2, 1, 171, 'lead eo', NULL, NULL, NULL),
(3, 1, 172, 'lead eo', NULL, NULL, NULL),
(4, 1, 1235, 'eo', NULL, NULL, NULL),
(5, 1, 1236, 'eo', NULL, NULL, NULL),
(6, 1, 1237, 'eo', NULL, NULL, NULL),
(7, 1, 1238, 'eo', NULL, NULL, NULL),
(8, 1, 1239, 'eo', NULL, NULL, NULL),
(9, 1, 1240, 'eo', NULL, NULL, NULL),
(10, 1, 1268, 'eo', NULL, NULL, NULL),
(11, 1, 1269, 'lead eo', NULL, NULL, NULL),
(12, 2, 178, 'lead eo', NULL, NULL, NULL),
(13, 2, 1234, 'eo', NULL, NULL, NULL),
(14, 2, 1269, 'lead eo', NULL, NULL, NULL),
(15, 3, 179, 'lead eo', NULL, NULL, NULL),
(16, 1, 1270, 'lead eo', 'HMTI', NULL, NULL),
(81, 173, 1270, 'lead eo', 'HMTI', NULL, '2020-05-02 05:34:36'),
(82, 174, 1270, 'lead eo', 'HMTI', NULL, '2020-05-02 05:47:01'),
(83, 175, 1270, 'lead eo', 'HMTI', NULL, '2020-05-04 04:13:06'),
(84, 176, 1270, 'lead eo', 'HMTI', NULL, '2020-05-04 05:03:10'),
(89, 176, 1279, 'eo', 'HMTI', '2020-05-05 04:23:08', '2020-05-05 04:23:08'),
(90, 181, 1270, 'lead eo', 'HMTI', NULL, '2020-05-06 06:07:18'),
(91, 182, 1270, 'lead eo', 'HMTI', NULL, '2020-05-14 14:05:42'),
(92, 183, 1270, 'lead eo', 'HMTI', NULL, '2020-05-18 03:51:41'),
(93, 184, 1270, 'lead eo', 'HMTI', NULL, '2020-05-19 03:40:35'),
(94, 185, 1270, 'lead eo', 'HMTI', NULL, '2020-05-19 03:43:31'),
(95, 186, 1270, 'lead eo', 'HMTI', NULL, '2020-05-20 04:13:26'),
(96, 187, 1270, 'lead eo', 'HMTI', NULL, '2020-06-17 07:56:26'),
(97, 188, 1270, 'lead eo', 'HMTI', NULL, '2020-06-17 08:13:12'),
(98, 189, 1270, 'lead eo', 'HMTI', NULL, '2020-06-18 00:47:24'),
(99, 189, 1287, 'eo', 'HMTI', '2020-06-18 01:01:30', '2020-06-18 01:01:30'),
(100, 190, 1270, 'lead eo', 'HMTI', NULL, '2020-06-18 01:14:59'),
(101, 191, 1270, 'lead eo', 'HMTI', NULL, '2020-06-18 12:30:34'),
(102, 192, 1270, 'lead eo', 'HMTI', NULL, '2020-06-18 12:31:17'),
(103, 193, 1270, 'lead eo', 'HMTI', NULL, '2020-06-18 12:33:08'),
(104, 194, 1270, 'lead eo', 'HMTI', NULL, '2020-06-18 12:35:06'),
(105, 195, 1270, 'lead eo', 'HMTI', NULL, '2020-06-18 12:39:40'),
(106, 196, 1270, 'lead eo', 'HMTI', NULL, '2020-06-18 13:04:51'),
(107, 197, 1270, 'lead eo', 'HMTI', NULL, '2020-06-18 13:05:06'),
(108, 198, 1270, 'lead eo', 'HMTI', NULL, '2020-06-18 13:05:34'),
(109, 199, 1270, 'lead eo', 'HMTI', NULL, '2020-06-18 13:11:52'),
(110, 200, 1270, 'lead eo', 'HMTI', NULL, '2020-06-19 05:14:31'),
(111, 200, 1287, 'eo', 'HMTI', '2020-06-19 05:29:01', '2020-06-19 05:29:01'),
(112, 201, 1270, 'lead eo', 'HMTI', NULL, '2020-06-19 11:52:47'),
(113, 201, 1291, 'eo', 'HMTI', '2020-06-19 12:01:21', '2020-06-19 12:01:21'),
(114, 202, 1270, 'lead eo', 'HMTI', NULL, '2020-08-02 03:51:28'),
(115, 203, 1270, 'lead eo', 'HMTI', NULL, '2020-06-24 09:09:44'),
(116, 202, 1291, 'eo', 'HMTI', '2020-06-26 00:40:23', '2020-06-26 00:40:23'),
(117, 204, 1270, 'lead eo', 'HMTI', NULL, '2020-06-30 03:50:44'),
(118, 205, 1270, 'lead eo', '66666', NULL, '2020-08-02 03:54:20'),
(119, 206, 1270, 'lead eo', 'aasd', NULL, '2020-08-06 13:15:59'),
(121, 202, 1298, 'eo', '', '2020-08-06 13:31:51', '2020-08-06 13:31:51'),
(122, 202, 1301, 'eo', 'HMTI', '2020-08-12 02:03:46', '2020-08-12 02:03:46'),
(123, 207, 1303, 'lead eo', 'healty', NULL, '2020-08-15 05:17:18'),
(124, 208, 1303, 'lead eo', 'healty', NULL, '2020-08-15 05:20:59'),
(125, 209, 1303, 'lead eo', 'helty', NULL, '2020-08-15 05:29:55'),
(126, 210, NULL, NULL, NULL, NULL, NULL),
(127, 211, 1303, 'lead eo', 'akuas', NULL, '2020-08-15 05:35:05'),
(128, 212, 1303, 'lead eo', 'gratis', NULL, '2020-08-15 05:37:19'),
(129, 213, 999999, 'lead eo', 'asd', NULL, '2020-08-15 05:44:29'),
(130, 214, 999999, 'lead eo', 'asd', NULL, '2020-08-15 05:45:29'),
(131, 215, 1303, 'lead eo', 'bd', NULL, '2020-08-15 06:34:50'),
(132, 212, 1305, 'eo', 'HMTI', '2020-08-15 06:41:26', '2020-08-15 06:41:26'),
(133, 212, 1306, 'eo', 'HMTI', '2020-08-15 07:44:17', '2020-08-15 07:44:17'),
(134, 216, 1307, 'lead eo', 'Youth', NULL, '2020-08-17 14:14:04'),
(136, 216, 1311, 'eo', 'HMTI', '2020-08-17 14:48:06', '2020-08-17 14:48:06'),
(137, 217, 1307, 'lead eo', 'Digital', NULL, '2020-08-17 14:55:21'),
(138, 217, 1313, 'eo', 'HMTI', '2020-08-18 04:08:21', '2020-08-18 04:08:21'),
(139, 217, 1315, 'eo', 'HMTI', '2020-08-18 04:12:15', '2020-08-18 04:12:15'),
(140, 217, 1316, 'eo', 'HMTI', '2020-08-18 04:20:11', '2020-08-18 04:20:11'),
(141, 217, 1317, 'eo', 'HMTI', '2020-08-18 04:24:04', '2020-08-18 04:24:04'),
(142, 218, 1318, 'lead eo', 'digital', NULL, '2020-08-18 05:21:55'),
(143, 219, 1318, 'lead eo', 'digital', NULL, '2020-08-18 05:22:01'),
(144, 220, 1318, 'lead eo', 'digital', NULL, '2020-08-18 05:22:12'),
(145, 221, 1318, 'lead eo', 'digital', NULL, '2020-08-18 05:22:21'),
(146, 222, 1318, 'lead eo', 'digital', NULL, '2020-08-18 05:22:25'),
(147, 223, 1318, 'lead eo', 'digital', NULL, '2020-08-18 05:22:28'),
(148, 223, 1320, 'eo', 'HMTI', '2020-08-18 05:26:13', '2020-08-18 05:26:13'),
(149, 224, 1318, 'lead eo', 'me', NULL, '2020-08-18 05:29:24'),
(150, 225, 1318, 'lead eo', 'sgs', NULL, '2020-08-18 05:31:08'),
(151, 226, 1318, 'lead eo', 'sgs', NULL, '2020-08-18 05:31:17'),
(152, 227, 1318, 'lead eo', 'sgs', NULL, '2020-08-18 05:32:29'),
(153, 228, 1318, 'lead eo', 'sgs', NULL, '2020-08-18 05:32:31'),
(154, 229, 1318, 'lead eo', 'sgs', NULL, '2020-08-18 05:32:52'),
(155, 230, 1318, 'lead eo', 'hd', NULL, '2020-08-18 05:40:33'),
(156, 231, 1318, 'lead eo', 'hd', NULL, '2020-08-18 05:40:48'),
(157, 232, 1318, 'lead eo', 'nsh', NULL, '2020-08-18 05:54:01'),
(158, 233, 999999, 'lead eo', 'asd', NULL, '2020-08-18 05:56:28'),
(159, 234, 1318, 'lead eo', 'nsh', NULL, '2020-08-18 05:57:06'),
(160, 235, 1321, 'lead eo', 'nsn', NULL, '2020-08-18 12:37:25'),
(161, 236, 1321, 'lead eo', 'hehw', NULL, '2020-08-18 12:41:28'),
(162, 237, 1321, 'lead eo', 'vsd', NULL, '2020-08-18 12:42:28'),
(163, 235, 1322, 'eo', 'HMTI', '2020-08-18 13:40:42', '2020-08-18 13:40:42'),
(164, 235, 1324, 'eo', 'HMTI', '2020-08-18 13:52:18', '2020-08-18 13:52:18'),
(165, 235, 1325, 'eo', 'HMTI', '2020-08-18 13:57:11', '2020-08-18 13:57:11');

-- --------------------------------------------------------

--
-- Table structure for table `user`
--

CREATE TABLE `user` (
  `id` int(11) NOT NULL,
  `auth_key` varchar(32) COLLATE utf8_unicode_ci DEFAULT NULL,
  `avatar` varchar(255) COLLATE utf8_unicode_ci DEFAULT NULL,
  `password_hash` varchar(255) COLLATE utf8_unicode_ci NOT NULL,
  `password_reset_token` varchar(255) COLLATE utf8_unicode_ci DEFAULT NULL,
  `email` varchar(255) COLLATE utf8_unicode_ci NOT NULL,
  `status` varchar(20) COLLATE utf8_unicode_ci DEFAULT 'deactivated',
  `created_at` timestamp NULL DEFAULT NULL,
  `updated_at` timestamp NULL DEFAULT NULL,
  `verification_token` varchar(255) COLLATE utf8_unicode_ci DEFAULT NULL,
  `name` varchar(255) COLLATE utf8_unicode_ci NOT NULL,
  `role` varchar(45) COLLATE utf8_unicode_ci NOT NULL,
  `phone` varchar(15) COLLATE utf8_unicode_ci NOT NULL,
  `regencies_id` char(4) COLLATE utf8_unicode_ci DEFAULT NULL
) ENGINE=InnoDB DEFAULT CHARSET=utf8 COLLATE=utf8_unicode_ci;

--
-- Dumping data for table `user`
--

INSERT INTO `user` (`id`, `auth_key`, `avatar`, `password_hash`, `password_reset_token`, `email`, `status`, `created_at`, `updated_at`, `verification_token`, `name`, `role`, `phone`, `regencies_id`) VALUES
(2, 'H-m_hh5HS1ytKVch_ZL9IzOajeZ1U68v', NULL, '$2y$13$bPuu8ZWQPfa4LC7TtZW89e/hcXiZoONTA0fpuZmKtE9mE5cUu1ZMq', NULL, 'dephiet@gmail.com', '10', '0000-00-00 00:00:00', '0000-00-00 00:00:00', '9Bqvd7kFpTUFRytwzuGzcc8awbkgMG-u_1571751198', 'Devit Suwardiyanto', 'super', '08113570683', '0'),
(6, '1XN_eAiXodQgL4elEXuDayCld3bFv91V', NULL, '$2y$13$QWvlOPDqzqmfNW45ksc1L.eu4VUAEAMlF.kzeuHj6Hx8cRn/iq/sq', NULL, 'danniwahyudi@gmail.com', '10', '0000-00-00 00:00:00', '0000-00-00 00:00:00', '37YM_pSubZoxTW1aEh_G_XtMEufXRYNZ_1572657921', 'Danni Wahyudi', 'super', '06789678987', '0'),
(15, 'ICIY1D2HZjLVnMe2IfJSFzKratZfwhbB', NULL, '$2y$13$e1YfY/0vpdtYWcVswdkaDu6VXyYfLb1lPLbICzhDDogDBeuwGeOGe', NULL, 'ib@ra.id', '10', '0000-00-00 00:00:00', '0000-00-00 00:00:00', 'oY7Hg1RhxtwxxsHbAaMEom5IRDBRwpWn_1572764460', 'Ibra', 'lead eo', '54574574567', '0'),
(171, 'VL7diRQrDvuseFpJRfwq7cqc0kIV7sl2', NULL, '$2y$13$8a8deCXmXtNbz70t5Z2xLehMyTimkLNtCStCvbka9u0iQJ5sz5ebq', NULL, 'lead.eo1@digimice.id', '10', '0000-00-00 00:00:00', '0000-00-00 00:00:00', 'eqarNzDzmT-NzKXr_V_JH_1ZAoGZGKdS_1572920099', 'Lead EO 1', 'lead eo', '06789678987', '3578'),
(172, 'VB_RGagyXgB2E_gtCStEogNpmq41N3a3', NULL, '$2y$13$XU6lNR5cdrsjuhsPctX//uq5FvbYruTSunKFkeyheEzMGgWaF3LTO', NULL, 'eki@pdui.or.id', '10', '0000-00-00 00:00:00', '0000-00-00 00:00:00', 'hSy55ZLYdDK68ffwyRCzBlZuJsPFHjNa_1572920121', 'Eki Anjangsari', 'lead eo', '081', '3578'),
(175, 'uiClx3XM1De26y8PtDTBAJPE8VhiOtwT', NULL, '$2y$13$ivxsg6DCXq/bBI0O03VKa.Y6t2sKo33CWnObHxlsqJ/AqVYtXSEom', NULL, 'x1@digimice.id', '10', '0000-00-00 00:00:00', '0000-00-00 00:00:00', 'zNn27-JvVts6h7aSq_V0jyBtPlVGMl2k_1573111215', 'X1 ', 'participant', '081', '3471'),
(176, 'cc9_DVjBEQQSuhdR89daWv1KlbSkKMMr', NULL, '$2y$13$2AUy1jqDTpDIRNbt04qzuO5aWPHyPxUFreWOC0ffr/NHLY640mTrO', NULL, 'x2@digimice.id', '10', '0000-00-00 00:00:00', '0000-00-00 00:00:00', '6eErwBU7FpTB0MGhg-F2zMku8Le7WaIG_1573111261', 'X2', 'participant', '081', '5108'),
(177, 'YvLIpURGDwoXi4onbhclvxz_dr-IiMVb', NULL, '$2y$13$nxiUWZkXDp/7AyTuh3GxveGwseCFnPn3dncqTrP1V5I5oiAYCdvNW', NULL, 'x3@digimice.id', '10', '0000-00-00 00:00:00', '0000-00-00 00:00:00', 'MJQ5BgDK9OAfNKe-5tQTPLL1FiwWeSSY_1573134402', 'x3', 'participant', '081', '3515'),
(178, 'C-HBTEyEum5gu89jA8rFke9KgNBTEoFZ', NULL, '$2y$13$k1ie5HR3AoKZqmhrP3h4QOdP4bxAj.YvtDd0fhBSnOQzO4CAXdGNO', NULL, 'wildan@jember.go.id', '10', '0000-00-00 00:00:00', '0000-00-00 00:00:00', 'ueNJHst8J3bu25AEHSyW4ZWOpN6ESyaY_1573206415', 'Iqbal Wildan', 'lead eo', '081', '3509'),
(179, '4pKQMi2zLXvpkXmD2Lek2l3VSOEqlBtp', NULL, '$2y$13$FGjloNoPaAdzDb16GllRM.GhHXI3GsShfW.l3s5KpPhxmEh37v6bW', NULL, 'x10@mail.com', '10', '0000-00-00 00:00:00', '0000-00-00 00:00:00', 'YQ0uk1CZ5SamJsR7WAsEKGcWmuIKJ6XB_1573218889', 'X10', 'lead eo', '081', '3603'),
(180, '8NUxwTumUQojc4gKUNlB5wPv9mC0S4rK', NULL, '$2y$13$zF1nneShAoLyfHb0H6LwZe0sPwndGcoywTzSWMHQZ7/NBhN/rTTQy', NULL, 'qq@qq.qq', '10', '0000-00-00 00:00:00', '0000-00-00 00:00:00', 'hZV-UXFcnWaT_5MPVKLvqVq9Rk_i4UcK_1573219492', 'qq', 'participant', '06789678987', '1101'),
(181, '_6CjbBfjwadYMr34wc1yL6dDqtpED0OU', NULL, '$2y$13$/f1TFBvZjQHcWzv6oYnsbOPoeXxhY9u/caaQn5L09erO6CaiNcx3W', NULL, 'xx@xx.xx', '10', '0000-00-00 00:00:00', '0000-00-00 00:00:00', 'k-4y0V5Q6QoAjE2MWRtJb7XDzdWfgTJ6_1573219553', 'xx', 'participant', '06789678987', '1101'),
(182, '5VDswaiGm_8yyA7hcBd9RVTrc47jBx4e', NULL, '$2y$13$S.K1twl3fQ7stQVVU68i.uS/aLvfuFVtEBU/XfSUn07D2SDClAstG', NULL, 'x12@mail.com', '10', '0000-00-00 00:00:00', '0000-00-00 00:00:00', 'UmIO41ljR4NvvMbc4TmKBJzKQYT4sqPq_1573220121', 'X12', 'participant', '081', '3315'),
(183, '2r8jrKe2F2Vlzr569ZNCDK6R6sRNo5Yt', NULL, '$2y$13$acq7sBHQdLsTickOpEI8Wu6XmYGqe7iIVEkvEG/z1rx2r3iIYtrmi', NULL, 'x13@mail.com', '10', '0000-00-00 00:00:00', '0000-00-00 00:00:00', 'TM8DADYLu25BsjvBE0_LIYgGMXe8E7BD_1573223520', 'Dr. X13 YYZ', 'participant', '081', '1109'),
(185, 'G3Qx4xzS9LocKvlucrPo9FQAR-WpKjds', NULL, '$2y$13$5CKEtm54jLLLYXj0L4qBIe1kyjtYSWOmN1KSur3R63yajJxuyr4gW', NULL, '154@digimice.id', '10', '0000-00-00 00:00:00', '0000-00-00 00:00:00', '', 'dr. Anis Siatul Chusna', 'participant', '', '3517'),
(186, 'G3Qx4xzS9LocKvlucrPo9FQAR-WpKjds', NULL, '$2y$13$5CKEtm54jLLLYXj0L4qBIe1kyjtYSWOmN1KSur3R63yajJxuyr4gW', NULL, '155@digimice.id', '10', '0000-00-00 00:00:00', '0000-00-00 00:00:00', '', 'dr. Antonius Aryanto', 'participant', '', '3517'),
(187, 'G3Qx4xzS9LocKvlucrPo9FQAR-WpKjds', NULL, '$2y$13$5CKEtm54jLLLYXj0L4qBIe1kyjtYSWOmN1KSur3R63yajJxuyr4gW', NULL, '156@digimice.id', '10', '0000-00-00 00:00:00', '0000-00-00 00:00:00', '', 'dr. Asnan Budi Sasmito', 'participant', '', '3517'),
(188, 'G3Qx4xzS9LocKvlucrPo9FQAR-WpKjds', NULL, '$2y$13$5CKEtm54jLLLYXj0L4qBIe1kyjtYSWOmN1KSur3R63yajJxuyr4gW', NULL, '157@digimice.id', '10', '0000-00-00 00:00:00', '0000-00-00 00:00:00', '', 'dr. Binti Sukartini', 'participant', '', '3517'),
(189, 'G3Qx4xzS9LocKvlucrPo9FQAR-WpKjds', NULL, '$2y$13$5CKEtm54jLLLYXj0L4qBIe1kyjtYSWOmN1KSur3R63yajJxuyr4gW', NULL, '158@digimice.id', '10', '0000-00-00 00:00:00', '0000-00-00 00:00:00', '', 'dr. Dedy Frendy', 'participant', '', '3517'),
(190, 'G3Qx4xzS9LocKvlucrPo9FQAR-WpKjds', NULL, '$2y$13$5CKEtm54jLLLYXj0L4qBIe1kyjtYSWOmN1KSur3R63yajJxuyr4gW', NULL, '159@digimice.id', '10', '0000-00-00 00:00:00', '0000-00-00 00:00:00', '', 'dr. Fery Dewanto', 'participant', '', '3517'),
(191, 'G3Qx4xzS9LocKvlucrPo9FQAR-WpKjds', NULL, '$2y$13$5CKEtm54jLLLYXj0L4qBIe1kyjtYSWOmN1KSur3R63yajJxuyr4gW', NULL, '160@digimice.id', '10', '0000-00-00 00:00:00', '0000-00-00 00:00:00', '', 'dr. Nanik', 'participant', '', '3517'),
(192, 'G3Qx4xzS9LocKvlucrPo9FQAR-WpKjds', NULL, '$2y$13$5CKEtm54jLLLYXj0L4qBIe1kyjtYSWOmN1KSur3R63yajJxuyr4gW', NULL, '161@digimice.id', '10', '0000-00-00 00:00:00', '0000-00-00 00:00:00', '', 'dr. Puspita Pantjawardani', 'participant', '', '3517'),
(193, 'G3Qx4xzS9LocKvlucrPo9FQAR-WpKjds', NULL, '$2y$13$5CKEtm54jLLLYXj0L4qBIe1kyjtYSWOmN1KSur3R63yajJxuyr4gW', NULL, '162@digimice.id', '10', '0000-00-00 00:00:00', '0000-00-00 00:00:00', '', 'dr. Putri Handayani', 'participant', '', '3517'),
(194, 'G3Qx4xzS9LocKvlucrPo9FQAR-WpKjds', NULL, '$2y$13$5CKEtm54jLLLYXj0L4qBIe1kyjtYSWOmN1KSur3R63yajJxuyr4gW', NULL, '163@digimice.id', '10', '0000-00-00 00:00:00', '0000-00-00 00:00:00', '', 'dr. Sangidu', 'participant', '', '3517'),
(195, 'G3Qx4xzS9LocKvlucrPo9FQAR-WpKjds', NULL, '$2y$13$5CKEtm54jLLLYXj0L4qBIe1kyjtYSWOmN1KSur3R63yajJxuyr4gW', NULL, '164@digimice.id', '10', '0000-00-00 00:00:00', '0000-00-00 00:00:00', '', 'dr. Eka Nurlina', 'participant', '', '3517'),
(196, 'G3Qx4xzS9LocKvlucrPo9FQAR-WpKjds', NULL, '$2y$13$5CKEtm54jLLLYXj0L4qBIe1kyjtYSWOmN1KSur3R63yajJxuyr4gW', NULL, '165@digimice.id', '10', '0000-00-00 00:00:00', '0000-00-00 00:00:00', '', 'dr. Dwi Waluyo', 'participant', '', '3517'),
(197, 'G3Qx4xzS9LocKvlucrPo9FQAR-WpKjds', NULL, '$2y$13$5CKEtm54jLLLYXj0L4qBIe1kyjtYSWOmN1KSur3R63yajJxuyr4gW', NULL, '166@digimice.id', '10', '0000-00-00 00:00:00', '0000-00-00 00:00:00', '', 'dr. Fadilla Delima Sandi', 'participant', '', '3517'),
(198, 'G3Qx4xzS9LocKvlucrPo9FQAR-WpKjds', NULL, '$2y$13$5CKEtm54jLLLYXj0L4qBIe1kyjtYSWOmN1KSur3R63yajJxuyr4gW', NULL, '167@digimice.id', '10', '0000-00-00 00:00:00', '0000-00-00 00:00:00', '', 'dr. Fitriyah', 'participant', '', '3517'),
(199, 'G3Qx4xzS9LocKvlucrPo9FQAR-WpKjds', NULL, '$2y$13$5CKEtm54jLLLYXj0L4qBIe1kyjtYSWOmN1KSur3R63yajJxuyr4gW', NULL, '168@digimice.id', '10', '0000-00-00 00:00:00', '0000-00-00 00:00:00', '', 'dr. Handoyo Utomo', 'participant', '', '3517'),
(200, 'G3Qx4xzS9LocKvlucrPo9FQAR-WpKjds', NULL, '$2y$13$5CKEtm54jLLLYXj0L4qBIe1kyjtYSWOmN1KSur3R63yajJxuyr4gW', NULL, '169@digimice.id', '10', '0000-00-00 00:00:00', '0000-00-00 00:00:00', '', 'dr. Pungki Nugroho', 'participant', '', '3517'),
(201, 'G3Qx4xzS9LocKvlucrPo9FQAR-WpKjds', NULL, '$2y$13$5CKEtm54jLLLYXj0L4qBIe1kyjtYSWOmN1KSur3R63yajJxuyr4gW', NULL, '170@digimice.id', '10', '0000-00-00 00:00:00', '0000-00-00 00:00:00', '', 'dr. Rita Andayani', 'participant', '', '3517'),
(202, 'G3Qx4xzS9LocKvlucrPo9FQAR-WpKjds', NULL, '$2y$13$5CKEtm54jLLLYXj0L4qBIe1kyjtYSWOmN1KSur3R63yajJxuyr4gW', NULL, '171@digimice.id', '10', '0000-00-00 00:00:00', '0000-00-00 00:00:00', '', 'dr. Sucipto', 'participant', '', '3517'),
(203, 'G3Qx4xzS9LocKvlucrPo9FQAR-WpKjds', NULL, '$2y$13$5CKEtm54jLLLYXj0L4qBIe1kyjtYSWOmN1KSur3R63yajJxuyr4gW', NULL, '172@digimice.id', '10', '0000-00-00 00:00:00', '0000-00-00 00:00:00', '', 'dr. Suparyanto, M.Kes', 'participant', '', '3517'),
(204, 'G3Qx4xzS9LocKvlucrPo9FQAR-WpKjds', NULL, '$2y$13$5CKEtm54jLLLYXj0L4qBIe1kyjtYSWOmN1KSur3R63yajJxuyr4gW', NULL, '173@digimice.id', '10', '0000-00-00 00:00:00', '0000-00-00 00:00:00', '', 'dr. Suryarini Choerunisya', 'participant', '', '3517'),
(205, 'G3Qx4xzS9LocKvlucrPo9FQAR-WpKjds', NULL, '$2y$13$5CKEtm54jLLLYXj0L4qBIe1kyjtYSWOmN1KSur3R63yajJxuyr4gW', NULL, '174@digimice.id', '10', '0000-00-00 00:00:00', '0000-00-00 00:00:00', '', 'dr. Tusy Novita Dwi W.', 'participant', '', '3517'),
(206, 'G3Qx4xzS9LocKvlucrPo9FQAR-WpKjds', NULL, '$2y$13$5CKEtm54jLLLYXj0L4qBIe1kyjtYSWOmN1KSur3R63yajJxuyr4gW', NULL, '175@digimice.id', '10', '0000-00-00 00:00:00', '0000-00-00 00:00:00', '', 'dr. Ulfah Khannatul Izzah', 'participant', '', '3517'),
(207, 'G3Qx4xzS9LocKvlucrPo9FQAR-WpKjds', NULL, '$2y$13$5CKEtm54jLLLYXj0L4qBIe1kyjtYSWOmN1KSur3R63yajJxuyr4gW', NULL, '176@digimice.id', '10', '0000-00-00 00:00:00', '0000-00-00 00:00:00', '', 'dr. Achmad Djaja', 'participant', '', '3517'),
(208, 'G3Qx4xzS9LocKvlucrPo9FQAR-WpKjds', NULL, '$2y$13$5CKEtm54jLLLYXj0L4qBIe1kyjtYSWOmN1KSur3R63yajJxuyr4gW', NULL, '177@digimice.id', '10', '0000-00-00 00:00:00', '0000-00-00 00:00:00', '', 'dr. Daniel Linardi', 'participant', '', '3517'),
(209, 'G3Qx4xzS9LocKvlucrPo9FQAR-WpKjds', NULL, '$2y$13$5CKEtm54jLLLYXj0L4qBIe1kyjtYSWOmN1KSur3R63yajJxuyr4gW', NULL, '178@digimice.id', '10', '0000-00-00 00:00:00', '0000-00-00 00:00:00', '', 'dr. Dewi Rachmawati', 'participant', '', '3517'),
(210, 'G3Qx4xzS9LocKvlucrPo9FQAR-WpKjds', NULL, '$2y$13$5CKEtm54jLLLYXj0L4qBIe1kyjtYSWOmN1KSur3R63yajJxuyr4gW', NULL, '179@digimice.id', '10', '0000-00-00 00:00:00', '0000-00-00 00:00:00', '', 'dr. Dhahlia Prihandini', 'participant', '', '3517'),
(211, 'G3Qx4xzS9LocKvlucrPo9FQAR-WpKjds', NULL, '$2y$13$5CKEtm54jLLLYXj0L4qBIe1kyjtYSWOmN1KSur3R63yajJxuyr4gW', NULL, '180@digimice.id', '10', '0000-00-00 00:00:00', '0000-00-00 00:00:00', '', 'Dr. SONNI EKO WICAKSONO', 'participant', '081', '3517'),
(212, 'G3Qx4xzS9LocKvlucrPo9FQAR-WpKjds', NULL, '$2y$13$5CKEtm54jLLLYXj0L4qBIe1kyjtYSWOmN1KSur3R63yajJxuyr4gW', NULL, '181@digimice.id', '10', '0000-00-00 00:00:00', '0000-00-00 00:00:00', '', 'dr. Dyah Ning Indra', 'participant', '', '3517'),
(213, 'G3Qx4xzS9LocKvlucrPo9FQAR-WpKjds', NULL, '$2y$13$5CKEtm54jLLLYXj0L4qBIe1kyjtYSWOmN1KSur3R63yajJxuyr4gW', NULL, '182@digimice.id', '10', '0000-00-00 00:00:00', '0000-00-00 00:00:00', '', 'dr. Harmas Yulia Fara Hylda', 'participant', '', '3517'),
(214, 'G3Qx4xzS9LocKvlucrPo9FQAR-WpKjds', NULL, '$2y$13$5CKEtm54jLLLYXj0L4qBIe1kyjtYSWOmN1KSur3R63yajJxuyr4gW', NULL, '183@digimice.id', '10', '0000-00-00 00:00:00', '0000-00-00 00:00:00', '', 'dr. Heri Wibowo', 'participant', '', '3517'),
(215, 'G3Qx4xzS9LocKvlucrPo9FQAR-WpKjds', NULL, '$2y$13$5CKEtm54jLLLYXj0L4qBIe1kyjtYSWOmN1KSur3R63yajJxuyr4gW', NULL, '184@digimice.id', '10', '0000-00-00 00:00:00', '0000-00-00 00:00:00', '', 'dr. Novida Ana Arista', 'participant', '', '3517'),
(216, 'G3Qx4xzS9LocKvlucrPo9FQAR-WpKjds', NULL, '$2y$13$5CKEtm54jLLLYXj0L4qBIe1kyjtYSWOmN1KSur3R63yajJxuyr4gW', NULL, '185@digimice.id', '10', '0000-00-00 00:00:00', '0000-00-00 00:00:00', '', 'dr. Rudy Prayudiya Ariyanto', 'participant', '', '3517'),
(217, 'G3Qx4xzS9LocKvlucrPo9FQAR-WpKjds', NULL, '$2y$13$5CKEtm54jLLLYXj0L4qBIe1kyjtYSWOmN1KSur3R63yajJxuyr4gW', NULL, '186@digimice.id', '10', '0000-00-00 00:00:00', '0000-00-00 00:00:00', '', 'dr. Tietiek Nur Indijah', 'participant', '', '3517'),
(218, 'G3Qx4xzS9LocKvlucrPo9FQAR-WpKjds', NULL, '$2y$13$5CKEtm54jLLLYXj0L4qBIe1kyjtYSWOmN1KSur3R63yajJxuyr4gW', NULL, '187@digimice.id', '10', '0000-00-00 00:00:00', '0000-00-00 00:00:00', '', 'dr. Agustinus Sumarno', 'participant', '', '3517'),
(219, 'G3Qx4xzS9LocKvlucrPo9FQAR-WpKjds', NULL, '$2y$13$5CKEtm54jLLLYXj0L4qBIe1kyjtYSWOmN1KSur3R63yajJxuyr4gW', NULL, '188@digimice.id', '10', '0000-00-00 00:00:00', '0000-00-00 00:00:00', '', 'dr. Ainun Z.', 'participant', '', '3517'),
(220, 'G3Qx4xzS9LocKvlucrPo9FQAR-WpKjds', NULL, '$2y$13$5CKEtm54jLLLYXj0L4qBIe1kyjtYSWOmN1KSur3R63yajJxuyr4gW', NULL, '189@digimice.id', '10', '0000-00-00 00:00:00', '0000-00-00 00:00:00', '', 'dr. Didin Sudiana', 'participant', '', '3517'),
(221, 'G3Qx4xzS9LocKvlucrPo9FQAR-WpKjds', NULL, '$2y$13$5CKEtm54jLLLYXj0L4qBIe1kyjtYSWOmN1KSur3R63yajJxuyr4gW', NULL, '190@digimice.id', '10', '0000-00-00 00:00:00', '0000-00-00 00:00:00', '', 'dr. Fatimah', 'participant', '', '3517'),
(222, 'G3Qx4xzS9LocKvlucrPo9FQAR-WpKjds', NULL, '$2y$13$5CKEtm54jLLLYXj0L4qBIe1kyjtYSWOmN1KSur3R63yajJxuyr4gW', NULL, '191@digimice.id', '10', '0000-00-00 00:00:00', '0000-00-00 00:00:00', '', 'dr. Ferry Eko Santoso', 'participant', '', '3517'),
(223, 'G3Qx4xzS9LocKvlucrPo9FQAR-WpKjds', NULL, '$2y$13$5CKEtm54jLLLYXj0L4qBIe1kyjtYSWOmN1KSur3R63yajJxuyr4gW', NULL, '192@digimice.id', '10', '0000-00-00 00:00:00', '0000-00-00 00:00:00', '', 'dr. Helena Agestine Mayang Sari', 'participant', '', '3517'),
(224, 'G3Qx4xzS9LocKvlucrPo9FQAR-WpKjds', NULL, '$2y$13$5CKEtm54jLLLYXj0L4qBIe1kyjtYSWOmN1KSur3R63yajJxuyr4gW', NULL, '193@digimice.id', '10', '0000-00-00 00:00:00', '0000-00-00 00:00:00', '', 'dr. Luluk Cynthia', 'participant', '', '3517'),
(225, 'G3Qx4xzS9LocKvlucrPo9FQAR-WpKjds', NULL, '$2y$13$5CKEtm54jLLLYXj0L4qBIe1kyjtYSWOmN1KSur3R63yajJxuyr4gW', NULL, '194@digimice.id', '10', '0000-00-00 00:00:00', '0000-00-00 00:00:00', '', 'dr. Rahadi Akbar', 'participant', '', '3517'),
(226, 'G3Qx4xzS9LocKvlucrPo9FQAR-WpKjds', NULL, '$2y$13$5CKEtm54jLLLYXj0L4qBIe1kyjtYSWOmN1KSur3R63yajJxuyr4gW', NULL, '195@digimice.id', '10', '0000-00-00 00:00:00', '0000-00-00 00:00:00', '', 'dr. Muhaeni Soewito', 'participant', '', '3517'),
(227, 'G3Qx4xzS9LocKvlucrPo9FQAR-WpKjds', NULL, '$2y$13$5CKEtm54jLLLYXj0L4qBIe1kyjtYSWOmN1KSur3R63yajJxuyr4gW', NULL, '196@digimice.id', '10', '0000-00-00 00:00:00', '0000-00-00 00:00:00', '', 'dr. Nanda Permatasari', 'participant', '', '3517'),
(228, 'G3Qx4xzS9LocKvlucrPo9FQAR-WpKjds', NULL, '$2y$13$5CKEtm54jLLLYXj0L4qBIe1kyjtYSWOmN1KSur3R63yajJxuyr4gW', NULL, '197@digimice.id', '10', '0000-00-00 00:00:00', '0000-00-00 00:00:00', '', 'dr. Setya Astoeti', 'participant', '', '3517'),
(229, 'G3Qx4xzS9LocKvlucrPo9FQAR-WpKjds', NULL, '$2y$13$5CKEtm54jLLLYXj0L4qBIe1kyjtYSWOmN1KSur3R63yajJxuyr4gW', NULL, '198@digimice.id', '10', '0000-00-00 00:00:00', '0000-00-00 00:00:00', '', 'dr. Anisah Listiawaty', 'participant', '', '3517'),
(230, 'G3Qx4xzS9LocKvlucrPo9FQAR-WpKjds', NULL, '$2y$13$5CKEtm54jLLLYXj0L4qBIe1kyjtYSWOmN1KSur3R63yajJxuyr4gW', NULL, '199@digimice.id', '10', '0000-00-00 00:00:00', '0000-00-00 00:00:00', '', 'dr. Betty Endah Warni', 'participant', '', '3517'),
(231, 'G3Qx4xzS9LocKvlucrPo9FQAR-WpKjds', NULL, '$2y$13$5CKEtm54jLLLYXj0L4qBIe1kyjtYSWOmN1KSur3R63yajJxuyr4gW', NULL, '200@digimice.id', '10', '0000-00-00 00:00:00', '0000-00-00 00:00:00', '', 'dr. Dewi Nugrahini', 'participant', '', '3517'),
(232, 'G3Qx4xzS9LocKvlucrPo9FQAR-WpKjds', NULL, '$2y$13$5CKEtm54jLLLYXj0L4qBIe1kyjtYSWOmN1KSur3R63yajJxuyr4gW', NULL, '201@digimice.id', '10', '0000-00-00 00:00:00', '0000-00-00 00:00:00', '', 'dr. Faruchy Setianing S.', 'participant', '', '3517'),
(233, 'G3Qx4xzS9LocKvlucrPo9FQAR-WpKjds', NULL, '$2y$13$5CKEtm54jLLLYXj0L4qBIe1kyjtYSWOmN1KSur3R63yajJxuyr4gW', NULL, '202@digimice.id', '10', '0000-00-00 00:00:00', '0000-00-00 00:00:00', '', 'dr. Gunawan Budi Tanoyo', 'participant', '', '3517'),
(234, 'G3Qx4xzS9LocKvlucrPo9FQAR-WpKjds', NULL, '$2y$13$5CKEtm54jLLLYXj0L4qBIe1kyjtYSWOmN1KSur3R63yajJxuyr4gW', NULL, '203@digimice.id', '10', '0000-00-00 00:00:00', '0000-00-00 00:00:00', '', 'dr. Novi Kurniasari', 'participant', '', '3517'),
(235, 'G3Qx4xzS9LocKvlucrPo9FQAR-WpKjds', NULL, '$2y$13$5CKEtm54jLLLYXj0L4qBIe1kyjtYSWOmN1KSur3R63yajJxuyr4gW', NULL, '204@digimice.id', '10', '0000-00-00 00:00:00', '0000-00-00 00:00:00', '', 'dr. Sonny Susanto Wirawan', 'participant', '', '3517'),
(236, 'G3Qx4xzS9LocKvlucrPo9FQAR-WpKjds', NULL, '$2y$13$5CKEtm54jLLLYXj0L4qBIe1kyjtYSWOmN1KSur3R63yajJxuyr4gW', NULL, '205@digimice.id', '10', '0000-00-00 00:00:00', '0000-00-00 00:00:00', '', 'dr. Sri Mujiati', 'participant', '', '3517'),
(237, 'G3Qx4xzS9LocKvlucrPo9FQAR-WpKjds', NULL, '$2y$13$5CKEtm54jLLLYXj0L4qBIe1kyjtYSWOmN1KSur3R63yajJxuyr4gW', NULL, '206@digimice.id', '10', '0000-00-00 00:00:00', '0000-00-00 00:00:00', '', 'dr. Srijanti', 'participant', '', '3517'),
(238, 'G3Qx4xzS9LocKvlucrPo9FQAR-WpKjds', NULL, '$2y$13$5CKEtm54jLLLYXj0L4qBIe1kyjtYSWOmN1KSur3R63yajJxuyr4gW', NULL, '207@digimice.id', '10', '0000-00-00 00:00:00', '0000-00-00 00:00:00', '', 'dr. Subekti Andamari', 'participant', '', '3517'),
(239, 'G3Qx4xzS9LocKvlucrPo9FQAR-WpKjds', NULL, '$2y$13$5CKEtm54jLLLYXj0L4qBIe1kyjtYSWOmN1KSur3R63yajJxuyr4gW', NULL, '208@digimice.id', '10', '0000-00-00 00:00:00', '0000-00-00 00:00:00', '', 'dr. Wiwiet Saraswati', 'participant', '', '3517'),
(240, 'G3Qx4xzS9LocKvlucrPo9FQAR-WpKjds', NULL, '$2y$13$5CKEtm54jLLLYXj0L4qBIe1kyjtYSWOmN1KSur3R63yajJxuyr4gW', NULL, '209@digimice.id', '10', '0000-00-00 00:00:00', '0000-00-00 00:00:00', '', 'dr. Budi Subagijo', 'participant', '', '3517'),
(241, 'G3Qx4xzS9LocKvlucrPo9FQAR-WpKjds', NULL, '$2y$13$5CKEtm54jLLLYXj0L4qBIe1kyjtYSWOmN1KSur3R63yajJxuyr4gW', NULL, '210@digimice.id', '10', '0000-00-00 00:00:00', '0000-00-00 00:00:00', '', 'dr. Hariyanti', 'participant', '', '3517'),
(242, 'G3Qx4xzS9LocKvlucrPo9FQAR-WpKjds', NULL, '$2y$13$5CKEtm54jLLLYXj0L4qBIe1kyjtYSWOmN1KSur3R63yajJxuyr4gW', NULL, '211@digimice.id', '10', '0000-00-00 00:00:00', '0000-00-00 00:00:00', '', 'dr. Icus G. Marsudi, M.Kes', 'participant', '', '3517'),
(243, 'G3Qx4xzS9LocKvlucrPo9FQAR-WpKjds', NULL, '$2y$13$5CKEtm54jLLLYXj0L4qBIe1kyjtYSWOmN1KSur3R63yajJxuyr4gW', NULL, '212@digimice.id', '10', '0000-00-00 00:00:00', '0000-00-00 00:00:00', '', 'dr. Johan Duanto', 'participant', '', '3517'),
(244, 'G3Qx4xzS9LocKvlucrPo9FQAR-WpKjds', NULL, '$2y$13$5CKEtm54jLLLYXj0L4qBIe1kyjtYSWOmN1KSur3R63yajJxuyr4gW', NULL, '213@digimice.id', '10', '0000-00-00 00:00:00', '0000-00-00 00:00:00', '', 'dr. M. Azam Muttaqin', 'participant', '', '3517'),
(245, 'G3Qx4xzS9LocKvlucrPo9FQAR-WpKjds', NULL, '$2y$13$5CKEtm54jLLLYXj0L4qBIe1kyjtYSWOmN1KSur3R63yajJxuyr4gW', NULL, '214@digimice.id', '10', '0000-00-00 00:00:00', '0000-00-00 00:00:00', '', 'dr. M. Vidya Buana', 'participant', '', '3517'),
(246, 'G3Qx4xzS9LocKvlucrPo9FQAR-WpKjds', NULL, '$2y$13$5CKEtm54jLLLYXj0L4qBIe1kyjtYSWOmN1KSur3R63yajJxuyr4gW', NULL, '215@digimice.id', '10', '0000-00-00 00:00:00', '0000-00-00 00:00:00', '', 'dr. Meisha A. P.', 'participant', '', '3517'),
(247, 'G3Qx4xzS9LocKvlucrPo9FQAR-WpKjds', NULL, '$2y$13$5CKEtm54jLLLYXj0L4qBIe1kyjtYSWOmN1KSur3R63yajJxuyr4gW', NULL, '216@digimice.id', '10', '0000-00-00 00:00:00', '0000-00-00 00:00:00', '', 'dr. Noer Hajati', 'participant', '', '3517'),
(248, 'G3Qx4xzS9LocKvlucrPo9FQAR-WpKjds', NULL, '$2y$13$5CKEtm54jLLLYXj0L4qBIe1kyjtYSWOmN1KSur3R63yajJxuyr4gW', NULL, '217@digimice.id', '10', '0000-00-00 00:00:00', '0000-00-00 00:00:00', '', 'dr. Sakdun', 'participant', '', '3517'),
(249, 'G3Qx4xzS9LocKvlucrPo9FQAR-WpKjds', NULL, '$2y$13$5CKEtm54jLLLYXj0L4qBIe1kyjtYSWOmN1KSur3R63yajJxuyr4gW', NULL, '218@digimice.id', '10', '0000-00-00 00:00:00', '0000-00-00 00:00:00', '', 'dr. Siti Janah', 'participant', '', '3517'),
(250, 'G3Qx4xzS9LocKvlucrPo9FQAR-WpKjds', NULL, '$2y$13$5CKEtm54jLLLYXj0L4qBIe1kyjtYSWOmN1KSur3R63yajJxuyr4gW', NULL, '219@digimice.id', '10', '0000-00-00 00:00:00', '0000-00-00 00:00:00', '', 'dr. Sri Rahayu', 'participant', '', '3517'),
(251, 'G3Qx4xzS9LocKvlucrPo9FQAR-WpKjds', NULL, '$2y$13$5CKEtm54jLLLYXj0L4qBIe1kyjtYSWOmN1KSur3R63yajJxuyr4gW', NULL, '220@digimice.id', '10', '0000-00-00 00:00:00', '0000-00-00 00:00:00', '', 'dr.  Belinda', 'participant', '', '3517'),
(252, 'G3Qx4xzS9LocKvlucrPo9FQAR-WpKjds', NULL, '$2y$13$5CKEtm54jLLLYXj0L4qBIe1kyjtYSWOmN1KSur3R63yajJxuyr4gW', NULL, '221@digimice.id', '10', '0000-00-00 00:00:00', '0000-00-00 00:00:00', '', 'dr. Andy Bhinuko', 'participant', '', '3517'),
(253, 'G3Qx4xzS9LocKvlucrPo9FQAR-WpKjds', NULL, '$2y$13$5CKEtm54jLLLYXj0L4qBIe1kyjtYSWOmN1KSur3R63yajJxuyr4gW', NULL, '222@digimice.id', '10', '0000-00-00 00:00:00', '0000-00-00 00:00:00', '', 'dr. Diah Eka Wiyani', 'participant', '', '3517'),
(254, 'G3Qx4xzS9LocKvlucrPo9FQAR-WpKjds', NULL, '$2y$13$5CKEtm54jLLLYXj0L4qBIe1kyjtYSWOmN1KSur3R63yajJxuyr4gW', NULL, '223@digimice.id', '10', '0000-00-00 00:00:00', '0000-00-00 00:00:00', '', 'dr. Fenty Maya Sari', 'participant', '', '3517'),
(255, 'G3Qx4xzS9LocKvlucrPo9FQAR-WpKjds', NULL, '$2y$13$5CKEtm54jLLLYXj0L4qBIe1kyjtYSWOmN1KSur3R63yajJxuyr4gW', NULL, '224@digimice.id', '10', '0000-00-00 00:00:00', '0000-00-00 00:00:00', '', 'dr. Hans Mahagi', 'participant', '', '3517'),
(256, 'G3Qx4xzS9LocKvlucrPo9FQAR-WpKjds', NULL, '$2y$13$5CKEtm54jLLLYXj0L4qBIe1kyjtYSWOmN1KSur3R63yajJxuyr4gW', NULL, '225@digimice.id', '10', '0000-00-00 00:00:00', '0000-00-00 00:00:00', '', 'dr. Leopald Suisan', 'participant', '', '3517'),
(257, 'G3Qx4xzS9LocKvlucrPo9FQAR-WpKjds', NULL, '$2y$13$5CKEtm54jLLLYXj0L4qBIe1kyjtYSWOmN1KSur3R63yajJxuyr4gW', NULL, '226@digimice.id', '10', '0000-00-00 00:00:00', '0000-00-00 00:00:00', '', 'dr. Luh Putu Ayu Pradnya I.', 'participant', '', '3517'),
(258, 'G3Qx4xzS9LocKvlucrPo9FQAR-WpKjds', NULL, '$2y$13$5CKEtm54jLLLYXj0L4qBIe1kyjtYSWOmN1KSur3R63yajJxuyr4gW', NULL, '227@digimice.id', '10', '0000-00-00 00:00:00', '0000-00-00 00:00:00', '', 'dr. Mada Maulana Aulia Urrahman', 'participant', '', '3517'),
(259, 'G3Qx4xzS9LocKvlucrPo9FQAR-WpKjds', NULL, '$2y$13$5CKEtm54jLLLYXj0L4qBIe1kyjtYSWOmN1KSur3R63yajJxuyr4gW', NULL, '228@digimice.id', '10', '0000-00-00 00:00:00', '0000-00-00 00:00:00', '', 'dr. Marini Ayu Purnama', 'participant', '', '3517'),
(260, 'G3Qx4xzS9LocKvlucrPo9FQAR-WpKjds', NULL, '$2y$13$5CKEtm54jLLLYXj0L4qBIe1kyjtYSWOmN1KSur3R63yajJxuyr4gW', NULL, '229@digimice.id', '10', '0000-00-00 00:00:00', '0000-00-00 00:00:00', '', 'dr. Mokhamad Munif Rizatul Qusnu', 'participant', '', '3517'),
(261, 'G3Qx4xzS9LocKvlucrPo9FQAR-WpKjds', NULL, '$2y$13$5CKEtm54jLLLYXj0L4qBIe1kyjtYSWOmN1KSur3R63yajJxuyr4gW', NULL, '230@digimice.id', '10', '0000-00-00 00:00:00', '0000-00-00 00:00:00', '', 'dr. Tusy Pungki H.', 'participant', '', '3517'),
(262, 'G3Qx4xzS9LocKvlucrPo9FQAR-WpKjds', NULL, '$2y$13$5CKEtm54jLLLYXj0L4qBIe1kyjtYSWOmN1KSur3R63yajJxuyr4gW', NULL, '231@digimice.id', '10', '0000-00-00 00:00:00', '0000-00-00 00:00:00', '', 'dr. Afif Amrulloh', 'participant', '', '3517'),
(263, 'G3Qx4xzS9LocKvlucrPo9FQAR-WpKjds', NULL, '$2y$13$5CKEtm54jLLLYXj0L4qBIe1kyjtYSWOmN1KSur3R63yajJxuyr4gW', NULL, '232@digimice.id', '10', '0000-00-00 00:00:00', '0000-00-00 00:00:00', '', 'dr. Arief Karimauv', 'participant', '', '3517'),
(264, 'G3Qx4xzS9LocKvlucrPo9FQAR-WpKjds', NULL, '$2y$13$5CKEtm54jLLLYXj0L4qBIe1kyjtYSWOmN1KSur3R63yajJxuyr4gW', NULL, '233@digimice.id', '10', '0000-00-00 00:00:00', '0000-00-00 00:00:00', '', 'dr. Budiastuti Indah Ratnawati', 'participant', '', '3517'),
(265, 'G3Qx4xzS9LocKvlucrPo9FQAR-WpKjds', NULL, '$2y$13$5CKEtm54jLLLYXj0L4qBIe1kyjtYSWOmN1KSur3R63yajJxuyr4gW', NULL, '234@digimice.id', '10', '0000-00-00 00:00:00', '0000-00-00 00:00:00', '', 'dr. Indri Noor H', 'participant', '', '3517'),
(266, 'G3Qx4xzS9LocKvlucrPo9FQAR-WpKjds', NULL, '$2y$13$5CKEtm54jLLLYXj0L4qBIe1kyjtYSWOmN1KSur3R63yajJxuyr4gW', NULL, '235@digimice.id', '10', '0000-00-00 00:00:00', '0000-00-00 00:00:00', '', 'dr. Intan Dwistya Wiraguna', 'participant', '', '3517'),
(267, 'G3Qx4xzS9LocKvlucrPo9FQAR-WpKjds', NULL, '$2y$13$5CKEtm54jLLLYXj0L4qBIe1kyjtYSWOmN1KSur3R63yajJxuyr4gW', NULL, '236@digimice.id', '10', '0000-00-00 00:00:00', '0000-00-00 00:00:00', '', 'dr. Izzatul Mufidah M.', 'participant', '', '3517'),
(268, 'G3Qx4xzS9LocKvlucrPo9FQAR-WpKjds', NULL, '$2y$13$5CKEtm54jLLLYXj0L4qBIe1kyjtYSWOmN1KSur3R63yajJxuyr4gW', NULL, '237@digimice.id', '10', '0000-00-00 00:00:00', '0000-00-00 00:00:00', '', 'dr. Rahadi Akbar', 'participant', '', '3517'),
(269, 'G3Qx4xzS9LocKvlucrPo9FQAR-WpKjds', NULL, '$2y$13$5CKEtm54jLLLYXj0L4qBIe1kyjtYSWOmN1KSur3R63yajJxuyr4gW', NULL, '238@digimice.id', '10', '0000-00-00 00:00:00', '0000-00-00 00:00:00', '', 'dr. Nur Azizah', 'participant', '', '3576'),
(270, 'G3Qx4xzS9LocKvlucrPo9FQAR-WpKjds', NULL, '$2y$13$5CKEtm54jLLLYXj0L4qBIe1kyjtYSWOmN1KSur3R63yajJxuyr4gW', NULL, '239@digimice.id', '10', '0000-00-00 00:00:00', '0000-00-00 00:00:00', '', 'dr. ELLYS INDAH FAJARWATI', 'participant', '', '3507'),
(271, 'G3Qx4xzS9LocKvlucrPo9FQAR-WpKjds', NULL, '$2y$13$5CKEtm54jLLLYXj0L4qBIe1kyjtYSWOmN1KSur3R63yajJxuyr4gW', NULL, '240@digimice.id', '10', '0000-00-00 00:00:00', '0000-00-00 00:00:00', '', 'dr. RIANA WIDYASTUTI', 'participant', '', '3504'),
(272, 'G3Qx4xzS9LocKvlucrPo9FQAR-WpKjds', NULL, '$2y$13$5CKEtm54jLLLYXj0L4qBIe1kyjtYSWOmN1KSur3R63yajJxuyr4gW', NULL, '241@digimice.id', '10', '0000-00-00 00:00:00', '0000-00-00 00:00:00', '', 'dr. SUKOCO', 'participant', '', '3515'),
(273, 'G3Qx4xzS9LocKvlucrPo9FQAR-WpKjds', NULL, '$2y$13$5CKEtm54jLLLYXj0L4qBIe1kyjtYSWOmN1KSur3R63yajJxuyr4gW', NULL, '242@digimice.id', '10', '0000-00-00 00:00:00', '0000-00-00 00:00:00', '', 'dr. LULUK MASTOROH', 'participant', '', '3515'),
(274, 'G3Qx4xzS9LocKvlucrPo9FQAR-WpKjds', NULL, '$2y$13$5CKEtm54jLLLYXj0L4qBIe1kyjtYSWOmN1KSur3R63yajJxuyr4gW', NULL, '243@digimice.id', '10', '0000-00-00 00:00:00', '0000-00-00 00:00:00', '', 'dr. PUTRI ANGGRAENI K', 'participant', '', '3525'),
(275, 'G3Qx4xzS9LocKvlucrPo9FQAR-WpKjds', NULL, '$2y$13$5CKEtm54jLLLYXj0L4qBIe1kyjtYSWOmN1KSur3R63yajJxuyr4gW', NULL, '244@digimice.id', '10', '0000-00-00 00:00:00', '0000-00-00 00:00:00', '', 'dr. ADI LAKSONO, MMRS', 'participant', '', '3506'),
(276, 'G3Qx4xzS9LocKvlucrPo9FQAR-WpKjds', NULL, '$2y$13$5CKEtm54jLLLYXj0L4qBIe1kyjtYSWOmN1KSur3R63yajJxuyr4gW', NULL, '245@digimice.id', '10', '0000-00-00 00:00:00', '0000-00-00 00:00:00', '', 'dr. ANNY KUSUMAN', 'participant', '', '3578'),
(277, 'G3Qx4xzS9LocKvlucrPo9FQAR-WpKjds', NULL, '$2y$13$5CKEtm54jLLLYXj0L4qBIe1kyjtYSWOmN1KSur3R63yajJxuyr4gW', NULL, '246@digimice.id', '10', '0000-00-00 00:00:00', '0000-00-00 00:00:00', '', 'dr. INDAH IKA SURYANINGSIH H', 'participant', '', '3573'),
(278, 'G3Qx4xzS9LocKvlucrPo9FQAR-WpKjds', NULL, '$2y$13$5CKEtm54jLLLYXj0L4qBIe1kyjtYSWOmN1KSur3R63yajJxuyr4gW', NULL, '247@digimice.id', '10', '0000-00-00 00:00:00', '0000-00-00 00:00:00', '', 'dr. DIANA PUDJOWATI', 'participant', '', '3578'),
(279, 'G3Qx4xzS9LocKvlucrPo9FQAR-WpKjds', NULL, '$2y$13$5CKEtm54jLLLYXj0L4qBIe1kyjtYSWOmN1KSur3R63yajJxuyr4gW', NULL, '248@digimice.id', '10', '0000-00-00 00:00:00', '0000-00-00 00:00:00', '', 'dr. LINA HARYANA FAJRIN', 'participant', '', '3578'),
(280, 'G3Qx4xzS9LocKvlucrPo9FQAR-WpKjds', NULL, '$2y$13$5CKEtm54jLLLYXj0L4qBIe1kyjtYSWOmN1KSur3R63yajJxuyr4gW', NULL, '249@digimice.id', '10', '0000-00-00 00:00:00', '0000-00-00 00:00:00', '', 'dr. MUHAMMAD WILDANULHAQ', 'participant', '', '3578'),
(281, 'G3Qx4xzS9LocKvlucrPo9FQAR-WpKjds', NULL, '$2y$13$5CKEtm54jLLLYXj0L4qBIe1kyjtYSWOmN1KSur3R63yajJxuyr4gW', NULL, '250@digimice.id', '10', '0000-00-00 00:00:00', '0000-00-00 00:00:00', '', 'dr. RAKSAWARDAYA TANUDJAJA', 'participant', '', '3521'),
(282, 'G3Qx4xzS9LocKvlucrPo9FQAR-WpKjds', NULL, '$2y$13$5CKEtm54jLLLYXj0L4qBIe1kyjtYSWOmN1KSur3R63yajJxuyr4gW', NULL, '251@digimice.id', '10', '0000-00-00 00:00:00', '0000-00-00 00:00:00', '', 'dr. SUGIANTO', 'participant', '', '3578'),
(283, 'G3Qx4xzS9LocKvlucrPo9FQAR-WpKjds', NULL, '$2y$13$5CKEtm54jLLLYXj0L4qBIe1kyjtYSWOmN1KSur3R63yajJxuyr4gW', NULL, '252@digimice.id', '10', '0000-00-00 00:00:00', '0000-00-00 00:00:00', '', 'dr. NURYATIEN HUSNA', 'participant', '', '3578'),
(284, 'G3Qx4xzS9LocKvlucrPo9FQAR-WpKjds', NULL, '$2y$13$5CKEtm54jLLLYXj0L4qBIe1kyjtYSWOmN1KSur3R63yajJxuyr4gW', NULL, '253@digimice.id', '10', '0000-00-00 00:00:00', '0000-00-00 00:00:00', '', 'dr. TANTI KUSUMA NINGRUM', 'participant', '', '3515'),
(285, 'G3Qx4xzS9LocKvlucrPo9FQAR-WpKjds', NULL, '$2y$13$5CKEtm54jLLLYXj0L4qBIe1kyjtYSWOmN1KSur3R63yajJxuyr4gW', NULL, '254@digimice.id', '10', '0000-00-00 00:00:00', '0000-00-00 00:00:00', '', 'dr. YOHAN SINTARA, MH.Kes', 'participant', '', '3578'),
(286, 'G3Qx4xzS9LocKvlucrPo9FQAR-WpKjds', NULL, '$2y$13$5CKEtm54jLLLYXj0L4qBIe1kyjtYSWOmN1KSur3R63yajJxuyr4gW', NULL, '255@digimice.id', '10', '0000-00-00 00:00:00', '0000-00-00 00:00:00', '', 'dr. ROISA FERIANI', 'participant', '', '3516'),
(287, 'G3Qx4xzS9LocKvlucrPo9FQAR-WpKjds', NULL, '$2y$13$5CKEtm54jLLLYXj0L4qBIe1kyjtYSWOmN1KSur3R63yajJxuyr4gW', NULL, '256@digimice.id', '10', '0000-00-00 00:00:00', '0000-00-00 00:00:00', '', 'dr. PRATAMA RIZKY ARDI', 'participant', '', '3516'),
(288, 'G3Qx4xzS9LocKvlucrPo9FQAR-WpKjds', NULL, '$2y$13$5CKEtm54jLLLYXj0L4qBIe1kyjtYSWOmN1KSur3R63yajJxuyr4gW', NULL, '257@digimice.id', '10', '0000-00-00 00:00:00', '0000-00-00 00:00:00', '', 'dr. AHLIYATUL WADLIKHAH', 'participant', '', '3578'),
(289, 'G3Qx4xzS9LocKvlucrPo9FQAR-WpKjds', NULL, '$2y$13$5CKEtm54jLLLYXj0L4qBIe1kyjtYSWOmN1KSur3R63yajJxuyr4gW', NULL, '258@digimice.id', '10', '0000-00-00 00:00:00', '0000-00-00 00:00:00', '', 'dr. MARDALISA', 'participant', '', '3209'),
(290, 'G3Qx4xzS9LocKvlucrPo9FQAR-WpKjds', NULL, '$2y$13$5CKEtm54jLLLYXj0L4qBIe1kyjtYSWOmN1KSur3R63yajJxuyr4gW', NULL, '259@digimice.id', '10', '0000-00-00 00:00:00', '0000-00-00 00:00:00', '', 'dr. HJ. MELANI EKAWATI', 'participant', '', '3522'),
(291, 'G3Qx4xzS9LocKvlucrPo9FQAR-WpKjds', NULL, '$2y$13$5CKEtm54jLLLYXj0L4qBIe1kyjtYSWOmN1KSur3R63yajJxuyr4gW', NULL, '260@digimice.id', '10', '0000-00-00 00:00:00', '0000-00-00 00:00:00', '', 'dr. TRIA DEWI RATNASARI', 'participant', '', '3522'),
(292, 'G3Qx4xzS9LocKvlucrPo9FQAR-WpKjds', NULL, '$2y$13$5CKEtm54jLLLYXj0L4qBIe1kyjtYSWOmN1KSur3R63yajJxuyr4gW', NULL, '261@digimice.id', '10', '0000-00-00 00:00:00', '0000-00-00 00:00:00', '', 'dr. HENRI PERWIRA NEGARA', 'participant', '', '3525'),
(293, 'G3Qx4xzS9LocKvlucrPo9FQAR-WpKjds', NULL, '$2y$13$5CKEtm54jLLLYXj0L4qBIe1kyjtYSWOmN1KSur3R63yajJxuyr4gW', NULL, '262@digimice.id', '10', '0000-00-00 00:00:00', '0000-00-00 00:00:00', '', 'dr. LILIK IKKE WIDYAWATI', 'participant', '', '5304'),
(294, 'G3Qx4xzS9LocKvlucrPo9FQAR-WpKjds', NULL, '$2y$13$5CKEtm54jLLLYXj0L4qBIe1kyjtYSWOmN1KSur3R63yajJxuyr4gW', NULL, '263@digimice.id', '10', '0000-00-00 00:00:00', '0000-00-00 00:00:00', '', 'dr. IKWAN SIANDHIKA', 'participant', '', '3510'),
(295, 'G3Qx4xzS9LocKvlucrPo9FQAR-WpKjds', NULL, '$2y$13$5CKEtm54jLLLYXj0L4qBIe1kyjtYSWOmN1KSur3R63yajJxuyr4gW', NULL, '264@digimice.id', '10', '0000-00-00 00:00:00', '0000-00-00 00:00:00', '', 'dr. I KADEK AGUS SUARDANA', 'participant', '', '5171'),
(296, 'G3Qx4xzS9LocKvlucrPo9FQAR-WpKjds', NULL, '$2y$13$5CKEtm54jLLLYXj0L4qBIe1kyjtYSWOmN1KSur3R63yajJxuyr4gW', NULL, '265@digimice.id', '10', '0000-00-00 00:00:00', '0000-00-00 00:00:00', '', 'dr. NUR PANGESTHIATI', 'participant', '', '3515'),
(297, 'G3Qx4xzS9LocKvlucrPo9FQAR-WpKjds', NULL, '$2y$13$5CKEtm54jLLLYXj0L4qBIe1kyjtYSWOmN1KSur3R63yajJxuyr4gW', NULL, '266@digimice.id', '10', '0000-00-00 00:00:00', '0000-00-00 00:00:00', '', 'dr. ADI SURIJA', 'participant', '', '3571'),
(298, 'G3Qx4xzS9LocKvlucrPo9FQAR-WpKjds', NULL, '$2y$13$5CKEtm54jLLLYXj0L4qBIe1kyjtYSWOmN1KSur3R63yajJxuyr4gW', NULL, '267@digimice.id', '10', '0000-00-00 00:00:00', '0000-00-00 00:00:00', '', 'dr. PHURWATI AGUSTIN', 'participant', '', '3504'),
(299, 'G3Qx4xzS9LocKvlucrPo9FQAR-WpKjds', NULL, '$2y$13$5CKEtm54jLLLYXj0L4qBIe1kyjtYSWOmN1KSur3R63yajJxuyr4gW', NULL, '268@digimice.id', '10', '0000-00-00 00:00:00', '0000-00-00 00:00:00', '', 'dr. ALDIOLA PERDANA', 'participant', '', '3526'),
(300, 'G3Qx4xzS9LocKvlucrPo9FQAR-WpKjds', NULL, '$2y$13$5CKEtm54jLLLYXj0L4qBIe1kyjtYSWOmN1KSur3R63yajJxuyr4gW', NULL, '269@digimice.id', '10', '0000-00-00 00:00:00', '0000-00-00 00:00:00', '', 'dr. I NYOMAN YUDIARTONO', 'participant', '', '5171'),
(301, 'G3Qx4xzS9LocKvlucrPo9FQAR-WpKjds', NULL, '$2y$13$5CKEtm54jLLLYXj0L4qBIe1kyjtYSWOmN1KSur3R63yajJxuyr4gW', NULL, '270@digimice.id', '10', '0000-00-00 00:00:00', '0000-00-00 00:00:00', '', 'dr. MUHAMMAD ARIF AMININ', 'participant', '', '3579'),
(302, 'G3Qx4xzS9LocKvlucrPo9FQAR-WpKjds', NULL, '$2y$13$5CKEtm54jLLLYXj0L4qBIe1kyjtYSWOmN1KSur3R63yajJxuyr4gW', NULL, '271@digimice.id', '10', '0000-00-00 00:00:00', '0000-00-00 00:00:00', '', 'dr. HENNY WIDIASTUTY', 'participant', '', '3515'),
(303, 'G3Qx4xzS9LocKvlucrPo9FQAR-WpKjds', NULL, '$2y$13$5CKEtm54jLLLYXj0L4qBIe1kyjtYSWOmN1KSur3R63yajJxuyr4gW', NULL, '272@digimice.id', '10', '0000-00-00 00:00:00', '0000-00-00 00:00:00', '', 'dr. RINI ANGGRAHINI', 'participant', '', '3575'),
(304, 'G3Qx4xzS9LocKvlucrPo9FQAR-WpKjds', NULL, '$2y$13$5CKEtm54jLLLYXj0L4qBIe1kyjtYSWOmN1KSur3R63yajJxuyr4gW', NULL, '273@digimice.id', '10', '0000-00-00 00:00:00', '0000-00-00 00:00:00', '', 'dr. CHRISTOPHER LEO MAUKAR', 'participant', '', '3504'),
(305, 'G3Qx4xzS9LocKvlucrPo9FQAR-WpKjds', NULL, '$2y$13$5CKEtm54jLLLYXj0L4qBIe1kyjtYSWOmN1KSur3R63yajJxuyr4gW', NULL, '274@digimice.id', '10', '0000-00-00 00:00:00', '0000-00-00 00:00:00', '', 'dr. MARINI DANIAR CESAR', 'participant', '', '3501'),
(306, 'G3Qx4xzS9LocKvlucrPo9FQAR-WpKjds', NULL, '$2y$13$5CKEtm54jLLLYXj0L4qBIe1kyjtYSWOmN1KSur3R63yajJxuyr4gW', NULL, '275@digimice.id', '10', '0000-00-00 00:00:00', '0000-00-00 00:00:00', '', 'dr. PRILLY RALEKA PAHLEVAWATI', 'participant', '', '3501'),
(307, 'G3Qx4xzS9LocKvlucrPo9FQAR-WpKjds', NULL, '$2y$13$5CKEtm54jLLLYXj0L4qBIe1kyjtYSWOmN1KSur3R63yajJxuyr4gW', NULL, '276@digimice.id', '10', '0000-00-00 00:00:00', '0000-00-00 00:00:00', '', 'dr. TRAFYAR PRAKARTI', 'participant', '', '3507'),
(308, 'G3Qx4xzS9LocKvlucrPo9FQAR-WpKjds', NULL, '$2y$13$5CKEtm54jLLLYXj0L4qBIe1kyjtYSWOmN1KSur3R63yajJxuyr4gW', NULL, '277@digimice.id', '10', '0000-00-00 00:00:00', '0000-00-00 00:00:00', '', 'dr. SHEILA ROSITA FAUZIAH', 'participant', '', '3578'),
(309, 'G3Qx4xzS9LocKvlucrPo9FQAR-WpKjds', NULL, '$2y$13$5CKEtm54jLLLYXj0L4qBIe1kyjtYSWOmN1KSur3R63yajJxuyr4gW', NULL, '278@digimice.id', '10', '0000-00-00 00:00:00', '0000-00-00 00:00:00', '', 'dr. ALOYSIUS TRI JOEHANTO, M.H.', 'participant', '', '3578'),
(310, 'G3Qx4xzS9LocKvlucrPo9FQAR-WpKjds', NULL, '$2y$13$5CKEtm54jLLLYXj0L4qBIe1kyjtYSWOmN1KSur3R63yajJxuyr4gW', NULL, '279@digimice.id', '10', '0000-00-00 00:00:00', '0000-00-00 00:00:00', '', 'dr. NAVIS YULIANSYAH, MMRS', 'participant', '', '3573'),
(311, 'G3Qx4xzS9LocKvlucrPo9FQAR-WpKjds', NULL, '$2y$13$5CKEtm54jLLLYXj0L4qBIe1kyjtYSWOmN1KSur3R63yajJxuyr4gW', NULL, '280@digimice.id', '10', '0000-00-00 00:00:00', '0000-00-00 00:00:00', '', 'dr. CUT CANDRA WULANINGMEI', 'participant', '', '3518'),
(312, 'G3Qx4xzS9LocKvlucrPo9FQAR-WpKjds', NULL, '$2y$13$5CKEtm54jLLLYXj0L4qBIe1kyjtYSWOmN1KSur3R63yajJxuyr4gW', NULL, '281@digimice.id', '10', '0000-00-00 00:00:00', '0000-00-00 00:00:00', '', 'dr. BRAMADHYA FRAGIL JALANANDA', 'participant', '', '3310'),
(313, 'G3Qx4xzS9LocKvlucrPo9FQAR-WpKjds', NULL, '$2y$13$5CKEtm54jLLLYXj0L4qBIe1kyjtYSWOmN1KSur3R63yajJxuyr4gW', NULL, '282@digimice.id', '10', '0000-00-00 00:00:00', '0000-00-00 00:00:00', '', 'dr. DIBYOHARDJANTO', 'participant', '', '3526'),
(314, 'G3Qx4xzS9LocKvlucrPo9FQAR-WpKjds', NULL, '$2y$13$5CKEtm54jLLLYXj0L4qBIe1kyjtYSWOmN1KSur3R63yajJxuyr4gW', NULL, '283@digimice.id', '10', '0000-00-00 00:00:00', '0000-00-00 00:00:00', '', 'dr. FARAH NADIA', 'participant', '', '3571'),
(315, 'G3Qx4xzS9LocKvlucrPo9FQAR-WpKjds', NULL, '$2y$13$5CKEtm54jLLLYXj0L4qBIe1kyjtYSWOmN1KSur3R63yajJxuyr4gW', NULL, '284@digimice.id', '10', '0000-00-00 00:00:00', '0000-00-00 00:00:00', '', 'dr. SUKARI, MS', 'participant', '', '3524'),
(316, 'G3Qx4xzS9LocKvlucrPo9FQAR-WpKjds', NULL, '$2y$13$5CKEtm54jLLLYXj0L4qBIe1kyjtYSWOmN1KSur3R63yajJxuyr4gW', NULL, '285@digimice.id', '10', '0000-00-00 00:00:00', '0000-00-00 00:00:00', '', 'dr. IKA RAHMAWATI', 'participant', '', '3526'),
(317, 'G3Qx4xzS9LocKvlucrPo9FQAR-WpKjds', NULL, '$2y$13$5CKEtm54jLLLYXj0L4qBIe1kyjtYSWOmN1KSur3R63yajJxuyr4gW', NULL, '286@digimice.id', '10', '0000-00-00 00:00:00', '0000-00-00 00:00:00', '', 'dr. RETNA GUMILANG', 'participant', '', '3525'),
(318, 'G3Qx4xzS9LocKvlucrPo9FQAR-WpKjds', NULL, '$2y$13$5CKEtm54jLLLYXj0L4qBIe1kyjtYSWOmN1KSur3R63yajJxuyr4gW', NULL, '287@digimice.id', '10', '0000-00-00 00:00:00', '0000-00-00 00:00:00', '', 'dr. DANANG ABD GHANI', 'participant', '', '3515'),
(319, 'G3Qx4xzS9LocKvlucrPo9FQAR-WpKjds', NULL, '$2y$13$5CKEtm54jLLLYXj0L4qBIe1kyjtYSWOmN1KSur3R63yajJxuyr4gW', NULL, '288@digimice.id', '10', '0000-00-00 00:00:00', '0000-00-00 00:00:00', '', 'dr. AMINAH NASOETION', 'participant', '', '3515'),
(320, 'G3Qx4xzS9LocKvlucrPo9FQAR-WpKjds', NULL, '$2y$13$5CKEtm54jLLLYXj0L4qBIe1kyjtYSWOmN1KSur3R63yajJxuyr4gW', NULL, '289@digimice.id', '10', '0000-00-00 00:00:00', '0000-00-00 00:00:00', '', 'dr. ADHIEN SUBIJANTO', 'participant', '', '3515'),
(321, 'G3Qx4xzS9LocKvlucrPo9FQAR-WpKjds', NULL, '$2y$13$5CKEtm54jLLLYXj0L4qBIe1kyjtYSWOmN1KSur3R63yajJxuyr4gW', NULL, '290@digimice.id', '10', '0000-00-00 00:00:00', '0000-00-00 00:00:00', '', 'dr. AYUNDA MAHARANI', 'participant', '', '3515'),
(322, 'G3Qx4xzS9LocKvlucrPo9FQAR-WpKjds', NULL, '$2y$13$5CKEtm54jLLLYXj0L4qBIe1kyjtYSWOmN1KSur3R63yajJxuyr4gW', NULL, '291@digimice.id', '10', '0000-00-00 00:00:00', '0000-00-00 00:00:00', '', 'dr. TRI RETNO ISWATI', 'participant', '', '3515'),
(323, 'G3Qx4xzS9LocKvlucrPo9FQAR-WpKjds', NULL, '$2y$13$5CKEtm54jLLLYXj0L4qBIe1kyjtYSWOmN1KSur3R63yajJxuyr4gW', NULL, '292@digimice.id', '10', '0000-00-00 00:00:00', '0000-00-00 00:00:00', '', 'dr. SAYEKTI', 'participant', '', '3578'),
(324, 'G3Qx4xzS9LocKvlucrPo9FQAR-WpKjds', NULL, '$2y$13$5CKEtm54jLLLYXj0L4qBIe1kyjtYSWOmN1KSur3R63yajJxuyr4gW', NULL, '293@digimice.id', '10', '0000-00-00 00:00:00', '0000-00-00 00:00:00', '', 'dr. ANDY PRASETYO', 'participant', '', '3576'),
(325, 'G3Qx4xzS9LocKvlucrPo9FQAR-WpKjds', NULL, '$2y$13$5CKEtm54jLLLYXj0L4qBIe1kyjtYSWOmN1KSur3R63yajJxuyr4gW', NULL, '294@digimice.id', '10', '0000-00-00 00:00:00', '0000-00-00 00:00:00', '', 'dr. ICHA SOLIKHAH NUGRAHANI', 'participant', '', '3578'),
(326, 'G3Qx4xzS9LocKvlucrPo9FQAR-WpKjds', NULL, '$2y$13$5CKEtm54jLLLYXj0L4qBIe1kyjtYSWOmN1KSur3R63yajJxuyr4gW', NULL, '295@digimice.id', '10', '0000-00-00 00:00:00', '0000-00-00 00:00:00', '', 'dr. DENI APRIANI', 'participant', '', '3578'),
(327, 'G3Qx4xzS9LocKvlucrPo9FQAR-WpKjds', NULL, '$2y$13$5CKEtm54jLLLYXj0L4qBIe1kyjtYSWOmN1KSur3R63yajJxuyr4gW', NULL, '296@digimice.id', '10', '0000-00-00 00:00:00', '0000-00-00 00:00:00', '', 'dr. JAMES SINAYA, MPH', 'participant', '', '3578'),
(328, 'G3Qx4xzS9LocKvlucrPo9FQAR-WpKjds', NULL, '$2y$13$5CKEtm54jLLLYXj0L4qBIe1kyjtYSWOmN1KSur3R63yajJxuyr4gW', NULL, '297@digimice.id', '10', '0000-00-00 00:00:00', '0000-00-00 00:00:00', '', 'dr. NURCHOLIS, S.P.', 'participant', '', '3522'),
(329, 'G3Qx4xzS9LocKvlucrPo9FQAR-WpKjds', NULL, '$2y$13$5CKEtm54jLLLYXj0L4qBIe1kyjtYSWOmN1KSur3R63yajJxuyr4gW', NULL, '298@digimice.id', '10', '0000-00-00 00:00:00', '0000-00-00 00:00:00', '', 'dr. YENNY LUDIANDRINI', 'participant', '', '3578'),
(330, 'G3Qx4xzS9LocKvlucrPo9FQAR-WpKjds', NULL, '$2y$13$5CKEtm54jLLLYXj0L4qBIe1kyjtYSWOmN1KSur3R63yajJxuyr4gW', NULL, '299@digimice.id', '10', '0000-00-00 00:00:00', '0000-00-00 00:00:00', '', 'dr. EDY SISWANTO 08123060671', 'participant', '', '3578'),
(331, 'G3Qx4xzS9LocKvlucrPo9FQAR-WpKjds', NULL, '$2y$13$5CKEtm54jLLLYXj0L4qBIe1kyjtYSWOmN1KSur3R63yajJxuyr4gW', NULL, '300@digimice.id', '10', '0000-00-00 00:00:00', '0000-00-00 00:00:00', '', 'dr. REGINA MAY', 'participant', '', '3571'),
(332, 'G3Qx4xzS9LocKvlucrPo9FQAR-WpKjds', NULL, '$2y$13$5CKEtm54jLLLYXj0L4qBIe1kyjtYSWOmN1KSur3R63yajJxuyr4gW', NULL, '301@digimice.id', '10', '0000-00-00 00:00:00', '0000-00-00 00:00:00', '', 'dr. IVAN HENDRATA', 'participant', '', '3571'),
(333, 'G3Qx4xzS9LocKvlucrPo9FQAR-WpKjds', NULL, '$2y$13$5CKEtm54jLLLYXj0L4qBIe1kyjtYSWOmN1KSur3R63yajJxuyr4gW', NULL, '302@digimice.id', '10', '0000-00-00 00:00:00', '0000-00-00 00:00:00', '', 'dr. DWI BUDI PHING HANDAJANI', 'participant', '', '3508'),
(334, 'G3Qx4xzS9LocKvlucrPo9FQAR-WpKjds', NULL, '$2y$13$5CKEtm54jLLLYXj0L4qBIe1kyjtYSWOmN1KSur3R63yajJxuyr4gW', NULL, '303@digimice.id', '10', '0000-00-00 00:00:00', '0000-00-00 00:00:00', '', 'dr. ERNIEK SAPTOWATI', 'participant', '', '3524'),
(335, 'G3Qx4xzS9LocKvlucrPo9FQAR-WpKjds', NULL, '$2y$13$5CKEtm54jLLLYXj0L4qBIe1kyjtYSWOmN1KSur3R63yajJxuyr4gW', NULL, '304@digimice.id', '10', '0000-00-00 00:00:00', '0000-00-00 00:00:00', '', 'dr. MUJTAHIDAH', 'participant', '', '3525'),
(336, 'G3Qx4xzS9LocKvlucrPo9FQAR-WpKjds', NULL, '$2y$13$5CKEtm54jLLLYXj0L4qBIe1kyjtYSWOmN1KSur3R63yajJxuyr4gW', NULL, '305@digimice.id', '10', '0000-00-00 00:00:00', '0000-00-00 00:00:00', '', 'dr. HANI SETIAWATI', 'participant', '', '3508'),
(337, 'G3Qx4xzS9LocKvlucrPo9FQAR-WpKjds', NULL, '$2y$13$5CKEtm54jLLLYXj0L4qBIe1kyjtYSWOmN1KSur3R63yajJxuyr4gW', NULL, '306@digimice.id', '10', '0000-00-00 00:00:00', '0000-00-00 00:00:00', '', 'dr. AMINATUS SA\'DIYAH', 'participant', '', '3528'),
(338, 'G3Qx4xzS9LocKvlucrPo9FQAR-WpKjds', NULL, '$2y$13$5CKEtm54jLLLYXj0L4qBIe1kyjtYSWOmN1KSur3R63yajJxuyr4gW', NULL, '307@digimice.id', '10', '0000-00-00 00:00:00', '0000-00-00 00:00:00', '', 'dr. PURWITA YUSTIANTI', 'participant', '', '3515'),
(339, 'G3Qx4xzS9LocKvlucrPo9FQAR-WpKjds', NULL, '$2y$13$5CKEtm54jLLLYXj0L4qBIe1kyjtYSWOmN1KSur3R63yajJxuyr4gW', NULL, '308@digimice.id', '10', '0000-00-00 00:00:00', '0000-00-00 00:00:00', '', 'dr. CHANDRA WAHYU KURNIAWAN', 'participant', '', '3571'),
(340, 'G3Qx4xzS9LocKvlucrPo9FQAR-WpKjds', NULL, '$2y$13$5CKEtm54jLLLYXj0L4qBIe1kyjtYSWOmN1KSur3R63yajJxuyr4gW', NULL, '309@digimice.id', '10', '0000-00-00 00:00:00', '0000-00-00 00:00:00', '', 'dr. HERI SETYANA', 'participant', '', '3577'),
(341, 'G3Qx4xzS9LocKvlucrPo9FQAR-WpKjds', NULL, '$2y$13$5CKEtm54jLLLYXj0L4qBIe1kyjtYSWOmN1KSur3R63yajJxuyr4gW', NULL, '310@digimice.id', '10', '0000-00-00 00:00:00', '0000-00-00 00:00:00', '', 'dr. PUTU SUASTIANA ADNYANA', 'participant', '', '3578'),
(342, 'G3Qx4xzS9LocKvlucrPo9FQAR-WpKjds', NULL, '$2y$13$5CKEtm54jLLLYXj0L4qBIe1kyjtYSWOmN1KSur3R63yajJxuyr4gW', NULL, '311@digimice.id', '10', '0000-00-00 00:00:00', '0000-00-00 00:00:00', '', 'dr. ERNI YUNI A', 'participant', '', '3522'),
(343, 'G3Qx4xzS9LocKvlucrPo9FQAR-WpKjds', NULL, '$2y$13$5CKEtm54jLLLYXj0L4qBIe1kyjtYSWOmN1KSur3R63yajJxuyr4gW', NULL, '312@digimice.id', '10', '0000-00-00 00:00:00', '0000-00-00 00:00:00', '', 'dr. DIDIT WIDIANTO', 'participant', '', '3578'),
(344, 'G3Qx4xzS9LocKvlucrPo9FQAR-WpKjds', NULL, '$2y$13$5CKEtm54jLLLYXj0L4qBIe1kyjtYSWOmN1KSur3R63yajJxuyr4gW', NULL, '313@digimice.id', '10', '0000-00-00 00:00:00', '0000-00-00 00:00:00', '', 'dr. ZAHROTUL ILMIYAH', 'participant', '', '3508'),
(345, 'G3Qx4xzS9LocKvlucrPo9FQAR-WpKjds', NULL, '$2y$13$5CKEtm54jLLLYXj0L4qBIe1kyjtYSWOmN1KSur3R63yajJxuyr4gW', NULL, '314@digimice.id', '10', '0000-00-00 00:00:00', '0000-00-00 00:00:00', '', 'dr. SLAMET ARIYANTO', 'participant', '', '3508'),
(346, 'G3Qx4xzS9LocKvlucrPo9FQAR-WpKjds', NULL, '$2y$13$5CKEtm54jLLLYXj0L4qBIe1kyjtYSWOmN1KSur3R63yajJxuyr4gW', NULL, '315@digimice.id', '10', '0000-00-00 00:00:00', '0000-00-00 00:00:00', '', 'DR AJU PRIMASARI YOGA UTAMI', 'participant', '', '3578'),
(347, 'G3Qx4xzS9LocKvlucrPo9FQAR-WpKjds', NULL, '$2y$13$5CKEtm54jLLLYXj0L4qBIe1kyjtYSWOmN1KSur3R63yajJxuyr4gW', NULL, '316@digimice.id', '10', '0000-00-00 00:00:00', '0000-00-00 00:00:00', '', 'dr. YENNY SURVIANINGTYAS', 'participant', '', '3503'),
(348, 'G3Qx4xzS9LocKvlucrPo9FQAR-WpKjds', NULL, '$2y$13$5CKEtm54jLLLYXj0L4qBIe1kyjtYSWOmN1KSur3R63yajJxuyr4gW', NULL, '317@digimice.id', '10', '0000-00-00 00:00:00', '0000-00-00 00:00:00', '', 'dr. NITA SARI WIDJAJA', 'participant', '', '3578'),
(349, 'G3Qx4xzS9LocKvlucrPo9FQAR-WpKjds', NULL, '$2y$13$5CKEtm54jLLLYXj0L4qBIe1kyjtYSWOmN1KSur3R63yajJxuyr4gW', NULL, '318@digimice.id', '10', '0000-00-00 00:00:00', '0000-00-00 00:00:00', '', 'dr. RR. DAHNIAR SWANDAYANI', 'participant', '', '3515'),
(350, 'G3Qx4xzS9LocKvlucrPo9FQAR-WpKjds', NULL, '$2y$13$5CKEtm54jLLLYXj0L4qBIe1kyjtYSWOmN1KSur3R63yajJxuyr4gW', NULL, '319@digimice.id', '10', '0000-00-00 00:00:00', '0000-00-00 00:00:00', '', 'dr. BAMBANG SAPTO PRIYONO', 'participant', '', '3578'),
(351, 'G3Qx4xzS9LocKvlucrPo9FQAR-WpKjds', NULL, '$2y$13$5CKEtm54jLLLYXj0L4qBIe1kyjtYSWOmN1KSur3R63yajJxuyr4gW', NULL, '320@digimice.id', '10', '0000-00-00 00:00:00', '0000-00-00 00:00:00', '', 'dr. HARTADI PRAMULIA', 'participant', '', '3571'),
(352, 'G3Qx4xzS9LocKvlucrPo9FQAR-WpKjds', NULL, '$2y$13$5CKEtm54jLLLYXj0L4qBIe1kyjtYSWOmN1KSur3R63yajJxuyr4gW', NULL, '321@digimice.id', '10', '0000-00-00 00:00:00', '0000-00-00 00:00:00', '', 'dr. TJOA ELLEN THEODORA TJONDRO', 'participant', '', '3578'),
(353, 'G3Qx4xzS9LocKvlucrPo9FQAR-WpKjds', NULL, '$2y$13$5CKEtm54jLLLYXj0L4qBIe1kyjtYSWOmN1KSur3R63yajJxuyr4gW', NULL, '322@digimice.id', '10', '0000-00-00 00:00:00', '0000-00-00 00:00:00', '', 'dr. SARJANA RAHADI', 'participant', '', '3577'),
(354, 'G3Qx4xzS9LocKvlucrPo9FQAR-WpKjds', NULL, '$2y$13$5CKEtm54jLLLYXj0L4qBIe1kyjtYSWOmN1KSur3R63yajJxuyr4gW', NULL, '323@digimice.id', '10', '0000-00-00 00:00:00', '0000-00-00 00:00:00', '', 'dr. NUR AMALIA APRI KUSDARWATI', 'participant', '', '3527'),
(355, 'G3Qx4xzS9LocKvlucrPo9FQAR-WpKjds', NULL, '$2y$13$5CKEtm54jLLLYXj0L4qBIe1kyjtYSWOmN1KSur3R63yajJxuyr4gW', NULL, '324@digimice.id', '10', '0000-00-00 00:00:00', '0000-00-00 00:00:00', '', 'dr. RAGIL WALIDATIL RIZKI', 'participant', '', '3509'),
(356, 'G3Qx4xzS9LocKvlucrPo9FQAR-WpKjds', NULL, '$2y$13$5CKEtm54jLLLYXj0L4qBIe1kyjtYSWOmN1KSur3R63yajJxuyr4gW', NULL, '325@digimice.id', '10', '0000-00-00 00:00:00', '0000-00-00 00:00:00', '', 'dr. ANISSA PRISMA', 'participant', '', '3525'),
(357, 'G3Qx4xzS9LocKvlucrPo9FQAR-WpKjds', NULL, '$2y$13$5CKEtm54jLLLYXj0L4qBIe1kyjtYSWOmN1KSur3R63yajJxuyr4gW', NULL, '326@digimice.id', '10', '0000-00-00 00:00:00', '0000-00-00 00:00:00', '', 'dr. PRIMIARY RIZKY', 'participant', '', '3578'),
(358, 'G3Qx4xzS9LocKvlucrPo9FQAR-WpKjds', NULL, '$2y$13$5CKEtm54jLLLYXj0L4qBIe1kyjtYSWOmN1KSur3R63yajJxuyr4gW', NULL, '327@digimice.id', '10', '0000-00-00 00:00:00', '0000-00-00 00:00:00', '', 'dr. FILOSOPHIA PUTRI KEMALA', 'participant', '', '3515'),
(359, 'G3Qx4xzS9LocKvlucrPo9FQAR-WpKjds', NULL, '$2y$13$5CKEtm54jLLLYXj0L4qBIe1kyjtYSWOmN1KSur3R63yajJxuyr4gW', NULL, '328@digimice.id', '10', '0000-00-00 00:00:00', '0000-00-00 00:00:00', '', 'dr. EWIEF YULIANTI IKA M', 'participant', '', '3501'),
(360, 'G3Qx4xzS9LocKvlucrPo9FQAR-WpKjds', NULL, '$2y$13$5CKEtm54jLLLYXj0L4qBIe1kyjtYSWOmN1KSur3R63yajJxuyr4gW', NULL, '329@digimice.id', '10', '0000-00-00 00:00:00', '0000-00-00 00:00:00', '', 'dr. DARU MUSTIKOAJI', 'participant', '', '3501'),
(361, 'G3Qx4xzS9LocKvlucrPo9FQAR-WpKjds', NULL, '$2y$13$5CKEtm54jLLLYXj0L4qBIe1kyjtYSWOmN1KSur3R63yajJxuyr4gW', NULL, '330@digimice.id', '10', '0000-00-00 00:00:00', '0000-00-00 00:00:00', '', 'dr. MARTINI HUSNI', 'participant', '', '3515'),
(362, 'G3Qx4xzS9LocKvlucrPo9FQAR-WpKjds', NULL, '$2y$13$5CKEtm54jLLLYXj0L4qBIe1kyjtYSWOmN1KSur3R63yajJxuyr4gW', NULL, '331@digimice.id', '10', '0000-00-00 00:00:00', '0000-00-00 00:00:00', '', 'dr. WARIH KUSUMANINGTYAS', 'participant', '', '3515'),
(363, 'G3Qx4xzS9LocKvlucrPo9FQAR-WpKjds', NULL, '$2y$13$5CKEtm54jLLLYXj0L4qBIe1kyjtYSWOmN1KSur3R63yajJxuyr4gW', NULL, '332@digimice.id', '10', '0000-00-00 00:00:00', '0000-00-00 00:00:00', '', 'dr. SRI WIDYASTUTIK', 'participant', '', '3515'),
(364, 'G3Qx4xzS9LocKvlucrPo9FQAR-WpKjds', NULL, '$2y$13$5CKEtm54jLLLYXj0L4qBIe1kyjtYSWOmN1KSur3R63yajJxuyr4gW', NULL, '333@digimice.id', '10', '0000-00-00 00:00:00', '0000-00-00 00:00:00', '', 'dr. dr. SUSILOWATI ANDAJANI, MS', 'participant', '', '3578'),
(365, 'G3Qx4xzS9LocKvlucrPo9FQAR-WpKjds', NULL, '$2y$13$5CKEtm54jLLLYXj0L4qBIe1kyjtYSWOmN1KSur3R63yajJxuyr4gW', NULL, '334@digimice.id', '10', '0000-00-00 00:00:00', '0000-00-00 00:00:00', '', 'dr. TUTUR SASONGKO  ', 'participant', '', '3575'),
(366, 'G3Qx4xzS9LocKvlucrPo9FQAR-WpKjds', NULL, '$2y$13$5CKEtm54jLLLYXj0L4qBIe1kyjtYSWOmN1KSur3R63yajJxuyr4gW', NULL, '335@digimice.id', '10', '0000-00-00 00:00:00', '0000-00-00 00:00:00', '', 'dr. FARIDA INDRAYANI', 'participant', '', '3515'),
(367, 'G3Qx4xzS9LocKvlucrPo9FQAR-WpKjds', NULL, '$2y$13$5CKEtm54jLLLYXj0L4qBIe1kyjtYSWOmN1KSur3R63yajJxuyr4gW', NULL, '336@digimice.id', '10', '0000-00-00 00:00:00', '0000-00-00 00:00:00', '', 'dr. TENNY ASRINING CAHYANI', 'participant', '', '3578'),
(368, 'G3Qx4xzS9LocKvlucrPo9FQAR-WpKjds', NULL, '$2y$13$5CKEtm54jLLLYXj0L4qBIe1kyjtYSWOmN1KSur3R63yajJxuyr4gW', NULL, '337@digimice.id', '10', '0000-00-00 00:00:00', '0000-00-00 00:00:00', '', 'dr. NURFADILAH', 'participant', '', '3509'),
(369, 'G3Qx4xzS9LocKvlucrPo9FQAR-WpKjds', NULL, '$2y$13$5CKEtm54jLLLYXj0L4qBIe1kyjtYSWOmN1KSur3R63yajJxuyr4gW', NULL, '338@digimice.id', '10', '0000-00-00 00:00:00', '0000-00-00 00:00:00', '', 'dr. HENKKYE SRI HANDAYANI', 'participant', '', '3510'),
(370, 'G3Qx4xzS9LocKvlucrPo9FQAR-WpKjds', NULL, '$2y$13$5CKEtm54jLLLYXj0L4qBIe1kyjtYSWOmN1KSur3R63yajJxuyr4gW', NULL, '339@digimice.id', '10', '0000-00-00 00:00:00', '0000-00-00 00:00:00', '', 'dr. SITI ANDRIANI', 'participant', '', '3510'),
(371, 'G3Qx4xzS9LocKvlucrPo9FQAR-WpKjds', NULL, '$2y$13$5CKEtm54jLLLYXj0L4qBIe1kyjtYSWOmN1KSur3R63yajJxuyr4gW', NULL, '340@digimice.id', '10', '0000-00-00 00:00:00', '0000-00-00 00:00:00', '', 'dr. ZAENAL ABIDIN', 'participant', '', '3510'),
(372, 'G3Qx4xzS9LocKvlucrPo9FQAR-WpKjds', NULL, '$2y$13$5CKEtm54jLLLYXj0L4qBIe1kyjtYSWOmN1KSur3R63yajJxuyr4gW', NULL, '341@digimice.id', '10', '0000-00-00 00:00:00', '0000-00-00 00:00:00', '', 'dr. MEGA ARDELIA', 'participant', '', '3578');
INSERT INTO `user` (`id`, `auth_key`, `avatar`, `password_hash`, `password_reset_token`, `email`, `status`, `created_at`, `updated_at`, `verification_token`, `name`, `role`, `phone`, `regencies_id`) VALUES
(373, 'G3Qx4xzS9LocKvlucrPo9FQAR-WpKjds', NULL, '$2y$13$5CKEtm54jLLLYXj0L4qBIe1kyjtYSWOmN1KSur3R63yajJxuyr4gW', NULL, '342@digimice.id', '10', '0000-00-00 00:00:00', '0000-00-00 00:00:00', '', 'dr. SITI AISYAH MASTUR', 'participant', '', '3175'),
(374, 'G3Qx4xzS9LocKvlucrPo9FQAR-WpKjds', NULL, '$2y$13$5CKEtm54jLLLYXj0L4qBIe1kyjtYSWOmN1KSur3R63yajJxuyr4gW', NULL, '343@digimice.id', '10', '0000-00-00 00:00:00', '0000-00-00 00:00:00', '', 'dr. ENDANG HARLENI A, M.Adm.Kes', 'participant', '', '6472'),
(375, 'G3Qx4xzS9LocKvlucrPo9FQAR-WpKjds', NULL, '$2y$13$5CKEtm54jLLLYXj0L4qBIe1kyjtYSWOmN1KSur3R63yajJxuyr4gW', NULL, '344@digimice.id', '10', '0000-00-00 00:00:00', '0000-00-00 00:00:00', '', 'dr. RAHMADIAH', 'participant', '', '3515'),
(376, 'G3Qx4xzS9LocKvlucrPo9FQAR-WpKjds', NULL, '$2y$13$5CKEtm54jLLLYXj0L4qBIe1kyjtYSWOmN1KSur3R63yajJxuyr4gW', NULL, '345@digimice.id', '10', '0000-00-00 00:00:00', '0000-00-00 00:00:00', '', 'dr. FITRIA WULANDARI', 'participant', '', '6472'),
(377, 'G3Qx4xzS9LocKvlucrPo9FQAR-WpKjds', NULL, '$2y$13$5CKEtm54jLLLYXj0L4qBIe1kyjtYSWOmN1KSur3R63yajJxuyr4gW', NULL, '346@digimice.id', '10', '0000-00-00 00:00:00', '0000-00-00 00:00:00', '', 'dr. NIKMATUS SHOLIHAH', 'participant', '', '3573'),
(378, 'G3Qx4xzS9LocKvlucrPo9FQAR-WpKjds', NULL, '$2y$13$5CKEtm54jLLLYXj0L4qBIe1kyjtYSWOmN1KSur3R63yajJxuyr4gW', NULL, '347@digimice.id', '10', '0000-00-00 00:00:00', '0000-00-00 00:00:00', '', 'dr. SILVY AMALIA FALYANI, M.Biomed', 'participant', '', '3573'),
(379, 'G3Qx4xzS9LocKvlucrPo9FQAR-WpKjds', NULL, '$2y$13$5CKEtm54jLLLYXj0L4qBIe1kyjtYSWOmN1KSur3R63yajJxuyr4gW', NULL, '348@digimice.id', '10', '0000-00-00 00:00:00', '0000-00-00 00:00:00', '', 'dr. FITRIA NUGRAHA AINI', 'participant', '', '3573'),
(380, 'G3Qx4xzS9LocKvlucrPo9FQAR-WpKjds', NULL, '$2y$13$5CKEtm54jLLLYXj0L4qBIe1kyjtYSWOmN1KSur3R63yajJxuyr4gW', NULL, '349@digimice.id', '10', '0000-00-00 00:00:00', '0000-00-00 00:00:00', '', 'dr. RINA NUR ANISA', 'participant', '', '3517'),
(381, 'G3Qx4xzS9LocKvlucrPo9FQAR-WpKjds', NULL, '$2y$13$5CKEtm54jLLLYXj0L4qBIe1kyjtYSWOmN1KSur3R63yajJxuyr4gW', NULL, '350@digimice.id', '10', '0000-00-00 00:00:00', '0000-00-00 00:00:00', '', 'dr. SULISTIYONO', 'participant', '', '3571'),
(382, 'G3Qx4xzS9LocKvlucrPo9FQAR-WpKjds', NULL, '$2y$13$5CKEtm54jLLLYXj0L4qBIe1kyjtYSWOmN1KSur3R63yajJxuyr4gW', NULL, '351@digimice.id', '10', '0000-00-00 00:00:00', '0000-00-00 00:00:00', '', 'dr. NUR LAILY AGUSTINA, S.Ked', 'participant', '', '3172'),
(383, 'G3Qx4xzS9LocKvlucrPo9FQAR-WpKjds', NULL, '$2y$13$5CKEtm54jLLLYXj0L4qBIe1kyjtYSWOmN1KSur3R63yajJxuyr4gW', NULL, '352@digimice.id', '10', '0000-00-00 00:00:00', '0000-00-00 00:00:00', '', 'dr. DWI ERAWATI SUAIB', 'participant', '', '3508'),
(384, 'G3Qx4xzS9LocKvlucrPo9FQAR-WpKjds', NULL, '$2y$13$5CKEtm54jLLLYXj0L4qBIe1kyjtYSWOmN1KSur3R63yajJxuyr4gW', NULL, '353@digimice.id', '10', '0000-00-00 00:00:00', '0000-00-00 00:00:00', '', 'dr. NI NYOMAN SUDEWI, MM.Kes', 'participant', '', '3574'),
(385, 'G3Qx4xzS9LocKvlucrPo9FQAR-WpKjds', NULL, '$2y$13$5CKEtm54jLLLYXj0L4qBIe1kyjtYSWOmN1KSur3R63yajJxuyr4gW', NULL, '354@digimice.id', '10', '0000-00-00 00:00:00', '0000-00-00 00:00:00', '', 'dr. SOVIANA MAHDIYAKSA, S.Ked', 'participant', '', '3573'),
(386, 'G3Qx4xzS9LocKvlucrPo9FQAR-WpKjds', NULL, '$2y$13$5CKEtm54jLLLYXj0L4qBIe1kyjtYSWOmN1KSur3R63yajJxuyr4gW', NULL, '355@digimice.id', '10', '0000-00-00 00:00:00', '0000-00-00 00:00:00', '', 'dr. SYAHRIL KIROMAH', 'participant', '', '3578'),
(387, 'G3Qx4xzS9LocKvlucrPo9FQAR-WpKjds', NULL, '$2y$13$5CKEtm54jLLLYXj0L4qBIe1kyjtYSWOmN1KSur3R63yajJxuyr4gW', NULL, '356@digimice.id', '10', '0000-00-00 00:00:00', '0000-00-00 00:00:00', '', 'dr. OKTAVIANA PITRI ASTUTI', 'participant', '', '3576'),
(388, 'G3Qx4xzS9LocKvlucrPo9FQAR-WpKjds', NULL, '$2y$13$5CKEtm54jLLLYXj0L4qBIe1kyjtYSWOmN1KSur3R63yajJxuyr4gW', NULL, '357@digimice.id', '10', '0000-00-00 00:00:00', '0000-00-00 00:00:00', '', 'dr. JUNITA ARBIE, MM', 'participant', '', '3578'),
(389, 'G3Qx4xzS9LocKvlucrPo9FQAR-WpKjds', NULL, '$2y$13$5CKEtm54jLLLYXj0L4qBIe1kyjtYSWOmN1KSur3R63yajJxuyr4gW', NULL, '358@digimice.id', '10', '0000-00-00 00:00:00', '0000-00-00 00:00:00', '', 'dr. SUUD BIN SMITH', 'participant', '', '3578'),
(390, 'G3Qx4xzS9LocKvlucrPo9FQAR-WpKjds', NULL, '$2y$13$5CKEtm54jLLLYXj0L4qBIe1kyjtYSWOmN1KSur3R63yajJxuyr4gW', NULL, '359@digimice.id', '10', '0000-00-00 00:00:00', '0000-00-00 00:00:00', '', 'dr. YUSWANTRI N.D', 'participant', '', '3578'),
(391, 'G3Qx4xzS9LocKvlucrPo9FQAR-WpKjds', NULL, '$2y$13$5CKEtm54jLLLYXj0L4qBIe1kyjtYSWOmN1KSur3R63yajJxuyr4gW', NULL, '360@digimice.id', '10', '0000-00-00 00:00:00', '0000-00-00 00:00:00', '', 'dr. ANDRIYANI HAMZAH, MMRS', 'participant', '', '3510'),
(392, 'G3Qx4xzS9LocKvlucrPo9FQAR-WpKjds', NULL, '$2y$13$5CKEtm54jLLLYXj0L4qBIe1kyjtYSWOmN1KSur3R63yajJxuyr4gW', NULL, '361@digimice.id', '10', '0000-00-00 00:00:00', '0000-00-00 00:00:00', '', 'dr. PRETTY BRILLIANT', 'participant', '', '3502'),
(393, 'G3Qx4xzS9LocKvlucrPo9FQAR-WpKjds', NULL, '$2y$13$5CKEtm54jLLLYXj0L4qBIe1kyjtYSWOmN1KSur3R63yajJxuyr4gW', NULL, '362@digimice.id', '10', '0000-00-00 00:00:00', '0000-00-00 00:00:00', '', 'dr. HENNY DWI RUSMAWANTI', 'participant', '', '3576'),
(394, 'G3Qx4xzS9LocKvlucrPo9FQAR-WpKjds', NULL, '$2y$13$5CKEtm54jLLLYXj0L4qBIe1kyjtYSWOmN1KSur3R63yajJxuyr4gW', NULL, '363@digimice.id', '10', '0000-00-00 00:00:00', '0000-00-00 00:00:00', '', 'Dr. Titik Sri Harsasih', 'participant', '081', '3515'),
(395, 'G3Qx4xzS9LocKvlucrPo9FQAR-WpKjds', NULL, '$2y$13$5CKEtm54jLLLYXj0L4qBIe1kyjtYSWOmN1KSur3R63yajJxuyr4gW', NULL, '364@digimice.id', '10', '0000-00-00 00:00:00', '0000-00-00 00:00:00', '', 'dr. HENDRY HASTUTI', 'participant', '', '3578'),
(396, 'G3Qx4xzS9LocKvlucrPo9FQAR-WpKjds', NULL, '$2y$13$5CKEtm54jLLLYXj0L4qBIe1kyjtYSWOmN1KSur3R63yajJxuyr4gW', NULL, '365@digimice.id', '10', '0000-00-00 00:00:00', '0000-00-00 00:00:00', '', 'dr. RITA ENNY SETIANINGDIAH, M.Kes', 'participant', '', '5371'),
(397, 'G3Qx4xzS9LocKvlucrPo9FQAR-WpKjds', NULL, '$2y$13$5CKEtm54jLLLYXj0L4qBIe1kyjtYSWOmN1KSur3R63yajJxuyr4gW', NULL, '366@digimice.id', '10', '0000-00-00 00:00:00', '0000-00-00 00:00:00', '', 'dr. BAMBANG SUHARIYANTO', 'participant', '', '3523'),
(398, 'G3Qx4xzS9LocKvlucrPo9FQAR-WpKjds', NULL, '$2y$13$5CKEtm54jLLLYXj0L4qBIe1kyjtYSWOmN1KSur3R63yajJxuyr4gW', NULL, '367@digimice.id', '10', '0000-00-00 00:00:00', '0000-00-00 00:00:00', '', 'dr. TRIMURTI', 'participant', '', '3578'),
(399, 'G3Qx4xzS9LocKvlucrPo9FQAR-WpKjds', NULL, '$2y$13$5CKEtm54jLLLYXj0L4qBIe1kyjtYSWOmN1KSur3R63yajJxuyr4gW', NULL, '368@digimice.id', '10', '0000-00-00 00:00:00', '0000-00-00 00:00:00', '', 'dr. H. ALFIYAN NUR', 'participant', '', '3578'),
(400, 'G3Qx4xzS9LocKvlucrPo9FQAR-WpKjds', NULL, '$2y$13$5CKEtm54jLLLYXj0L4qBIe1kyjtYSWOmN1KSur3R63yajJxuyr4gW', NULL, '369@digimice.id', '10', '0000-00-00 00:00:00', '0000-00-00 00:00:00', '', 'dr. YULIANA GUWANTO', 'participant', '', '3471'),
(401, 'G3Qx4xzS9LocKvlucrPo9FQAR-WpKjds', NULL, '$2y$13$5CKEtm54jLLLYXj0L4qBIe1kyjtYSWOmN1KSur3R63yajJxuyr4gW', NULL, '370@digimice.id', '10', '0000-00-00 00:00:00', '0000-00-00 00:00:00', '', 'dr. ERIK ERAWATI', 'participant', '', '3515'),
(402, 'G3Qx4xzS9LocKvlucrPo9FQAR-WpKjds', NULL, '$2y$13$5CKEtm54jLLLYXj0L4qBIe1kyjtYSWOmN1KSur3R63yajJxuyr4gW', NULL, '371@digimice.id', '10', '0000-00-00 00:00:00', '0000-00-00 00:00:00', '', 'dr. YULIE SETYOWATI', 'participant', '', '3578'),
(403, 'G3Qx4xzS9LocKvlucrPo9FQAR-WpKjds', NULL, '$2y$13$5CKEtm54jLLLYXj0L4qBIe1kyjtYSWOmN1KSur3R63yajJxuyr4gW', NULL, '372@digimice.id', '10', '0000-00-00 00:00:00', '0000-00-00 00:00:00', '', 'dr. HANANI OCTAVIANI', 'participant', '', '3507'),
(404, 'G3Qx4xzS9LocKvlucrPo9FQAR-WpKjds', NULL, '$2y$13$5CKEtm54jLLLYXj0L4qBIe1kyjtYSWOmN1KSur3R63yajJxuyr4gW', NULL, '373@digimice.id', '10', '0000-00-00 00:00:00', '0000-00-00 00:00:00', '', 'dr. ANDINI MAULIDAH CHYNTIA DEWI', 'participant', '', '3575'),
(405, 'G3Qx4xzS9LocKvlucrPo9FQAR-WpKjds', NULL, '$2y$13$5CKEtm54jLLLYXj0L4qBIe1kyjtYSWOmN1KSur3R63yajJxuyr4gW', NULL, '374@digimice.id', '10', '0000-00-00 00:00:00', '0000-00-00 00:00:00', '', 'dr. GN SANTOSA', 'participant', '', '3578'),
(406, 'G3Qx4xzS9LocKvlucrPo9FQAR-WpKjds', NULL, '$2y$13$5CKEtm54jLLLYXj0L4qBIe1kyjtYSWOmN1KSur3R63yajJxuyr4gW', NULL, '375@digimice.id', '10', '0000-00-00 00:00:00', '0000-00-00 00:00:00', '', 'dr. MIRA ALMI ADE PUTRI, Dipl.CIBTAC', 'participant', '', '3515'),
(407, 'G3Qx4xzS9LocKvlucrPo9FQAR-WpKjds', NULL, '$2y$13$5CKEtm54jLLLYXj0L4qBIe1kyjtYSWOmN1KSur3R63yajJxuyr4gW', NULL, '376@digimice.id', '10', '0000-00-00 00:00:00', '0000-00-00 00:00:00', '', 'dr. VICTOR UTAMA T', 'participant', '', '3572'),
(408, 'G3Qx4xzS9LocKvlucrPo9FQAR-WpKjds', NULL, '$2y$13$5CKEtm54jLLLYXj0L4qBIe1kyjtYSWOmN1KSur3R63yajJxuyr4gW', NULL, '377@digimice.id', '10', '0000-00-00 00:00:00', '0000-00-00 00:00:00', '', 'dr. PRAVIKO RAHMADHO', 'participant', '', '3515'),
(409, 'G3Qx4xzS9LocKvlucrPo9FQAR-WpKjds', NULL, '$2y$13$5CKEtm54jLLLYXj0L4qBIe1kyjtYSWOmN1KSur3R63yajJxuyr4gW', NULL, '378@digimice.id', '10', '0000-00-00 00:00:00', '0000-00-00 00:00:00', '', 'dr. WILLIAM SAYOGO, M.Imun', 'participant', '', '3578'),
(410, 'G3Qx4xzS9LocKvlucrPo9FQAR-WpKjds', NULL, '$2y$13$5CKEtm54jLLLYXj0L4qBIe1kyjtYSWOmN1KSur3R63yajJxuyr4gW', NULL, '379@digimice.id', '10', '0000-00-00 00:00:00', '0000-00-00 00:00:00', '', 'dr. SRI WIJAYANTI KUSUMA W', 'participant', '', '3517'),
(411, 'G3Qx4xzS9LocKvlucrPo9FQAR-WpKjds', NULL, '$2y$13$5CKEtm54jLLLYXj0L4qBIe1kyjtYSWOmN1KSur3R63yajJxuyr4gW', NULL, '380@digimice.id', '10', '0000-00-00 00:00:00', '0000-00-00 00:00:00', '', 'dr. SUGIAR EMIWATI', 'participant', '', '0'),
(412, 'G3Qx4xzS9LocKvlucrPo9FQAR-WpKjds', NULL, '$2y$13$5CKEtm54jLLLYXj0L4qBIe1kyjtYSWOmN1KSur3R63yajJxuyr4gW', NULL, '381@digimice.id', '10', '0000-00-00 00:00:00', '0000-00-00 00:00:00', '', 'dr. HALIFAH WIJAKSARI AKBARYANTI', 'participant', '', '3575'),
(413, 'G3Qx4xzS9LocKvlucrPo9FQAR-WpKjds', NULL, '$2y$13$5CKEtm54jLLLYXj0L4qBIe1kyjtYSWOmN1KSur3R63yajJxuyr4gW', NULL, '382@digimice.id', '10', '0000-00-00 00:00:00', '0000-00-00 00:00:00', '', 'dr. AGUNG SUPRIYANTO', 'participant', '', '0'),
(414, 'G3Qx4xzS9LocKvlucrPo9FQAR-WpKjds', NULL, '$2y$13$5CKEtm54jLLLYXj0L4qBIe1kyjtYSWOmN1KSur3R63yajJxuyr4gW', NULL, '383@digimice.id', '10', '0000-00-00 00:00:00', '0000-00-00 00:00:00', '', 'dr. FOUNY JASMINE AMELIA', 'participant', '', '3578'),
(415, 'G3Qx4xzS9LocKvlucrPo9FQAR-WpKjds', NULL, '$2y$13$5CKEtm54jLLLYXj0L4qBIe1kyjtYSWOmN1KSur3R63yajJxuyr4gW', NULL, '384@digimice.id', '10', '0000-00-00 00:00:00', '0000-00-00 00:00:00', '', 'dr. ARVIDAREYNA PANCA A, MMRS', 'participant', '', '3509'),
(416, 'G3Qx4xzS9LocKvlucrPo9FQAR-WpKjds', NULL, '$2y$13$5CKEtm54jLLLYXj0L4qBIe1kyjtYSWOmN1KSur3R63yajJxuyr4gW', NULL, '385@digimice.id', '10', '0000-00-00 00:00:00', '0000-00-00 00:00:00', '', 'dr. JOHAN ADI SWANDANA', 'participant', '', '3517'),
(417, 'G3Qx4xzS9LocKvlucrPo9FQAR-WpKjds', NULL, '$2y$13$5CKEtm54jLLLYXj0L4qBIe1kyjtYSWOmN1KSur3R63yajJxuyr4gW', NULL, '386@digimice.id', '10', '0000-00-00 00:00:00', '0000-00-00 00:00:00', '', 'dr. NOER AMALIS SHOLEHA', 'participant', '', '3515'),
(418, 'G3Qx4xzS9LocKvlucrPo9FQAR-WpKjds', NULL, '$2y$13$5CKEtm54jLLLYXj0L4qBIe1kyjtYSWOmN1KSur3R63yajJxuyr4gW', NULL, '387@digimice.id', '10', '0000-00-00 00:00:00', '0000-00-00 00:00:00', '', 'dr. AGUS SUSETYO', 'participant', '', '3525'),
(419, 'G3Qx4xzS9LocKvlucrPo9FQAR-WpKjds', NULL, '$2y$13$5CKEtm54jLLLYXj0L4qBIe1kyjtYSWOmN1KSur3R63yajJxuyr4gW', NULL, '388@digimice.id', '10', '0000-00-00 00:00:00', '0000-00-00 00:00:00', '', 'dr. ZULFIAH WIDYASTUTI', 'participant', '', '3578'),
(420, 'G3Qx4xzS9LocKvlucrPo9FQAR-WpKjds', NULL, '$2y$13$5CKEtm54jLLLYXj0L4qBIe1kyjtYSWOmN1KSur3R63yajJxuyr4gW', NULL, '389@digimice.id', '10', '0000-00-00 00:00:00', '0000-00-00 00:00:00', '', 'dr. ESTER KUSUMADEWI, M.A', 'participant', '', '3578'),
(421, 'G3Qx4xzS9LocKvlucrPo9FQAR-WpKjds', NULL, '$2y$13$5CKEtm54jLLLYXj0L4qBIe1kyjtYSWOmN1KSur3R63yajJxuyr4gW', NULL, '390@digimice.id', '10', '0000-00-00 00:00:00', '0000-00-00 00:00:00', '', 'dr. SRIWAHYUNINGSIH', 'participant', '', '3578'),
(422, 'G3Qx4xzS9LocKvlucrPo9FQAR-WpKjds', NULL, '$2y$13$5CKEtm54jLLLYXj0L4qBIe1kyjtYSWOmN1KSur3R63yajJxuyr4gW', NULL, '391@digimice.id', '10', '0000-00-00 00:00:00', '0000-00-00 00:00:00', '', 'dr. KRISTINA SULISTYOWATI', 'participant', '', '3518'),
(423, 'G3Qx4xzS9LocKvlucrPo9FQAR-WpKjds', NULL, '$2y$13$5CKEtm54jLLLYXj0L4qBIe1kyjtYSWOmN1KSur3R63yajJxuyr4gW', NULL, '392@digimice.id', '10', '0000-00-00 00:00:00', '0000-00-00 00:00:00', '', 'dr. JENNY', 'participant', '', '3578'),
(424, 'G3Qx4xzS9LocKvlucrPo9FQAR-WpKjds', NULL, '$2y$13$5CKEtm54jLLLYXj0L4qBIe1kyjtYSWOmN1KSur3R63yajJxuyr4gW', NULL, '393@digimice.id', '10', '0000-00-00 00:00:00', '0000-00-00 00:00:00', '', 'dr. LIA KURNIASARI', 'participant', '', '3578'),
(425, 'G3Qx4xzS9LocKvlucrPo9FQAR-WpKjds', NULL, '$2y$13$5CKEtm54jLLLYXj0L4qBIe1kyjtYSWOmN1KSur3R63yajJxuyr4gW', NULL, '394@digimice.id', '10', '0000-00-00 00:00:00', '0000-00-00 00:00:00', '', 'dr. FARIDA NEVIANI', 'participant', '', '3515'),
(426, 'G3Qx4xzS9LocKvlucrPo9FQAR-WpKjds', NULL, '$2y$13$5CKEtm54jLLLYXj0L4qBIe1kyjtYSWOmN1KSur3R63yajJxuyr4gW', NULL, '395@digimice.id', '10', '0000-00-00 00:00:00', '0000-00-00 00:00:00', '', 'dr. Abdul Kohar Mudzakkir', 'participant', '', '3525'),
(427, 'G3Qx4xzS9LocKvlucrPo9FQAR-WpKjds', NULL, '$2y$13$5CKEtm54jLLLYXj0L4qBIe1kyjtYSWOmN1KSur3R63yajJxuyr4gW', NULL, '396@digimice.id', '10', '0000-00-00 00:00:00', '0000-00-00 00:00:00', '', 'dr. Adang Budhy Wiryawan', 'participant', '', '3524'),
(428, 'G3Qx4xzS9LocKvlucrPo9FQAR-WpKjds', NULL, '$2y$13$5CKEtm54jLLLYXj0L4qBIe1kyjtYSWOmN1KSur3R63yajJxuyr4gW', NULL, '397@digimice.id', '10', '0000-00-00 00:00:00', '0000-00-00 00:00:00', '', 'dr. Anik Nuriyani', 'participant', '', '3525'),
(429, 'G3Qx4xzS9LocKvlucrPo9FQAR-WpKjds', NULL, '$2y$13$5CKEtm54jLLLYXj0L4qBIe1kyjtYSWOmN1KSur3R63yajJxuyr4gW', NULL, '398@digimice.id', '10', '0000-00-00 00:00:00', '0000-00-00 00:00:00', '', 'dr. Aqita Islamia', 'participant', '', '3524'),
(430, 'G3Qx4xzS9LocKvlucrPo9FQAR-WpKjds', NULL, '$2y$13$5CKEtm54jLLLYXj0L4qBIe1kyjtYSWOmN1KSur3R63yajJxuyr4gW', NULL, '399@digimice.id', '10', '0000-00-00 00:00:00', '0000-00-00 00:00:00', '', 'dr. Chyas Diuranil', 'participant', '', '3525'),
(431, 'G3Qx4xzS9LocKvlucrPo9FQAR-WpKjds', NULL, '$2y$13$5CKEtm54jLLLYXj0L4qBIe1kyjtYSWOmN1KSur3R63yajJxuyr4gW', NULL, '400@digimice.id', '10', '0000-00-00 00:00:00', '0000-00-00 00:00:00', '', 'dr. Diah Amini Amalia', 'participant', '', '3524'),
(432, 'G3Qx4xzS9LocKvlucrPo9FQAR-WpKjds', NULL, '$2y$13$5CKEtm54jLLLYXj0L4qBIe1kyjtYSWOmN1KSur3R63yajJxuyr4gW', NULL, '401@digimice.id', '10', '0000-00-00 00:00:00', '0000-00-00 00:00:00', '', 'dr. El Aziz Muslim', 'participant', '', '3524'),
(433, 'G3Qx4xzS9LocKvlucrPo9FQAR-WpKjds', NULL, '$2y$13$5CKEtm54jLLLYXj0L4qBIe1kyjtYSWOmN1KSur3R63yajJxuyr4gW', NULL, '402@digimice.id', '10', '0000-00-00 00:00:00', '0000-00-00 00:00:00', '', 'dr. Erlik', 'participant', '', '3524'),
(434, 'G3Qx4xzS9LocKvlucrPo9FQAR-WpKjds', NULL, '$2y$13$5CKEtm54jLLLYXj0L4qBIe1kyjtYSWOmN1KSur3R63yajJxuyr4gW', NULL, '403@digimice.id', '10', '0000-00-00 00:00:00', '0000-00-00 00:00:00', '', 'dr. Fathir Qur Aniyyah', 'participant', '', '3524'),
(435, 'G3Qx4xzS9LocKvlucrPo9FQAR-WpKjds', NULL, '$2y$13$5CKEtm54jLLLYXj0L4qBIe1kyjtYSWOmN1KSur3R63yajJxuyr4gW', NULL, '404@digimice.id', '10', '0000-00-00 00:00:00', '0000-00-00 00:00:00', '', 'dr. Fitriya Hariani', 'participant', '', '3524'),
(436, 'G3Qx4xzS9LocKvlucrPo9FQAR-WpKjds', NULL, '$2y$13$5CKEtm54jLLLYXj0L4qBIe1kyjtYSWOmN1KSur3R63yajJxuyr4gW', NULL, '405@digimice.id', '10', '0000-00-00 00:00:00', '0000-00-00 00:00:00', '', 'dr. Herliyani Nor Hidayati', 'participant', '', '3525'),
(437, 'G3Qx4xzS9LocKvlucrPo9FQAR-WpKjds', NULL, '$2y$13$5CKEtm54jLLLYXj0L4qBIe1kyjtYSWOmN1KSur3R63yajJxuyr4gW', NULL, '406@digimice.id', '10', '0000-00-00 00:00:00', '0000-00-00 00:00:00', '', 'dr. I KETUT SUDITA ', 'participant', '', '3524'),
(438, 'G3Qx4xzS9LocKvlucrPo9FQAR-WpKjds', NULL, '$2y$13$5CKEtm54jLLLYXj0L4qBIe1kyjtYSWOmN1KSur3R63yajJxuyr4gW', NULL, '407@digimice.id', '10', '0000-00-00 00:00:00', '0000-00-00 00:00:00', '', 'dr. Jijin Bajinatul Irodati', 'participant', '', '3525'),
(439, 'G3Qx4xzS9LocKvlucrPo9FQAR-WpKjds', NULL, '$2y$13$5CKEtm54jLLLYXj0L4qBIe1kyjtYSWOmN1KSur3R63yajJxuyr4gW', NULL, '408@digimice.id', '10', '0000-00-00 00:00:00', '0000-00-00 00:00:00', '', 'dr. Johanes Santoso', 'participant', '', '3525'),
(440, 'G3Qx4xzS9LocKvlucrPo9FQAR-WpKjds', NULL, '$2y$13$5CKEtm54jLLLYXj0L4qBIe1kyjtYSWOmN1KSur3R63yajJxuyr4gW', NULL, '409@digimice.id', '10', '0000-00-00 00:00:00', '0000-00-00 00:00:00', '', 'dr. Arindra Prasetya', 'participant', '', '3524'),
(441, 'G3Qx4xzS9LocKvlucrPo9FQAR-WpKjds', NULL, '$2y$13$5CKEtm54jLLLYXj0L4qBIe1kyjtYSWOmN1KSur3R63yajJxuyr4gW', NULL, '410@digimice.id', '10', '0000-00-00 00:00:00', '0000-00-00 00:00:00', '', 'dr. Kartika Septyaningsih', 'participant', '', '3525'),
(442, 'G3Qx4xzS9LocKvlucrPo9FQAR-WpKjds', NULL, '$2y$13$5CKEtm54jLLLYXj0L4qBIe1kyjtYSWOmN1KSur3R63yajJxuyr4gW', NULL, '411@digimice.id', '10', '0000-00-00 00:00:00', '0000-00-00 00:00:00', '', 'dr. Linda Lirasari', 'participant', '', '3525'),
(443, 'G3Qx4xzS9LocKvlucrPo9FQAR-WpKjds', NULL, '$2y$13$5CKEtm54jLLLYXj0L4qBIe1kyjtYSWOmN1KSur3R63yajJxuyr4gW', NULL, '412@digimice.id', '10', '0000-00-00 00:00:00', '0000-00-00 00:00:00', '', 'dr. Maya Rusdiana Permatasari', 'participant', '', '3524'),
(444, 'G3Qx4xzS9LocKvlucrPo9FQAR-WpKjds', NULL, '$2y$13$5CKEtm54jLLLYXj0L4qBIe1kyjtYSWOmN1KSur3R63yajJxuyr4gW', NULL, '413@digimice.id', '10', '0000-00-00 00:00:00', '0000-00-00 00:00:00', '', 'dr. Menik Tri Kumalasari', 'participant', '', '3525'),
(445, 'G3Qx4xzS9LocKvlucrPo9FQAR-WpKjds', NULL, '$2y$13$5CKEtm54jLLLYXj0L4qBIe1kyjtYSWOmN1KSur3R63yajJxuyr4gW', NULL, '414@digimice.id', '10', '0000-00-00 00:00:00', '0000-00-00 00:00:00', '', 'dr. Merina', 'participant', '', '3525'),
(446, 'G3Qx4xzS9LocKvlucrPo9FQAR-WpKjds', NULL, '$2y$13$5CKEtm54jLLLYXj0L4qBIe1kyjtYSWOmN1KSur3R63yajJxuyr4gW', NULL, '415@digimice.id', '10', '0000-00-00 00:00:00', '0000-00-00 00:00:00', '', 'dr. Miftahol Arifin', 'participant', '', '3525'),
(447, 'G3Qx4xzS9LocKvlucrPo9FQAR-WpKjds', NULL, '$2y$13$5CKEtm54jLLLYXj0L4qBIe1kyjtYSWOmN1KSur3R63yajJxuyr4gW', NULL, '416@digimice.id', '10', '0000-00-00 00:00:00', '0000-00-00 00:00:00', '', 'dr. Moch. Rochan Sjamsudin', 'participant', '', '3524'),
(448, 'G3Qx4xzS9LocKvlucrPo9FQAR-WpKjds', NULL, '$2y$13$5CKEtm54jLLLYXj0L4qBIe1kyjtYSWOmN1KSur3R63yajJxuyr4gW', NULL, '417@digimice.id', '10', '0000-00-00 00:00:00', '0000-00-00 00:00:00', '', 'dr. Mochammad Roshidi', 'participant', '', '3524'),
(449, 'G3Qx4xzS9LocKvlucrPo9FQAR-WpKjds', NULL, '$2y$13$5CKEtm54jLLLYXj0L4qBIe1kyjtYSWOmN1KSur3R63yajJxuyr4gW', NULL, '418@digimice.id', '10', '0000-00-00 00:00:00', '0000-00-00 00:00:00', '', 'dr. Ni\'matur Rohmah', 'participant', '', '3525'),
(450, 'G3Qx4xzS9LocKvlucrPo9FQAR-WpKjds', NULL, '$2y$13$5CKEtm54jLLLYXj0L4qBIe1kyjtYSWOmN1KSur3R63yajJxuyr4gW', NULL, '419@digimice.id', '10', '0000-00-00 00:00:00', '0000-00-00 00:00:00', '', 'dr. Nur Laila Mariana', 'participant', '', '3525'),
(451, 'G3Qx4xzS9LocKvlucrPo9FQAR-WpKjds', NULL, '$2y$13$5CKEtm54jLLLYXj0L4qBIe1kyjtYSWOmN1KSur3R63yajJxuyr4gW', NULL, '420@digimice.id', '10', '0000-00-00 00:00:00', '0000-00-00 00:00:00', '', 'dr. Peni Kartikasari', 'participant', '', '3524'),
(452, 'G3Qx4xzS9LocKvlucrPo9FQAR-WpKjds', NULL, '$2y$13$5CKEtm54jLLLYXj0L4qBIe1kyjtYSWOmN1KSur3R63yajJxuyr4gW', NULL, '421@digimice.id', '10', '0000-00-00 00:00:00', '0000-00-00 00:00:00', '', 'dr. Puspitasari', 'participant', '', '3525'),
(453, 'G3Qx4xzS9LocKvlucrPo9FQAR-WpKjds', NULL, '$2y$13$5CKEtm54jLLLYXj0L4qBIe1kyjtYSWOmN1KSur3R63yajJxuyr4gW', NULL, '422@digimice.id', '10', '0000-00-00 00:00:00', '0000-00-00 00:00:00', '', 'dr. Raden Mohammad Ustadho', 'participant', '', '3524'),
(454, 'G3Qx4xzS9LocKvlucrPo9FQAR-WpKjds', NULL, '$2y$13$5CKEtm54jLLLYXj0L4qBIe1kyjtYSWOmN1KSur3R63yajJxuyr4gW', NULL, '423@digimice.id', '10', '0000-00-00 00:00:00', '0000-00-00 00:00:00', '', 'dr. Rosydina Robi\'aqolbi, M.Kes.', 'participant', '', '3524'),
(455, 'G3Qx4xzS9LocKvlucrPo9FQAR-WpKjds', NULL, '$2y$13$5CKEtm54jLLLYXj0L4qBIe1kyjtYSWOmN1KSur3R63yajJxuyr4gW', NULL, '424@digimice.id', '10', '0000-00-00 00:00:00', '0000-00-00 00:00:00', '', 'dr. Saifurrizal, MSc', 'participant', '', '3525'),
(456, 'G3Qx4xzS9LocKvlucrPo9FQAR-WpKjds', NULL, '$2y$13$5CKEtm54jLLLYXj0L4qBIe1kyjtYSWOmN1KSur3R63yajJxuyr4gW', NULL, '425@digimice.id', '10', '0000-00-00 00:00:00', '0000-00-00 00:00:00', '', 'dr. Saniah', 'participant', '', '3525'),
(457, 'G3Qx4xzS9LocKvlucrPo9FQAR-WpKjds', NULL, '$2y$13$5CKEtm54jLLLYXj0L4qBIe1kyjtYSWOmN1KSur3R63yajJxuyr4gW', NULL, '426@digimice.id', '10', '0000-00-00 00:00:00', '0000-00-00 00:00:00', '', 'dr. Siti Hafida NH', 'participant', '', '3525'),
(458, 'G3Qx4xzS9LocKvlucrPo9FQAR-WpKjds', NULL, '$2y$13$5CKEtm54jLLLYXj0L4qBIe1kyjtYSWOmN1KSur3R63yajJxuyr4gW', NULL, '427@digimice.id', '10', '0000-00-00 00:00:00', '0000-00-00 00:00:00', '', 'dr. Sofia Aulina', 'participant', '', '3525'),
(459, 'G3Qx4xzS9LocKvlucrPo9FQAR-WpKjds', NULL, '$2y$13$5CKEtm54jLLLYXj0L4qBIe1kyjtYSWOmN1KSur3R63yajJxuyr4gW', NULL, '428@digimice.id', '10', '0000-00-00 00:00:00', '0000-00-00 00:00:00', '', 'dr. Sukadi', 'participant', '', '3525'),
(460, 'G3Qx4xzS9LocKvlucrPo9FQAR-WpKjds', NULL, '$2y$13$5CKEtm54jLLLYXj0L4qBIe1kyjtYSWOmN1KSur3R63yajJxuyr4gW', NULL, '429@digimice.id', '10', '0000-00-00 00:00:00', '0000-00-00 00:00:00', '', 'dr. Titik Ernawati', 'participant', '', '3525'),
(461, 'G3Qx4xzS9LocKvlucrPo9FQAR-WpKjds', NULL, '$2y$13$5CKEtm54jLLLYXj0L4qBIe1kyjtYSWOmN1KSur3R63yajJxuyr4gW', NULL, '430@digimice.id', '10', '0000-00-00 00:00:00', '0000-00-00 00:00:00', '', 'dr. Widya Paramita Qosim', 'participant', '', '3525'),
(462, 'G3Qx4xzS9LocKvlucrPo9FQAR-WpKjds', NULL, '$2y$13$5CKEtm54jLLLYXj0L4qBIe1kyjtYSWOmN1KSur3R63yajJxuyr4gW', NULL, '431@digimice.id', '10', '0000-00-00 00:00:00', '0000-00-00 00:00:00', '', 'dr. Widyadiningsih Qosim', 'participant', '', '3525'),
(463, 'G3Qx4xzS9LocKvlucrPo9FQAR-WpKjds', NULL, '$2y$13$5CKEtm54jLLLYXj0L4qBIe1kyjtYSWOmN1KSur3R63yajJxuyr4gW', NULL, '432@digimice.id', '10', '0000-00-00 00:00:00', '0000-00-00 00:00:00', '', 'dr. Wiwik Susanti', 'participant', '', '3525'),
(464, 'G3Qx4xzS9LocKvlucrPo9FQAR-WpKjds', NULL, '$2y$13$5CKEtm54jLLLYXj0L4qBIe1kyjtYSWOmN1KSur3R63yajJxuyr4gW', NULL, '433@digimice.id', '10', '0000-00-00 00:00:00', '0000-00-00 00:00:00', '', 'dr. Yany Khoirurakhmawati', 'participant', '', '3524'),
(465, 'G3Qx4xzS9LocKvlucrPo9FQAR-WpKjds', NULL, '$2y$13$5CKEtm54jLLLYXj0L4qBIe1kyjtYSWOmN1KSur3R63yajJxuyr4gW', NULL, '434@digimice.id', '10', '0000-00-00 00:00:00', '0000-00-00 00:00:00', '', 'dr. Yulianti', 'participant', '', '3525'),
(466, 'G3Qx4xzS9LocKvlucrPo9FQAR-WpKjds', NULL, '$2y$13$5CKEtm54jLLLYXj0L4qBIe1kyjtYSWOmN1KSur3R63yajJxuyr4gW', NULL, '435@digimice.id', '10', '0000-00-00 00:00:00', '0000-00-00 00:00:00', '', 'dr. Masmulianah', 'participant', '', '3525'),
(467, 'G3Qx4xzS9LocKvlucrPo9FQAR-WpKjds', NULL, '$2y$13$5CKEtm54jLLLYXj0L4qBIe1kyjtYSWOmN1KSur3R63yajJxuyr4gW', NULL, '436@digimice.id', '10', '0000-00-00 00:00:00', '0000-00-00 00:00:00', '', 'dr. Agatha Yudiaputra', 'participant', '', '3525'),
(468, 'G3Qx4xzS9LocKvlucrPo9FQAR-WpKjds', NULL, '$2y$13$5CKEtm54jLLLYXj0L4qBIe1kyjtYSWOmN1KSur3R63yajJxuyr4gW', NULL, '437@digimice.id', '10', '0000-00-00 00:00:00', '0000-00-00 00:00:00', '', 'dr. Ananda Arantika Widi Asmara', 'participant', '', '3524'),
(469, 'G3Qx4xzS9LocKvlucrPo9FQAR-WpKjds', NULL, '$2y$13$5CKEtm54jLLLYXj0L4qBIe1kyjtYSWOmN1KSur3R63yajJxuyr4gW', NULL, '438@digimice.id', '10', '0000-00-00 00:00:00', '0000-00-00 00:00:00', '', 'dr. Muarifah', 'participant', '', '3524'),
(470, 'G3Qx4xzS9LocKvlucrPo9FQAR-WpKjds', NULL, '$2y$13$5CKEtm54jLLLYXj0L4qBIe1kyjtYSWOmN1KSur3R63yajJxuyr4gW', NULL, '439@digimice.id', '10', '0000-00-00 00:00:00', '0000-00-00 00:00:00', '', 'dr. WIDI HERMAWANSJAH', 'participant', '', '3522'),
(471, 'G3Qx4xzS9LocKvlucrPo9FQAR-WpKjds', NULL, '$2y$13$5CKEtm54jLLLYXj0L4qBIe1kyjtYSWOmN1KSur3R63yajJxuyr4gW', NULL, '440@digimice.id', '10', '0000-00-00 00:00:00', '0000-00-00 00:00:00', '', 'dr. SUNHADI', 'participant', '', '3522'),
(472, 'G3Qx4xzS9LocKvlucrPo9FQAR-WpKjds', NULL, '$2y$13$5CKEtm54jLLLYXj0L4qBIe1kyjtYSWOmN1KSur3R63yajJxuyr4gW', NULL, '441@digimice.id', '10', '0000-00-00 00:00:00', '0000-00-00 00:00:00', '', 'dr. A HERNOWO WAHYUTOMO', 'participant', '', '3522'),
(473, 'G3Qx4xzS9LocKvlucrPo9FQAR-WpKjds', NULL, '$2y$13$5CKEtm54jLLLYXj0L4qBIe1kyjtYSWOmN1KSur3R63yajJxuyr4gW', NULL, '442@digimice.id', '10', '0000-00-00 00:00:00', '0000-00-00 00:00:00', '', 'dr. WINANDRA PUTRA', 'participant', '', '3522'),
(474, 'G3Qx4xzS9LocKvlucrPo9FQAR-WpKjds', NULL, '$2y$13$5CKEtm54jLLLYXj0L4qBIe1kyjtYSWOmN1KSur3R63yajJxuyr4gW', NULL, '443@digimice.id', '10', '0000-00-00 00:00:00', '0000-00-00 00:00:00', '', 'dr. SUGIJANTO WIDODO', 'participant', '', '3522'),
(475, 'G3Qx4xzS9LocKvlucrPo9FQAR-WpKjds', NULL, '$2y$13$5CKEtm54jLLLYXj0L4qBIe1kyjtYSWOmN1KSur3R63yajJxuyr4gW', NULL, '444@digimice.id', '10', '0000-00-00 00:00:00', '0000-00-00 00:00:00', '', 'dr. ANI PUJININGRUM', 'participant', '', '3522'),
(476, 'G3Qx4xzS9LocKvlucrPo9FQAR-WpKjds', NULL, '$2y$13$5CKEtm54jLLLYXj0L4qBIe1kyjtYSWOmN1KSur3R63yajJxuyr4gW', NULL, '445@digimice.id', '10', '0000-00-00 00:00:00', '0000-00-00 00:00:00', '', 'dr. TEGUH SULISTYONO', 'participant', '', '3522'),
(477, 'G3Qx4xzS9LocKvlucrPo9FQAR-WpKjds', NULL, '$2y$13$5CKEtm54jLLLYXj0L4qBIe1kyjtYSWOmN1KSur3R63yajJxuyr4gW', NULL, '446@digimice.id', '10', '0000-00-00 00:00:00', '0000-00-00 00:00:00', '', 'dr. NURUL HIDAYATI', 'participant', '', '3522'),
(478, 'G3Qx4xzS9LocKvlucrPo9FQAR-WpKjds', NULL, '$2y$13$5CKEtm54jLLLYXj0L4qBIe1kyjtYSWOmN1KSur3R63yajJxuyr4gW', NULL, '447@digimice.id', '10', '0000-00-00 00:00:00', '0000-00-00 00:00:00', '', 'dr. DESY CHRISTIANTI', 'participant', '', '3522'),
(479, 'G3Qx4xzS9LocKvlucrPo9FQAR-WpKjds', NULL, '$2y$13$5CKEtm54jLLLYXj0L4qBIe1kyjtYSWOmN1KSur3R63yajJxuyr4gW', NULL, '448@digimice.id', '10', '0000-00-00 00:00:00', '0000-00-00 00:00:00', '', 'dr. WAHYU WIDARTI', 'participant', '', '3522'),
(480, 'G3Qx4xzS9LocKvlucrPo9FQAR-WpKjds', NULL, '$2y$13$5CKEtm54jLLLYXj0L4qBIe1kyjtYSWOmN1KSur3R63yajJxuyr4gW', NULL, '449@digimice.id', '10', '0000-00-00 00:00:00', '0000-00-00 00:00:00', '', 'dr. AFRIDA MARDIANI', 'participant', '', '3522'),
(481, 'G3Qx4xzS9LocKvlucrPo9FQAR-WpKjds', NULL, '$2y$13$5CKEtm54jLLLYXj0L4qBIe1kyjtYSWOmN1KSur3R63yajJxuyr4gW', NULL, '450@digimice.id', '10', '0000-00-00 00:00:00', '0000-00-00 00:00:00', '', 'dr. AMIROH FARIA', 'participant', '', '3522'),
(482, 'G3Qx4xzS9LocKvlucrPo9FQAR-WpKjds', NULL, '$2y$13$5CKEtm54jLLLYXj0L4qBIe1kyjtYSWOmN1KSur3R63yajJxuyr4gW', NULL, '451@digimice.id', '10', '0000-00-00 00:00:00', '0000-00-00 00:00:00', '', 'dr. BOWO LUHUR S', 'participant', '', '3522'),
(483, 'G3Qx4xzS9LocKvlucrPo9FQAR-WpKjds', NULL, '$2y$13$5CKEtm54jLLLYXj0L4qBIe1kyjtYSWOmN1KSur3R63yajJxuyr4gW', NULL, '452@digimice.id', '10', '0000-00-00 00:00:00', '0000-00-00 00:00:00', '', 'dr. MAMLUAH', 'participant', '', '3522'),
(484, 'G3Qx4xzS9LocKvlucrPo9FQAR-WpKjds', NULL, '$2y$13$5CKEtm54jLLLYXj0L4qBIe1kyjtYSWOmN1KSur3R63yajJxuyr4gW', NULL, '453@digimice.id', '10', '0000-00-00 00:00:00', '0000-00-00 00:00:00', '', 'dr. NENY NURLAILY', 'participant', '', '3522'),
(485, 'G3Qx4xzS9LocKvlucrPo9FQAR-WpKjds', NULL, '$2y$13$5CKEtm54jLLLYXj0L4qBIe1kyjtYSWOmN1KSur3R63yajJxuyr4gW', NULL, '454@digimice.id', '10', '0000-00-00 00:00:00', '0000-00-00 00:00:00', '', 'dr. NINING SRI ENDAH R', 'participant', '', '3522'),
(486, 'G3Qx4xzS9LocKvlucrPo9FQAR-WpKjds', NULL, '$2y$13$5CKEtm54jLLLYXj0L4qBIe1kyjtYSWOmN1KSur3R63yajJxuyr4gW', NULL, '455@digimice.id', '10', '0000-00-00 00:00:00', '0000-00-00 00:00:00', '', 'dr. ERLINA OETOMO', 'participant', '', '3522'),
(487, 'G3Qx4xzS9LocKvlucrPo9FQAR-WpKjds', NULL, '$2y$13$5CKEtm54jLLLYXj0L4qBIe1kyjtYSWOmN1KSur3R63yajJxuyr4gW', NULL, '456@digimice.id', '10', '0000-00-00 00:00:00', '0000-00-00 00:00:00', '', 'dr. WILDAN FIRDAUS', 'participant', '', '3522'),
(488, 'G3Qx4xzS9LocKvlucrPo9FQAR-WpKjds', NULL, '$2y$13$5CKEtm54jLLLYXj0L4qBIe1kyjtYSWOmN1KSur3R63yajJxuyr4gW', NULL, '457@digimice.id', '10', '0000-00-00 00:00:00', '0000-00-00 00:00:00', '', 'dr. PUNITA SURYA LURI', 'participant', '', '3522'),
(489, 'G3Qx4xzS9LocKvlucrPo9FQAR-WpKjds', NULL, '$2y$13$5CKEtm54jLLLYXj0L4qBIe1kyjtYSWOmN1KSur3R63yajJxuyr4gW', NULL, '458@digimice.id', '10', '0000-00-00 00:00:00', '0000-00-00 00:00:00', '', 'dr. TOMY OEKY PRASISKA', 'participant', '', '3522'),
(490, 'G3Qx4xzS9LocKvlucrPo9FQAR-WpKjds', NULL, '$2y$13$5CKEtm54jLLLYXj0L4qBIe1kyjtYSWOmN1KSur3R63yajJxuyr4gW', NULL, '459@digimice.id', '10', '0000-00-00 00:00:00', '0000-00-00 00:00:00', '', 'dr. KUS INDRIASTUTI', 'participant', '', '3522'),
(491, 'G3Qx4xzS9LocKvlucrPo9FQAR-WpKjds', NULL, '$2y$13$5CKEtm54jLLLYXj0L4qBIe1kyjtYSWOmN1KSur3R63yajJxuyr4gW', NULL, '460@digimice.id', '10', '0000-00-00 00:00:00', '0000-00-00 00:00:00', '', 'dr. RATIH PUSPITA', 'participant', '', '3522'),
(492, 'G3Qx4xzS9LocKvlucrPo9FQAR-WpKjds', NULL, '$2y$13$5CKEtm54jLLLYXj0L4qBIe1kyjtYSWOmN1KSur3R63yajJxuyr4gW', NULL, '461@digimice.id', '10', '0000-00-00 00:00:00', '0000-00-00 00:00:00', '', 'dr. LUCIE WIDYANTI, M.S', 'participant', '', '3522'),
(493, 'G3Qx4xzS9LocKvlucrPo9FQAR-WpKjds', NULL, '$2y$13$5CKEtm54jLLLYXj0L4qBIe1kyjtYSWOmN1KSur3R63yajJxuyr4gW', NULL, '462@digimice.id', '10', '0000-00-00 00:00:00', '0000-00-00 00:00:00', '', 'dr. IRWAN DARMAWAN', 'participant', '', '3522'),
(494, 'G3Qx4xzS9LocKvlucrPo9FQAR-WpKjds', NULL, '$2y$13$5CKEtm54jLLLYXj0L4qBIe1kyjtYSWOmN1KSur3R63yajJxuyr4gW', NULL, '463@digimice.id', '10', '0000-00-00 00:00:00', '0000-00-00 00:00:00', '', 'dr. VERA AGUSTINA', 'participant', '', '3522'),
(495, 'G3Qx4xzS9LocKvlucrPo9FQAR-WpKjds', NULL, '$2y$13$5CKEtm54jLLLYXj0L4qBIe1kyjtYSWOmN1KSur3R63yajJxuyr4gW', NULL, '464@digimice.id', '10', '0000-00-00 00:00:00', '0000-00-00 00:00:00', '', 'dr. TRI DIAN NOVITA', 'participant', '', '3522'),
(496, 'G3Qx4xzS9LocKvlucrPo9FQAR-WpKjds', NULL, '$2y$13$5CKEtm54jLLLYXj0L4qBIe1kyjtYSWOmN1KSur3R63yajJxuyr4gW', NULL, '465@digimice.id', '10', '0000-00-00 00:00:00', '0000-00-00 00:00:00', '', 'dr. BAYU LINUWIH', 'participant', '', '3522'),
(497, 'G3Qx4xzS9LocKvlucrPo9FQAR-WpKjds', NULL, '$2y$13$5CKEtm54jLLLYXj0L4qBIe1kyjtYSWOmN1KSur3R63yajJxuyr4gW', NULL, '466@digimice.id', '10', '0000-00-00 00:00:00', '0000-00-00 00:00:00', '', 'dr. TUTIK AMINATUN', 'participant', '', '3522'),
(498, 'G3Qx4xzS9LocKvlucrPo9FQAR-WpKjds', NULL, '$2y$13$5CKEtm54jLLLYXj0L4qBIe1kyjtYSWOmN1KSur3R63yajJxuyr4gW', NULL, '467@digimice.id', '10', '0000-00-00 00:00:00', '0000-00-00 00:00:00', '', 'dr. HARJANTI PUJI SAYEKTI', 'participant', '', '3522'),
(499, 'G3Qx4xzS9LocKvlucrPo9FQAR-WpKjds', NULL, '$2y$13$5CKEtm54jLLLYXj0L4qBIe1kyjtYSWOmN1KSur3R63yajJxuyr4gW', NULL, '468@digimice.id', '10', '0000-00-00 00:00:00', '0000-00-00 00:00:00', '', 'dr. DIAN NOVITA', 'participant', '', '3522'),
(500, 'G3Qx4xzS9LocKvlucrPo9FQAR-WpKjds', NULL, '$2y$13$5CKEtm54jLLLYXj0L4qBIe1kyjtYSWOmN1KSur3R63yajJxuyr4gW', NULL, '469@digimice.id', '10', '0000-00-00 00:00:00', '0000-00-00 00:00:00', '', 'dr. ROMMY SEBASTIAN, M.Kes', 'participant', '', '3522'),
(501, 'G3Qx4xzS9LocKvlucrPo9FQAR-WpKjds', NULL, '$2y$13$5CKEtm54jLLLYXj0L4qBIe1kyjtYSWOmN1KSur3R63yajJxuyr4gW', NULL, '470@digimice.id', '10', '0000-00-00 00:00:00', '0000-00-00 00:00:00', '', 'dr. SITI MUSLIKHAH', 'participant', '', '3522'),
(502, 'G3Qx4xzS9LocKvlucrPo9FQAR-WpKjds', NULL, '$2y$13$5CKEtm54jLLLYXj0L4qBIe1kyjtYSWOmN1KSur3R63yajJxuyr4gW', NULL, '471@digimice.id', '10', '0000-00-00 00:00:00', '0000-00-00 00:00:00', '', 'dr. ALFITA WIDYANINGRUM, MM', 'participant', '', '3578'),
(503, 'G3Qx4xzS9LocKvlucrPo9FQAR-WpKjds', NULL, '$2y$13$5CKEtm54jLLLYXj0L4qBIe1kyjtYSWOmN1KSur3R63yajJxuyr4gW', NULL, '472@digimice.id', '10', '0000-00-00 00:00:00', '0000-00-00 00:00:00', '', 'dr. NUMBI MEDIATMAPRATIA, M.Kes', 'participant', '', '3578'),
(504, 'G3Qx4xzS9LocKvlucrPo9FQAR-WpKjds', NULL, '$2y$13$5CKEtm54jLLLYXj0L4qBIe1kyjtYSWOmN1KSur3R63yajJxuyr4gW', NULL, '473@digimice.id', '10', '0000-00-00 00:00:00', '0000-00-00 00:00:00', '', 'dr. MUHAMMAD HOLIL', 'participant', '', '3526'),
(505, 'G3Qx4xzS9LocKvlucrPo9FQAR-WpKjds', NULL, '$2y$13$5CKEtm54jLLLYXj0L4qBIe1kyjtYSWOmN1KSur3R63yajJxuyr4gW', NULL, '474@digimice.id', '10', '0000-00-00 00:00:00', '0000-00-00 00:00:00', '', 'dr. MONANG PANJAITAN', 'participant', '', '3578'),
(506, 'G3Qx4xzS9LocKvlucrPo9FQAR-WpKjds', NULL, '$2y$13$5CKEtm54jLLLYXj0L4qBIe1kyjtYSWOmN1KSur3R63yajJxuyr4gW', NULL, '475@digimice.id', '10', '0000-00-00 00:00:00', '0000-00-00 00:00:00', '', 'dr. FIRMAN ADI PRASETYO', 'participant', '', '3578'),
(507, 'G3Qx4xzS9LocKvlucrPo9FQAR-WpKjds', NULL, '$2y$13$5CKEtm54jLLLYXj0L4qBIe1kyjtYSWOmN1KSur3R63yajJxuyr4gW', NULL, '476@digimice.id', '10', '0000-00-00 00:00:00', '0000-00-00 00:00:00', '', 'dr. NABILA BAAGIL', 'participant', '', '3578'),
(508, 'G3Qx4xzS9LocKvlucrPo9FQAR-WpKjds', NULL, '$2y$13$5CKEtm54jLLLYXj0L4qBIe1kyjtYSWOmN1KSur3R63yajJxuyr4gW', NULL, '477@digimice.id', '10', '0000-00-00 00:00:00', '0000-00-00 00:00:00', '', 'dr. ALIN VARINIA CHRISTIE', 'participant', '', '3578'),
(509, 'G3Qx4xzS9LocKvlucrPo9FQAR-WpKjds', NULL, '$2y$13$5CKEtm54jLLLYXj0L4qBIe1kyjtYSWOmN1KSur3R63yajJxuyr4gW', NULL, '478@digimice.id', '10', '0000-00-00 00:00:00', '0000-00-00 00:00:00', '', 'dr. VEBRIE ARIANI RAKHMAWATI', 'participant', '', '3578'),
(510, 'G3Qx4xzS9LocKvlucrPo9FQAR-WpKjds', NULL, '$2y$13$5CKEtm54jLLLYXj0L4qBIe1kyjtYSWOmN1KSur3R63yajJxuyr4gW', NULL, '479@digimice.id', '10', '0000-00-00 00:00:00', '0000-00-00 00:00:00', '', 'dr. SASI WIDURI, M.Biomed', 'participant', '', '3578'),
(511, 'G3Qx4xzS9LocKvlucrPo9FQAR-WpKjds', NULL, '$2y$13$5CKEtm54jLLLYXj0L4qBIe1kyjtYSWOmN1KSur3R63yajJxuyr4gW', NULL, '480@digimice.id', '10', '0000-00-00 00:00:00', '0000-00-00 00:00:00', '', 'dr. VIVID YULIANTI ERIDHANI', 'participant', '', '5271'),
(512, 'G3Qx4xzS9LocKvlucrPo9FQAR-WpKjds', NULL, '$2y$13$5CKEtm54jLLLYXj0L4qBIe1kyjtYSWOmN1KSur3R63yajJxuyr4gW', NULL, '481@digimice.id', '10', '0000-00-00 00:00:00', '0000-00-00 00:00:00', '', 'dr. YOPPY AGUNG PRIAMBODO', 'participant', '', '3578'),
(513, 'G3Qx4xzS9LocKvlucrPo9FQAR-WpKjds', NULL, '$2y$13$5CKEtm54jLLLYXj0L4qBIe1kyjtYSWOmN1KSur3R63yajJxuyr4gW', NULL, '482@digimice.id', '10', '0000-00-00 00:00:00', '0000-00-00 00:00:00', '', 'dr. VONNY WIJAYANTI', 'participant', '', '3571'),
(514, 'G3Qx4xzS9LocKvlucrPo9FQAR-WpKjds', NULL, '$2y$13$5CKEtm54jLLLYXj0L4qBIe1kyjtYSWOmN1KSur3R63yajJxuyr4gW', NULL, '483@digimice.id', '10', '0000-00-00 00:00:00', '0000-00-00 00:00:00', '', 'dr. WISNANINGSIH', 'participant', '', '3571'),
(515, 'G3Qx4xzS9LocKvlucrPo9FQAR-WpKjds', NULL, '$2y$13$5CKEtm54jLLLYXj0L4qBIe1kyjtYSWOmN1KSur3R63yajJxuyr4gW', NULL, '484@digimice.id', '10', '0000-00-00 00:00:00', '0000-00-00 00:00:00', '', 'dr. VIVI IDA', 'participant', '', '3571'),
(516, 'G3Qx4xzS9LocKvlucrPo9FQAR-WpKjds', NULL, '$2y$13$5CKEtm54jLLLYXj0L4qBIe1kyjtYSWOmN1KSur3R63yajJxuyr4gW', NULL, '485@digimice.id', '10', '0000-00-00 00:00:00', '0000-00-00 00:00:00', '', 'dr. ALVIONITA NUR FITRIANA', 'participant', '', '3571'),
(517, 'G3Qx4xzS9LocKvlucrPo9FQAR-WpKjds', NULL, '$2y$13$5CKEtm54jLLLYXj0L4qBIe1kyjtYSWOmN1KSur3R63yajJxuyr4gW', NULL, '486@digimice.id', '10', '0000-00-00 00:00:00', '0000-00-00 00:00:00', '', 'dr. ELOK TIARINTA SIMORANGKIR', 'participant', '', '3571'),
(518, 'G3Qx4xzS9LocKvlucrPo9FQAR-WpKjds', NULL, '$2y$13$5CKEtm54jLLLYXj0L4qBIe1kyjtYSWOmN1KSur3R63yajJxuyr4gW', NULL, '487@digimice.id', '10', '0000-00-00 00:00:00', '0000-00-00 00:00:00', '', 'dr. CHRISTOPHORUS NICHOLAS H', 'participant', '', '3571'),
(519, 'G3Qx4xzS9LocKvlucrPo9FQAR-WpKjds', NULL, '$2y$13$5CKEtm54jLLLYXj0L4qBIe1kyjtYSWOmN1KSur3R63yajJxuyr4gW', NULL, '488@digimice.id', '10', '0000-00-00 00:00:00', '0000-00-00 00:00:00', '', 'dr. RINI WIDOWATI', 'participant', '', '3571'),
(520, 'G3Qx4xzS9LocKvlucrPo9FQAR-WpKjds', NULL, '$2y$13$5CKEtm54jLLLYXj0L4qBIe1kyjtYSWOmN1KSur3R63yajJxuyr4gW', NULL, '489@digimice.id', '10', '0000-00-00 00:00:00', '0000-00-00 00:00:00', '', 'dr. M IRFAN HANAFI', 'participant', '', '3571'),
(521, 'G3Qx4xzS9LocKvlucrPo9FQAR-WpKjds', NULL, '$2y$13$5CKEtm54jLLLYXj0L4qBIe1kyjtYSWOmN1KSur3R63yajJxuyr4gW', NULL, '490@digimice.id', '10', '0000-00-00 00:00:00', '0000-00-00 00:00:00', '', 'dr. DWI LESTARI', 'participant', '', '3571'),
(522, 'G3Qx4xzS9LocKvlucrPo9FQAR-WpKjds', NULL, '$2y$13$5CKEtm54jLLLYXj0L4qBIe1kyjtYSWOmN1KSur3R63yajJxuyr4gW', NULL, '491@digimice.id', '10', '0000-00-00 00:00:00', '0000-00-00 00:00:00', '', 'dr. FERDIAN RATHOMI', 'participant', '', '3571'),
(523, 'G3Qx4xzS9LocKvlucrPo9FQAR-WpKjds', NULL, '$2y$13$5CKEtm54jLLLYXj0L4qBIe1kyjtYSWOmN1KSur3R63yajJxuyr4gW', NULL, '492@digimice.id', '10', '0000-00-00 00:00:00', '0000-00-00 00:00:00', '', 'dr. DHINI HAPSARI P.P', 'participant', '', '3571'),
(524, 'G3Qx4xzS9LocKvlucrPo9FQAR-WpKjds', NULL, '$2y$13$5CKEtm54jLLLYXj0L4qBIe1kyjtYSWOmN1KSur3R63yajJxuyr4gW', NULL, '493@digimice.id', '10', '0000-00-00 00:00:00', '0000-00-00 00:00:00', '', 'dr. FAUZAN ADIMA', 'participant', '', '3571'),
(525, 'G3Qx4xzS9LocKvlucrPo9FQAR-WpKjds', NULL, '$2y$13$5CKEtm54jLLLYXj0L4qBIe1kyjtYSWOmN1KSur3R63yajJxuyr4gW', NULL, '494@digimice.id', '10', '0000-00-00 00:00:00', '0000-00-00 00:00:00', '', 'dr. LINA', 'participant', '', '3571'),
(526, 'G3Qx4xzS9LocKvlucrPo9FQAR-WpKjds', NULL, '$2y$13$5CKEtm54jLLLYXj0L4qBIe1kyjtYSWOmN1KSur3R63yajJxuyr4gW', NULL, '495@digimice.id', '10', '0000-00-00 00:00:00', '0000-00-00 00:00:00', '', 'dr. EKAWATI SUTIKNO', 'participant', '', '3571'),
(527, 'G3Qx4xzS9LocKvlucrPo9FQAR-WpKjds', NULL, '$2y$13$5CKEtm54jLLLYXj0L4qBIe1kyjtYSWOmN1KSur3R63yajJxuyr4gW', NULL, '496@digimice.id', '10', '0000-00-00 00:00:00', '0000-00-00 00:00:00', '', 'dr. ENDANG WL', 'participant', '', '3571'),
(528, 'G3Qx4xzS9LocKvlucrPo9FQAR-WpKjds', NULL, '$2y$13$5CKEtm54jLLLYXj0L4qBIe1kyjtYSWOmN1KSur3R63yajJxuyr4gW', NULL, '497@digimice.id', '10', '0000-00-00 00:00:00', '0000-00-00 00:00:00', '', 'dr. FEBRIAN P', 'participant', '', '3571'),
(529, 'G3Qx4xzS9LocKvlucrPo9FQAR-WpKjds', NULL, '$2y$13$5CKEtm54jLLLYXj0L4qBIe1kyjtYSWOmN1KSur3R63yajJxuyr4gW', NULL, '498@digimice.id', '10', '0000-00-00 00:00:00', '0000-00-00 00:00:00', '', 'dr. DWI WINARNI', 'participant', '', '3571'),
(530, 'G3Qx4xzS9LocKvlucrPo9FQAR-WpKjds', NULL, '$2y$13$5CKEtm54jLLLYXj0L4qBIe1kyjtYSWOmN1KSur3R63yajJxuyr4gW', NULL, '499@digimice.id', '10', '0000-00-00 00:00:00', '0000-00-00 00:00:00', '', 'dr. RM GUNAWAN', 'participant', '', '3571'),
(531, 'G3Qx4xzS9LocKvlucrPo9FQAR-WpKjds', NULL, '$2y$13$5CKEtm54jLLLYXj0L4qBIe1kyjtYSWOmN1KSur3R63yajJxuyr4gW', NULL, '500@digimice.id', '10', '0000-00-00 00:00:00', '0000-00-00 00:00:00', '', 'dr. CHRESLINA', 'participant', '', '3571'),
(532, 'G3Qx4xzS9LocKvlucrPo9FQAR-WpKjds', NULL, '$2y$13$5CKEtm54jLLLYXj0L4qBIe1kyjtYSWOmN1KSur3R63yajJxuyr4gW', NULL, '501@digimice.id', '10', '0000-00-00 00:00:00', '0000-00-00 00:00:00', '', 'dr. NINIEK LASMINIAR', 'participant', '', '3571'),
(533, 'G3Qx4xzS9LocKvlucrPo9FQAR-WpKjds', NULL, '$2y$13$5CKEtm54jLLLYXj0L4qBIe1kyjtYSWOmN1KSur3R63yajJxuyr4gW', NULL, '502@digimice.id', '10', '0000-00-00 00:00:00', '0000-00-00 00:00:00', '', 'dr. LUSIANA ULFIA', 'participant', '', '3571'),
(534, 'G3Qx4xzS9LocKvlucrPo9FQAR-WpKjds', NULL, '$2y$13$5CKEtm54jLLLYXj0L4qBIe1kyjtYSWOmN1KSur3R63yajJxuyr4gW', NULL, '503@digimice.id', '10', '0000-00-00 00:00:00', '0000-00-00 00:00:00', '', 'dr. YOKE RETNANINGPURI', 'participant', '', '3571'),
(535, 'G3Qx4xzS9LocKvlucrPo9FQAR-WpKjds', NULL, '$2y$13$5CKEtm54jLLLYXj0L4qBIe1kyjtYSWOmN1KSur3R63yajJxuyr4gW', NULL, '504@digimice.id', '10', '0000-00-00 00:00:00', '0000-00-00 00:00:00', '', 'dr. PEBTU GITA HARTANTO', 'participant', '', '3571'),
(536, 'G3Qx4xzS9LocKvlucrPo9FQAR-WpKjds', NULL, '$2y$13$5CKEtm54jLLLYXj0L4qBIe1kyjtYSWOmN1KSur3R63yajJxuyr4gW', NULL, '505@digimice.id', '10', '0000-00-00 00:00:00', '0000-00-00 00:00:00', '', 'dr. SITI HASNA ULFIAH', 'participant', '', '3571'),
(537, 'G3Qx4xzS9LocKvlucrPo9FQAR-WpKjds', NULL, '$2y$13$5CKEtm54jLLLYXj0L4qBIe1kyjtYSWOmN1KSur3R63yajJxuyr4gW', NULL, '506@digimice.id', '10', '0000-00-00 00:00:00', '0000-00-00 00:00:00', '', 'dr. TRISMARIAJDI', 'participant', '', '3571'),
(538, 'G3Qx4xzS9LocKvlucrPo9FQAR-WpKjds', NULL, '$2y$13$5CKEtm54jLLLYXj0L4qBIe1kyjtYSWOmN1KSur3R63yajJxuyr4gW', NULL, '507@digimice.id', '10', '0000-00-00 00:00:00', '0000-00-00 00:00:00', '', 'dr. BUDI WALUYO', 'participant', '', '3571'),
(539, 'G3Qx4xzS9LocKvlucrPo9FQAR-WpKjds', NULL, '$2y$13$5CKEtm54jLLLYXj0L4qBIe1kyjtYSWOmN1KSur3R63yajJxuyr4gW', NULL, '508@digimice.id', '10', '0000-00-00 00:00:00', '0000-00-00 00:00:00', '', 'dr. INDRAWAN TRI PURNOMO', 'participant', '', '3571'),
(540, 'G3Qx4xzS9LocKvlucrPo9FQAR-WpKjds', NULL, '$2y$13$5CKEtm54jLLLYXj0L4qBIe1kyjtYSWOmN1KSur3R63yajJxuyr4gW', NULL, '509@digimice.id', '10', '0000-00-00 00:00:00', '0000-00-00 00:00:00', '', 'dr. FAIRUZTYA NAILA MARIS', 'participant', '', '3571'),
(541, 'G3Qx4xzS9LocKvlucrPo9FQAR-WpKjds', NULL, '$2y$13$5CKEtm54jLLLYXj0L4qBIe1kyjtYSWOmN1KSur3R63yajJxuyr4gW', NULL, '510@digimice.id', '10', '0000-00-00 00:00:00', '0000-00-00 00:00:00', '', 'dr. MEGA DWI YUANITA', 'participant', '', '3571'),
(542, 'G3Qx4xzS9LocKvlucrPo9FQAR-WpKjds', NULL, '$2y$13$5CKEtm54jLLLYXj0L4qBIe1kyjtYSWOmN1KSur3R63yajJxuyr4gW', NULL, '511@digimice.id', '10', '0000-00-00 00:00:00', '0000-00-00 00:00:00', '', 'dr. EKA SEPTRIANA', 'participant', '', '3571'),
(543, 'G3Qx4xzS9LocKvlucrPo9FQAR-WpKjds', NULL, '$2y$13$5CKEtm54jLLLYXj0L4qBIe1kyjtYSWOmN1KSur3R63yajJxuyr4gW', NULL, '512@digimice.id', '10', '0000-00-00 00:00:00', '0000-00-00 00:00:00', '', 'dr. SALLY IKAWATI', 'participant', '', '3571'),
(544, 'G3Qx4xzS9LocKvlucrPo9FQAR-WpKjds', NULL, '$2y$13$5CKEtm54jLLLYXj0L4qBIe1kyjtYSWOmN1KSur3R63yajJxuyr4gW', NULL, '513@digimice.id', '10', '0000-00-00 00:00:00', '0000-00-00 00:00:00', '', 'dr. LYDIA', 'participant', '', '3571'),
(545, 'G3Qx4xzS9LocKvlucrPo9FQAR-WpKjds', NULL, '$2y$13$5CKEtm54jLLLYXj0L4qBIe1kyjtYSWOmN1KSur3R63yajJxuyr4gW', NULL, '514@digimice.id', '10', '0000-00-00 00:00:00', '0000-00-00 00:00:00', '', 'dr. YULI HARSONO', 'participant', '', '3571'),
(546, 'G3Qx4xzS9LocKvlucrPo9FQAR-WpKjds', NULL, '$2y$13$5CKEtm54jLLLYXj0L4qBIe1kyjtYSWOmN1KSur3R63yajJxuyr4gW', NULL, '515@digimice.id', '10', '0000-00-00 00:00:00', '0000-00-00 00:00:00', '', 'dr. LILIK MARLIANA, MM', 'participant', '', '3573'),
(547, 'G3Qx4xzS9LocKvlucrPo9FQAR-WpKjds', NULL, '$2y$13$5CKEtm54jLLLYXj0L4qBIe1kyjtYSWOmN1KSur3R63yajJxuyr4gW', NULL, '516@digimice.id', '10', '0000-00-00 00:00:00', '0000-00-00 00:00:00', '', 'dr. IKA SHANTI ROSALINA, MMRS', 'participant', '', '3573'),
(548, 'G3Qx4xzS9LocKvlucrPo9FQAR-WpKjds', NULL, '$2y$13$5CKEtm54jLLLYXj0L4qBIe1kyjtYSWOmN1KSur3R63yajJxuyr4gW', NULL, '517@digimice.id', '10', '0000-00-00 00:00:00', '0000-00-00 00:00:00', '', 'dr. LINA SISWANTO', 'participant', '', '3573'),
(549, 'G3Qx4xzS9LocKvlucrPo9FQAR-WpKjds', NULL, '$2y$13$5CKEtm54jLLLYXj0L4qBIe1kyjtYSWOmN1KSur3R63yajJxuyr4gW', NULL, '518@digimice.id', '10', '0000-00-00 00:00:00', '0000-00-00 00:00:00', '', 'dr. ENGELBERTHA RETNO S', 'participant', '', '3573'),
(550, 'G3Qx4xzS9LocKvlucrPo9FQAR-WpKjds', NULL, '$2y$13$5CKEtm54jLLLYXj0L4qBIe1kyjtYSWOmN1KSur3R63yajJxuyr4gW', NULL, '519@digimice.id', '10', '0000-00-00 00:00:00', '0000-00-00 00:00:00', '', 'dr. CECILIA WIDIJATI I, MMRS', 'participant', '', '3573'),
(551, 'G3Qx4xzS9LocKvlucrPo9FQAR-WpKjds', NULL, '$2y$13$5CKEtm54jLLLYXj0L4qBIe1kyjtYSWOmN1KSur3R63yajJxuyr4gW', NULL, '520@digimice.id', '10', '0000-00-00 00:00:00', '0000-00-00 00:00:00', '', 'dr. YOHANA DENYKA', 'participant', '', '3573'),
(552, 'G3Qx4xzS9LocKvlucrPo9FQAR-WpKjds', NULL, '$2y$13$5CKEtm54jLLLYXj0L4qBIe1kyjtYSWOmN1KSur3R63yajJxuyr4gW', NULL, '521@digimice.id', '10', '0000-00-00 00:00:00', '0000-00-00 00:00:00', '', 'dr. YUSUP TJANDRA RAYON, MPH', 'participant', '', '3573'),
(553, 'G3Qx4xzS9LocKvlucrPo9FQAR-WpKjds', NULL, '$2y$13$5CKEtm54jLLLYXj0L4qBIe1kyjtYSWOmN1KSur3R63yajJxuyr4gW', NULL, '522@digimice.id', '10', '0000-00-00 00:00:00', '0000-00-00 00:00:00', '', 'dr. WIKI RUSTIKA', 'participant', '', '3573'),
(554, 'G3Qx4xzS9LocKvlucrPo9FQAR-WpKjds', NULL, '$2y$13$5CKEtm54jLLLYXj0L4qBIe1kyjtYSWOmN1KSur3R63yajJxuyr4gW', NULL, '523@digimice.id', '10', '0000-00-00 00:00:00', '0000-00-00 00:00:00', '', 'dr. MARIA MAGDALENA SAWITRI', 'participant', '', '3573'),
(555, 'G3Qx4xzS9LocKvlucrPo9FQAR-WpKjds', NULL, '$2y$13$5CKEtm54jLLLYXj0L4qBIe1kyjtYSWOmN1KSur3R63yajJxuyr4gW', NULL, '524@digimice.id', '10', '0000-00-00 00:00:00', '0000-00-00 00:00:00', '', 'dr. ENGELBERTH HARIYANTO', 'participant', '', '3573'),
(556, 'G3Qx4xzS9LocKvlucrPo9FQAR-WpKjds', NULL, '$2y$13$5CKEtm54jLLLYXj0L4qBIe1kyjtYSWOmN1KSur3R63yajJxuyr4gW', NULL, '525@digimice.id', '10', '0000-00-00 00:00:00', '0000-00-00 00:00:00', '', 'dr. VIONI VIOLETA TANTRI', 'participant', '', '3573'),
(557, 'G3Qx4xzS9LocKvlucrPo9FQAR-WpKjds', NULL, '$2y$13$5CKEtm54jLLLYXj0L4qBIe1kyjtYSWOmN1KSur3R63yajJxuyr4gW', NULL, '526@digimice.id', '10', '0000-00-00 00:00:00', '0000-00-00 00:00:00', '', 'dr. VALENTINUS AGUNG PRABOWO', 'participant', '', '3573'),
(558, 'G3Qx4xzS9LocKvlucrPo9FQAR-WpKjds', NULL, '$2y$13$5CKEtm54jLLLYXj0L4qBIe1kyjtYSWOmN1KSur3R63yajJxuyr4gW', NULL, '527@digimice.id', '10', '0000-00-00 00:00:00', '0000-00-00 00:00:00', '', 'dr. REZA SUZANA', 'participant', '', '3503'),
(559, 'G3Qx4xzS9LocKvlucrPo9FQAR-WpKjds', NULL, '$2y$13$5CKEtm54jLLLYXj0L4qBIe1kyjtYSWOmN1KSur3R63yajJxuyr4gW', NULL, '528@digimice.id', '10', '0000-00-00 00:00:00', '0000-00-00 00:00:00', '', 'dr. DWI JOEDIASTUTI', 'participant', '', '3503'),
(560, 'G3Qx4xzS9LocKvlucrPo9FQAR-WpKjds', NULL, '$2y$13$5CKEtm54jLLLYXj0L4qBIe1kyjtYSWOmN1KSur3R63yajJxuyr4gW', NULL, '529@digimice.id', '10', '0000-00-00 00:00:00', '0000-00-00 00:00:00', '', 'dr. SYAFRUDIN', 'participant', '', '3503'),
(561, 'G3Qx4xzS9LocKvlucrPo9FQAR-WpKjds', NULL, '$2y$13$5CKEtm54jLLLYXj0L4qBIe1kyjtYSWOmN1KSur3R63yajJxuyr4gW', NULL, '530@digimice.id', '10', '0000-00-00 00:00:00', '0000-00-00 00:00:00', '', 'dr. Th. LILIEK RAHAYU', 'participant', '', '3503'),
(562, 'G3Qx4xzS9LocKvlucrPo9FQAR-WpKjds', NULL, '$2y$13$5CKEtm54jLLLYXj0L4qBIe1kyjtYSWOmN1KSur3R63yajJxuyr4gW', NULL, '531@digimice.id', '10', '0000-00-00 00:00:00', '0000-00-00 00:00:00', '', 'dr. NONONG PUSPOWICAHYO', 'participant', '', '3503'),
(563, 'G3Qx4xzS9LocKvlucrPo9FQAR-WpKjds', NULL, '$2y$13$5CKEtm54jLLLYXj0L4qBIe1kyjtYSWOmN1KSur3R63yajJxuyr4gW', NULL, '532@digimice.id', '10', '0000-00-00 00:00:00', '0000-00-00 00:00:00', '', 'dr. SUHARTONO', 'participant', '', '3503'),
(564, 'G3Qx4xzS9LocKvlucrPo9FQAR-WpKjds', NULL, '$2y$13$5CKEtm54jLLLYXj0L4qBIe1kyjtYSWOmN1KSur3R63yajJxuyr4gW', NULL, '533@digimice.id', '10', '0000-00-00 00:00:00', '0000-00-00 00:00:00', '', 'dr. HALIMANDA DENTA PUTRA', 'participant', '', '3503'),
(565, 'G3Qx4xzS9LocKvlucrPo9FQAR-WpKjds', NULL, '$2y$13$5CKEtm54jLLLYXj0L4qBIe1kyjtYSWOmN1KSur3R63yajJxuyr4gW', NULL, '534@digimice.id', '10', '0000-00-00 00:00:00', '0000-00-00 00:00:00', '', 'dr. WIWIT KHASANAH ARTHAMIM', 'participant', '', '3503'),
(566, 'G3Qx4xzS9LocKvlucrPo9FQAR-WpKjds', NULL, '$2y$13$5CKEtm54jLLLYXj0L4qBIe1kyjtYSWOmN1KSur3R63yajJxuyr4gW', NULL, '535@digimice.id', '10', '0000-00-00 00:00:00', '0000-00-00 00:00:00', '', 'dr.SAKRONI, MMRS', 'participant', '', '3503'),
(567, 'G3Qx4xzS9LocKvlucrPo9FQAR-WpKjds', NULL, '$2y$13$5CKEtm54jLLLYXj0L4qBIe1kyjtYSWOmN1KSur3R63yajJxuyr4gW', NULL, '536@digimice.id', '10', '0000-00-00 00:00:00', '0000-00-00 00:00:00', '', 'dr. MAWAN HARIANTO', 'participant', '', '3503'),
(568, 'G3Qx4xzS9LocKvlucrPo9FQAR-WpKjds', NULL, '$2y$13$5CKEtm54jLLLYXj0L4qBIe1kyjtYSWOmN1KSur3R63yajJxuyr4gW', NULL, '537@digimice.id', '10', '0000-00-00 00:00:00', '0000-00-00 00:00:00', '', 'dr. ULFAH', 'participant', '', '3503'),
(569, 'G3Qx4xzS9LocKvlucrPo9FQAR-WpKjds', NULL, '$2y$13$5CKEtm54jLLLYXj0L4qBIe1kyjtYSWOmN1KSur3R63yajJxuyr4gW', NULL, '538@digimice.id', '10', '0000-00-00 00:00:00', '0000-00-00 00:00:00', '', 'dr. ARI PUJIANINGSIH', 'participant', '', '3503'),
(570, 'G3Qx4xzS9LocKvlucrPo9FQAR-WpKjds', NULL, '$2y$13$5CKEtm54jLLLYXj0L4qBIe1kyjtYSWOmN1KSur3R63yajJxuyr4gW', NULL, '539@digimice.id', '10', '0000-00-00 00:00:00', '0000-00-00 00:00:00', '', 'dr. M. Ali Widagdo', 'participant', '12354799', '3503'),
(571, 'G3Qx4xzS9LocKvlucrPo9FQAR-WpKjds', NULL, '$2y$13$5CKEtm54jLLLYXj0L4qBIe1kyjtYSWOmN1KSur3R63yajJxuyr4gW', NULL, '540@digimice.id', '10', '0000-00-00 00:00:00', '0000-00-00 00:00:00', '', 'dr. MENIK SRI MINARTI', 'participant', '', '3503'),
(572, 'G3Qx4xzS9LocKvlucrPo9FQAR-WpKjds', NULL, '$2y$13$5CKEtm54jLLLYXj0L4qBIe1kyjtYSWOmN1KSur3R63yajJxuyr4gW', NULL, '541@digimice.id', '10', '0000-00-00 00:00:00', '0000-00-00 00:00:00', '', 'dr. NUNUNG TRIASTUTI', 'participant', '', '3503'),
(573, 'G3Qx4xzS9LocKvlucrPo9FQAR-WpKjds', NULL, '$2y$13$5CKEtm54jLLLYXj0L4qBIe1kyjtYSWOmN1KSur3R63yajJxuyr4gW', NULL, '542@digimice.id', '10', '0000-00-00 00:00:00', '0000-00-00 00:00:00', '', 'dr. YANI ISWANTI', 'participant', '', '3503'),
(574, 'G3Qx4xzS9LocKvlucrPo9FQAR-WpKjds', NULL, '$2y$13$5CKEtm54jLLLYXj0L4qBIe1kyjtYSWOmN1KSur3R63yajJxuyr4gW', NULL, '543@digimice.id', '10', '0000-00-00 00:00:00', '0000-00-00 00:00:00', '', 'dr. SINGGIH WAHYUDI P.U', 'participant', '', '3503'),
(575, 'G3Qx4xzS9LocKvlucrPo9FQAR-WpKjds', NULL, '$2y$13$5CKEtm54jLLLYXj0L4qBIe1kyjtYSWOmN1KSur3R63yajJxuyr4gW', NULL, '544@digimice.id', '10', '0000-00-00 00:00:00', '0000-00-00 00:00:00', '', 'dr. ROBBY MONIAGA', 'participant', '', '3503'),
(576, 'G3Qx4xzS9LocKvlucrPo9FQAR-WpKjds', NULL, '$2y$13$5CKEtm54jLLLYXj0L4qBIe1kyjtYSWOmN1KSur3R63yajJxuyr4gW', NULL, '545@digimice.id', '10', '0000-00-00 00:00:00', '0000-00-00 00:00:00', '', 'dr. IDA ROSLENA', 'participant', '0877', '3503');
INSERT INTO `user` (`id`, `auth_key`, `avatar`, `password_hash`, `password_reset_token`, `email`, `status`, `created_at`, `updated_at`, `verification_token`, `name`, `role`, `phone`, `regencies_id`) VALUES
(577, 'G3Qx4xzS9LocKvlucrPo9FQAR-WpKjds', NULL, '$2y$13$5CKEtm54jLLLYXj0L4qBIe1kyjtYSWOmN1KSur3R63yajJxuyr4gW', NULL, '546@digimice.id', '10', '0000-00-00 00:00:00', '0000-00-00 00:00:00', '', 'dr. RENDRA ANDRIAWAN, MM', 'participant', '', '3503'),
(578, 'G3Qx4xzS9LocKvlucrPo9FQAR-WpKjds', NULL, '$2y$13$5CKEtm54jLLLYXj0L4qBIe1kyjtYSWOmN1KSur3R63yajJxuyr4gW', NULL, '547@digimice.id', '10', '0000-00-00 00:00:00', '0000-00-00 00:00:00', '', 'dr. TRI RIKA ERNAWATI', 'participant', '', '3503'),
(579, 'G3Qx4xzS9LocKvlucrPo9FQAR-WpKjds', NULL, '$2y$13$5CKEtm54jLLLYXj0L4qBIe1kyjtYSWOmN1KSur3R63yajJxuyr4gW', NULL, '548@digimice.id', '10', '0000-00-00 00:00:00', '0000-00-00 00:00:00', '', 'dr. KRISTYA SUWASIYATNO', 'participant', '', '3503'),
(580, 'G3Qx4xzS9LocKvlucrPo9FQAR-WpKjds', NULL, '$2y$13$5CKEtm54jLLLYXj0L4qBIe1kyjtYSWOmN1KSur3R63yajJxuyr4gW', NULL, '549@digimice.id', '10', '0000-00-00 00:00:00', '0000-00-00 00:00:00', '', 'dr. LIANA KURNIAWATI', 'participant', '', '3503'),
(581, 'G3Qx4xzS9LocKvlucrPo9FQAR-WpKjds', NULL, '$2y$13$5CKEtm54jLLLYXj0L4qBIe1kyjtYSWOmN1KSur3R63yajJxuyr4gW', NULL, '550@digimice.id', '10', '0000-00-00 00:00:00', '0000-00-00 00:00:00', '', 'dr. NITA DWI OKTAVIANI', 'participant', '', '3503'),
(582, 'G3Qx4xzS9LocKvlucrPo9FQAR-WpKjds', NULL, '$2y$13$5CKEtm54jLLLYXj0L4qBIe1kyjtYSWOmN1KSur3R63yajJxuyr4gW', NULL, '551@digimice.id', '10', '0000-00-00 00:00:00', '0000-00-00 00:00:00', '', 'dr. DWI ASTUTI', 'participant', '', '3503'),
(583, 'G3Qx4xzS9LocKvlucrPo9FQAR-WpKjds', NULL, '$2y$13$5CKEtm54jLLLYXj0L4qBIe1kyjtYSWOmN1KSur3R63yajJxuyr4gW', NULL, '552@digimice.id', '10', '0000-00-00 00:00:00', '0000-00-00 00:00:00', '', 'dr. DEDI WAHYU INDRAWIJAYA', 'participant', '', '3571'),
(584, 'G3Qx4xzS9LocKvlucrPo9FQAR-WpKjds', NULL, '$2y$13$5CKEtm54jLLLYXj0L4qBIe1kyjtYSWOmN1KSur3R63yajJxuyr4gW', NULL, '553@digimice.id', '10', '0000-00-00 00:00:00', '0000-00-00 00:00:00', '', 'dr. DEWANTI KUSUMA SARI', 'participant', '', '3571'),
(585, 'G3Qx4xzS9LocKvlucrPo9FQAR-WpKjds', NULL, '$2y$13$5CKEtm54jLLLYXj0L4qBIe1kyjtYSWOmN1KSur3R63yajJxuyr4gW', NULL, '554@digimice.id', '10', '0000-00-00 00:00:00', '0000-00-00 00:00:00', '', 'dr. MELIANA SUSANTI', 'participant', '', '3571'),
(586, 'G3Qx4xzS9LocKvlucrPo9FQAR-WpKjds', NULL, '$2y$13$5CKEtm54jLLLYXj0L4qBIe1kyjtYSWOmN1KSur3R63yajJxuyr4gW', NULL, '555@digimice.id', '10', '0000-00-00 00:00:00', '0000-00-00 00:00:00', '', 'dr. DYAH NOVI W', 'participant', '', '3571'),
(587, 'G3Qx4xzS9LocKvlucrPo9FQAR-WpKjds', NULL, '$2y$13$5CKEtm54jLLLYXj0L4qBIe1kyjtYSWOmN1KSur3R63yajJxuyr4gW', NULL, '556@digimice.id', '10', '0000-00-00 00:00:00', '0000-00-00 00:00:00', '', 'dr. SENTOT IMAM', 'participant', '', '3571'),
(588, 'G3Qx4xzS9LocKvlucrPo9FQAR-WpKjds', NULL, '$2y$13$5CKEtm54jLLLYXj0L4qBIe1kyjtYSWOmN1KSur3R63yajJxuyr4gW', NULL, '557@digimice.id', '10', '0000-00-00 00:00:00', '0000-00-00 00:00:00', '', 'dr. HENRY MULYONO', 'participant', '', '3571'),
(589, 'G3Qx4xzS9LocKvlucrPo9FQAR-WpKjds', NULL, '$2y$13$5CKEtm54jLLLYXj0L4qBIe1kyjtYSWOmN1KSur3R63yajJxuyr4gW', NULL, '558@digimice.id', '10', '0000-00-00 00:00:00', '0000-00-00 00:00:00', '', 'dr. MELDA NISRINA', 'participant', '', '3571'),
(590, 'G3Qx4xzS9LocKvlucrPo9FQAR-WpKjds', NULL, '$2y$13$5CKEtm54jLLLYXj0L4qBIe1kyjtYSWOmN1KSur3R63yajJxuyr4gW', NULL, '559@digimice.id', '10', '0000-00-00 00:00:00', '0000-00-00 00:00:00', '', 'dr. HADY WARDANA', 'participant', '', '3571'),
(591, 'G3Qx4xzS9LocKvlucrPo9FQAR-WpKjds', NULL, '$2y$13$5CKEtm54jLLLYXj0L4qBIe1kyjtYSWOmN1KSur3R63yajJxuyr4gW', NULL, '560@digimice.id', '10', '0000-00-00 00:00:00', '0000-00-00 00:00:00', '', 'dr. LUCY PRICILLIA', 'participant', '', '3571'),
(592, 'G3Qx4xzS9LocKvlucrPo9FQAR-WpKjds', NULL, '$2y$13$5CKEtm54jLLLYXj0L4qBIe1kyjtYSWOmN1KSur3R63yajJxuyr4gW', NULL, '561@digimice.id', '10', '0000-00-00 00:00:00', '0000-00-00 00:00:00', '', 'dr. BELLA WAHYU', 'participant', '', '3571'),
(593, 'G3Qx4xzS9LocKvlucrPo9FQAR-WpKjds', NULL, '$2y$13$5CKEtm54jLLLYXj0L4qBIe1kyjtYSWOmN1KSur3R63yajJxuyr4gW', NULL, '562@digimice.id', '10', '0000-00-00 00:00:00', '0000-00-00 00:00:00', '', 'dr. WAHYUDHI EFFENDI', 'participant', '', '3571'),
(594, 'G3Qx4xzS9LocKvlucrPo9FQAR-WpKjds', NULL, '$2y$13$5CKEtm54jLLLYXj0L4qBIe1kyjtYSWOmN1KSur3R63yajJxuyr4gW', NULL, '563@digimice.id', '10', '0000-00-00 00:00:00', '0000-00-00 00:00:00', '', 'dr. AULIYA PRATAMA AFANDI', 'participant', '', '3571'),
(595, 'G3Qx4xzS9LocKvlucrPo9FQAR-WpKjds', NULL, '$2y$13$5CKEtm54jLLLYXj0L4qBIe1kyjtYSWOmN1KSur3R63yajJxuyr4gW', NULL, '564@digimice.id', '10', '0000-00-00 00:00:00', '0000-00-00 00:00:00', '', 'dr. TUTY MAHANANI UCD', 'participant', '', '3571'),
(596, 'G3Qx4xzS9LocKvlucrPo9FQAR-WpKjds', NULL, '$2y$13$5CKEtm54jLLLYXj0L4qBIe1kyjtYSWOmN1KSur3R63yajJxuyr4gW', NULL, '565@digimice.id', '10', '0000-00-00 00:00:00', '0000-00-00 00:00:00', '', 'dr. LIANAWATI', 'participant', '', '3571'),
(597, 'G3Qx4xzS9LocKvlucrPo9FQAR-WpKjds', NULL, '$2y$13$5CKEtm54jLLLYXj0L4qBIe1kyjtYSWOmN1KSur3R63yajJxuyr4gW', NULL, '566@digimice.id', '10', '0000-00-00 00:00:00', '0000-00-00 00:00:00', '', 'dr. A Nugroho PL,M.Kes', 'participant', '', '3506'),
(598, 'G3Qx4xzS9LocKvlucrPo9FQAR-WpKjds', NULL, '$2y$13$5CKEtm54jLLLYXj0L4qBIe1kyjtYSWOmN1KSur3R63yajJxuyr4gW', NULL, '567@digimice.id', '10', '0000-00-00 00:00:00', '0000-00-00 00:00:00', '', 'dr. Abdi Nurdiansyah', 'participant', '', '3506'),
(599, 'G3Qx4xzS9LocKvlucrPo9FQAR-WpKjds', NULL, '$2y$13$5CKEtm54jLLLYXj0L4qBIe1kyjtYSWOmN1KSur3R63yajJxuyr4gW', NULL, '568@digimice.id', '10', '0000-00-00 00:00:00', '0000-00-00 00:00:00', '', 'dr. A Afandi ', 'participant', '', '3506'),
(600, 'G3Qx4xzS9LocKvlucrPo9FQAR-WpKjds', NULL, '$2y$13$5CKEtm54jLLLYXj0L4qBIe1kyjtYSWOmN1KSur3R63yajJxuyr4gW', NULL, '569@digimice.id', '10', '0000-00-00 00:00:00', '0000-00-00 00:00:00', '', 'dr. Agus Sukisno ', 'participant', '', '3506'),
(601, 'G3Qx4xzS9LocKvlucrPo9FQAR-WpKjds', NULL, '$2y$13$5CKEtm54jLLLYXj0L4qBIe1kyjtYSWOmN1KSur3R63yajJxuyr4gW', NULL, '570@digimice.id', '10', '0000-00-00 00:00:00', '0000-00-00 00:00:00', '', 'dr. Arin Istiani ', 'participant', '', '3506'),
(602, 'G3Qx4xzS9LocKvlucrPo9FQAR-WpKjds', NULL, '$2y$13$5CKEtm54jLLLYXj0L4qBIe1kyjtYSWOmN1KSur3R63yajJxuyr4gW', NULL, '571@digimice.id', '10', '0000-00-00 00:00:00', '0000-00-00 00:00:00', '', 'dr. Arni Sufilianti', 'participant', '', '3506'),
(603, 'G3Qx4xzS9LocKvlucrPo9FQAR-WpKjds', NULL, '$2y$13$5CKEtm54jLLLYXj0L4qBIe1kyjtYSWOmN1KSur3R63yajJxuyr4gW', NULL, '572@digimice.id', '10', '0000-00-00 00:00:00', '0000-00-00 00:00:00', '', 'dr. Benny SY ', 'participant', '', '3506'),
(604, 'G3Qx4xzS9LocKvlucrPo9FQAR-WpKjds', NULL, '$2y$13$5CKEtm54jLLLYXj0L4qBIe1kyjtYSWOmN1KSur3R63yajJxuyr4gW', NULL, '573@digimice.id', '10', '0000-00-00 00:00:00', '0000-00-00 00:00:00', '', 'dr. Bintorowati ', 'participant', '', '3506'),
(605, 'G3Qx4xzS9LocKvlucrPo9FQAR-WpKjds', NULL, '$2y$13$5CKEtm54jLLLYXj0L4qBIe1kyjtYSWOmN1KSur3R63yajJxuyr4gW', NULL, '574@digimice.id', '10', '0000-00-00 00:00:00', '0000-00-00 00:00:00', '', 'dr. Chairina Rosari ', 'participant', '', '3506'),
(606, 'G3Qx4xzS9LocKvlucrPo9FQAR-WpKjds', NULL, '$2y$13$5CKEtm54jLLLYXj0L4qBIe1kyjtYSWOmN1KSur3R63yajJxuyr4gW', NULL, '575@digimice.id', '10', '0000-00-00 00:00:00', '0000-00-00 00:00:00', '', 'dr. Christine BC', 'participant', '', '3506'),
(607, 'G3Qx4xzS9LocKvlucrPo9FQAR-WpKjds', NULL, '$2y$13$5CKEtm54jLLLYXj0L4qBIe1kyjtYSWOmN1KSur3R63yajJxuyr4gW', NULL, '576@digimice.id', '10', '0000-00-00 00:00:00', '0000-00-00 00:00:00', '', 'dr.  Cyrilla Ratri ', 'participant', '', '3506'),
(608, 'G3Qx4xzS9LocKvlucrPo9FQAR-WpKjds', NULL, '$2y$13$5CKEtm54jLLLYXj0L4qBIe1kyjtYSWOmN1KSur3R63yajJxuyr4gW', NULL, '577@digimice.id', '10', '0000-00-00 00:00:00', '0000-00-00 00:00:00', '', 'dr. Dewi Agustina ', 'participant', '', '3506'),
(609, 'G3Qx4xzS9LocKvlucrPo9FQAR-WpKjds', NULL, '$2y$13$5CKEtm54jLLLYXj0L4qBIe1kyjtYSWOmN1KSur3R63yajJxuyr4gW', NULL, '578@digimice.id', '10', '0000-00-00 00:00:00', '0000-00-00 00:00:00', '', 'dr. Dewi Puspitorini ', 'participant', '', '3506'),
(610, 'G3Qx4xzS9LocKvlucrPo9FQAR-WpKjds', NULL, '$2y$13$5CKEtm54jLLLYXj0L4qBIe1kyjtYSWOmN1KSur3R63yajJxuyr4gW', NULL, '579@digimice.id', '10', '0000-00-00 00:00:00', '0000-00-00 00:00:00', '', 'dr. Dina Arieska ', 'participant', '', '3506'),
(611, 'G3Qx4xzS9LocKvlucrPo9FQAR-WpKjds', NULL, '$2y$13$5CKEtm54jLLLYXj0L4qBIe1kyjtYSWOmN1KSur3R63yajJxuyr4gW', NULL, '580@digimice.id', '10', '0000-00-00 00:00:00', '0000-00-00 00:00:00', '', 'dr. Edi Purwanto ', 'participant', '', '3506'),
(612, 'G3Qx4xzS9LocKvlucrPo9FQAR-WpKjds', NULL, '$2y$13$5CKEtm54jLLLYXj0L4qBIe1kyjtYSWOmN1KSur3R63yajJxuyr4gW', NULL, '581@digimice.id', '10', '0000-00-00 00:00:00', '0000-00-00 00:00:00', '', 'dr. Elok Rahmawati', 'participant', '', '3506'),
(613, 'G3Qx4xzS9LocKvlucrPo9FQAR-WpKjds', NULL, '$2y$13$5CKEtm54jLLLYXj0L4qBIe1kyjtYSWOmN1KSur3R63yajJxuyr4gW', NULL, '582@digimice.id', '10', '0000-00-00 00:00:00', '0000-00-00 00:00:00', '', 'dr. Endang Herowatiningsih ,MARS', 'participant', '', '3506'),
(614, 'G3Qx4xzS9LocKvlucrPo9FQAR-WpKjds', NULL, '$2y$13$5CKEtm54jLLLYXj0L4qBIe1kyjtYSWOmN1KSur3R63yajJxuyr4gW', NULL, '583@digimice.id', '10', '0000-00-00 00:00:00', '0000-00-00 00:00:00', '', 'dr. Ester Hana Matofani ', 'participant', '', '3506'),
(615, 'G3Qx4xzS9LocKvlucrPo9FQAR-WpKjds', NULL, '$2y$13$5CKEtm54jLLLYXj0L4qBIe1kyjtYSWOmN1KSur3R63yajJxuyr4gW', NULL, '584@digimice.id', '10', '0000-00-00 00:00:00', '0000-00-00 00:00:00', '', 'dr. G Ernawan Sukma Anggara', 'participant', '', '3506'),
(616, 'G3Qx4xzS9LocKvlucrPo9FQAR-WpKjds', NULL, '$2y$13$5CKEtm54jLLLYXj0L4qBIe1kyjtYSWOmN1KSur3R63yajJxuyr4gW', NULL, '585@digimice.id', '10', '0000-00-00 00:00:00', '0000-00-00 00:00:00', '', 'dr. GA Darmawan', 'participant', '', '3506'),
(617, 'G3Qx4xzS9LocKvlucrPo9FQAR-WpKjds', NULL, '$2y$13$5CKEtm54jLLLYXj0L4qBIe1kyjtYSWOmN1KSur3R63yajJxuyr4gW', NULL, '586@digimice.id', '10', '0000-00-00 00:00:00', '0000-00-00 00:00:00', '', 'dr. Hartono Ashari', 'participant', '', '3506'),
(618, 'G3Qx4xzS9LocKvlucrPo9FQAR-WpKjds', NULL, '$2y$13$5CKEtm54jLLLYXj0L4qBIe1kyjtYSWOmN1KSur3R63yajJxuyr4gW', NULL, '587@digimice.id', '10', '0000-00-00 00:00:00', '0000-00-00 00:00:00', '', 'dr. Hesti Arum Radita', 'participant', '', '3506'),
(619, 'G3Qx4xzS9LocKvlucrPo9FQAR-WpKjds', NULL, '$2y$13$5CKEtm54jLLLYXj0L4qBIe1kyjtYSWOmN1KSur3R63yajJxuyr4gW', NULL, '588@digimice.id', '10', '0000-00-00 00:00:00', '0000-00-00 00:00:00', '', 'dr. I Made Budaya ', 'participant', '', '3506'),
(620, 'G3Qx4xzS9LocKvlucrPo9FQAR-WpKjds', NULL, '$2y$13$5CKEtm54jLLLYXj0L4qBIe1kyjtYSWOmN1KSur3R63yajJxuyr4gW', NULL, '589@digimice.id', '10', '0000-00-00 00:00:00', '0000-00-00 00:00:00', '', 'dr. Ika Tjandra ', 'participant', '', '3506'),
(621, 'G3Qx4xzS9LocKvlucrPo9FQAR-WpKjds', NULL, '$2y$13$5CKEtm54jLLLYXj0L4qBIe1kyjtYSWOmN1KSur3R63yajJxuyr4gW', NULL, '590@digimice.id', '10', '0000-00-00 00:00:00', '0000-00-00 00:00:00', '', 'dr. Immanuel Listi ', 'participant', '', '3506'),
(622, 'G3Qx4xzS9LocKvlucrPo9FQAR-WpKjds', NULL, '$2y$13$5CKEtm54jLLLYXj0L4qBIe1kyjtYSWOmN1KSur3R63yajJxuyr4gW', NULL, '591@digimice.id', '10', '0000-00-00 00:00:00', '0000-00-00 00:00:00', '', 'dr. Imron Efendi', 'participant', '', '3506'),
(623, 'G3Qx4xzS9LocKvlucrPo9FQAR-WpKjds', NULL, '$2y$13$5CKEtm54jLLLYXj0L4qBIe1kyjtYSWOmN1KSur3R63yajJxuyr4gW', NULL, '592@digimice.id', '10', '0000-00-00 00:00:00', '0000-00-00 00:00:00', '', 'dr. Iradat Soerjono', 'participant', '', '3506'),
(624, 'G3Qx4xzS9LocKvlucrPo9FQAR-WpKjds', NULL, '$2y$13$5CKEtm54jLLLYXj0L4qBIe1kyjtYSWOmN1KSur3R63yajJxuyr4gW', NULL, '593@digimice.id', '10', '0000-00-00 00:00:00', '0000-00-00 00:00:00', '', 'dr. Irfan Rahmanto', 'participant', '', '3506'),
(625, 'G3Qx4xzS9LocKvlucrPo9FQAR-WpKjds', NULL, '$2y$13$5CKEtm54jLLLYXj0L4qBIe1kyjtYSWOmN1KSur3R63yajJxuyr4gW', NULL, '594@digimice.id', '10', '0000-00-00 00:00:00', '0000-00-00 00:00:00', '', 'dr. Joko Purwanto', 'participant', '', '3506'),
(626, 'G3Qx4xzS9LocKvlucrPo9FQAR-WpKjds', NULL, '$2y$13$5CKEtm54jLLLYXj0L4qBIe1kyjtYSWOmN1KSur3R63yajJxuyr4gW', NULL, '595@digimice.id', '10', '0000-00-00 00:00:00', '0000-00-00 00:00:00', '', 'dr. Jopie', 'participant', '', '3506'),
(627, 'G3Qx4xzS9LocKvlucrPo9FQAR-WpKjds', NULL, '$2y$13$5CKEtm54jLLLYXj0L4qBIe1kyjtYSWOmN1KSur3R63yajJxuyr4gW', NULL, '596@digimice.id', '10', '0000-00-00 00:00:00', '0000-00-00 00:00:00', '', 'dr. Limida Supriantini', 'participant', '', '3506'),
(628, 'G3Qx4xzS9LocKvlucrPo9FQAR-WpKjds', NULL, '$2y$13$5CKEtm54jLLLYXj0L4qBIe1kyjtYSWOmN1KSur3R63yajJxuyr4gW', NULL, '597@digimice.id', '10', '0000-00-00 00:00:00', '0000-00-00 00:00:00', '', 'dr. Linda Tjahjono', 'participant', '', '3506'),
(629, 'G3Qx4xzS9LocKvlucrPo9FQAR-WpKjds', NULL, '$2y$13$5CKEtm54jLLLYXj0L4qBIe1kyjtYSWOmN1KSur3R63yajJxuyr4gW', NULL, '598@digimice.id', '10', '0000-00-00 00:00:00', '0000-00-00 00:00:00', '', 'dr. Moh. Ali Mashar', 'participant', '', '3506'),
(630, 'G3Qx4xzS9LocKvlucrPo9FQAR-WpKjds', NULL, '$2y$13$5CKEtm54jLLLYXj0L4qBIe1kyjtYSWOmN1KSur3R63yajJxuyr4gW', NULL, '599@digimice.id', '10', '0000-00-00 00:00:00', '0000-00-00 00:00:00', '', 'dr. Nanang Muhibuddin, M.Kes', 'participant', '', '3506'),
(631, 'G3Qx4xzS9LocKvlucrPo9FQAR-WpKjds', NULL, '$2y$13$5CKEtm54jLLLYXj0L4qBIe1kyjtYSWOmN1KSur3R63yajJxuyr4gW', NULL, '600@digimice.id', '10', '0000-00-00 00:00:00', '0000-00-00 00:00:00', '', 'dr. Prijo Hoetomo ', 'participant', '', '3506'),
(632, 'G3Qx4xzS9LocKvlucrPo9FQAR-WpKjds', NULL, '$2y$13$5CKEtm54jLLLYXj0L4qBIe1kyjtYSWOmN1KSur3R63yajJxuyr4gW', NULL, '601@digimice.id', '10', '0000-00-00 00:00:00', '0000-00-00 00:00:00', '', 'dr. Rahmad Santosa', 'participant', '', '3506'),
(633, 'G3Qx4xzS9LocKvlucrPo9FQAR-WpKjds', NULL, '$2y$13$5CKEtm54jLLLYXj0L4qBIe1kyjtYSWOmN1KSur3R63yajJxuyr4gW', NULL, '602@digimice.id', '10', '0000-00-00 00:00:00', '0000-00-00 00:00:00', '', 'dr. Rhama Kurniawan', 'participant', '', '3506'),
(634, 'G3Qx4xzS9LocKvlucrPo9FQAR-WpKjds', NULL, '$2y$13$5CKEtm54jLLLYXj0L4qBIe1kyjtYSWOmN1KSur3R63yajJxuyr4gW', NULL, '603@digimice.id', '10', '0000-00-00 00:00:00', '0000-00-00 00:00:00', '', 'dr. Rindang Farihah Idana', 'participant', '', '3506'),
(635, 'G3Qx4xzS9LocKvlucrPo9FQAR-WpKjds', NULL, '$2y$13$5CKEtm54jLLLYXj0L4qBIe1kyjtYSWOmN1KSur3R63yajJxuyr4gW', NULL, '604@digimice.id', '10', '0000-00-00 00:00:00', '0000-00-00 00:00:00', '', 'dr. Samsul Hadi', 'participant', '', '3506'),
(636, 'G3Qx4xzS9LocKvlucrPo9FQAR-WpKjds', NULL, '$2y$13$5CKEtm54jLLLYXj0L4qBIe1kyjtYSWOmN1KSur3R63yajJxuyr4gW', NULL, '605@digimice.id', '10', '0000-00-00 00:00:00', '0000-00-00 00:00:00', '', 'dr. Santi Elida ', 'participant', '', '3506'),
(637, 'G3Qx4xzS9LocKvlucrPo9FQAR-WpKjds', NULL, '$2y$13$5CKEtm54jLLLYXj0L4qBIe1kyjtYSWOmN1KSur3R63yajJxuyr4gW', NULL, '606@digimice.id', '10', '0000-00-00 00:00:00', '0000-00-00 00:00:00', '', 'dr. Satifah Elfiansih', 'participant', '', '3506'),
(638, 'G3Qx4xzS9LocKvlucrPo9FQAR-WpKjds', NULL, '$2y$13$5CKEtm54jLLLYXj0L4qBIe1kyjtYSWOmN1KSur3R63yajJxuyr4gW', NULL, '607@digimice.id', '10', '0000-00-00 00:00:00', '0000-00-00 00:00:00', '', 'dr. Soenariadi', 'participant', '', '3506'),
(639, 'G3Qx4xzS9LocKvlucrPo9FQAR-WpKjds', NULL, '$2y$13$5CKEtm54jLLLYXj0L4qBIe1kyjtYSWOmN1KSur3R63yajJxuyr4gW', NULL, '608@digimice.id', '10', '0000-00-00 00:00:00', '0000-00-00 00:00:00', '', 'dr. Sri Arifah ', 'participant', '', '3506'),
(640, 'G3Qx4xzS9LocKvlucrPo9FQAR-WpKjds', NULL, '$2y$13$5CKEtm54jLLLYXj0L4qBIe1kyjtYSWOmN1KSur3R63yajJxuyr4gW', NULL, '609@digimice.id', '10', '0000-00-00 00:00:00', '0000-00-00 00:00:00', '', 'dr. Sri Mintasih', 'participant', '', '3506'),
(641, 'G3Qx4xzS9LocKvlucrPo9FQAR-WpKjds', NULL, '$2y$13$5CKEtm54jLLLYXj0L4qBIe1kyjtYSWOmN1KSur3R63yajJxuyr4gW', NULL, '610@digimice.id', '10', '0000-00-00 00:00:00', '0000-00-00 00:00:00', '', 'dr. Sri Muntamah ', 'participant', '', '3506'),
(642, 'G3Qx4xzS9LocKvlucrPo9FQAR-WpKjds', NULL, '$2y$13$5CKEtm54jLLLYXj0L4qBIe1kyjtYSWOmN1KSur3R63yajJxuyr4gW', NULL, '611@digimice.id', '10', '0000-00-00 00:00:00', '0000-00-00 00:00:00', '', 'dr. Sutrisno Widjaja ', 'participant', '', '3506'),
(643, 'G3Qx4xzS9LocKvlucrPo9FQAR-WpKjds', NULL, '$2y$13$5CKEtm54jLLLYXj0L4qBIe1kyjtYSWOmN1KSur3R63yajJxuyr4gW', NULL, '612@digimice.id', '10', '0000-00-00 00:00:00', '0000-00-00 00:00:00', '', 'dr. Vitis Arundina ', 'participant', '', '3506'),
(644, 'G3Qx4xzS9LocKvlucrPo9FQAR-WpKjds', NULL, '$2y$13$5CKEtm54jLLLYXj0L4qBIe1kyjtYSWOmN1KSur3R63yajJxuyr4gW', NULL, '613@digimice.id', '10', '0000-00-00 00:00:00', '0000-00-00 00:00:00', '', 'dr. Wahid', 'participant', '', '3506'),
(645, 'G3Qx4xzS9LocKvlucrPo9FQAR-WpKjds', NULL, '$2y$13$5CKEtm54jLLLYXj0L4qBIe1kyjtYSWOmN1KSur3R63yajJxuyr4gW', NULL, '614@digimice.id', '10', '0000-00-00 00:00:00', '0000-00-00 00:00:00', '', 'dr. Wiwin Sulastri ', 'participant', '', '3506'),
(646, 'G3Qx4xzS9LocKvlucrPo9FQAR-WpKjds', NULL, '$2y$13$5CKEtm54jLLLYXj0L4qBIe1kyjtYSWOmN1KSur3R63yajJxuyr4gW', NULL, '615@digimice.id', '10', '0000-00-00 00:00:00', '0000-00-00 00:00:00', '', 'dr. Wulung Sudarga', 'participant', '', '3506'),
(647, 'G3Qx4xzS9LocKvlucrPo9FQAR-WpKjds', NULL, '$2y$13$5CKEtm54jLLLYXj0L4qBIe1kyjtYSWOmN1KSur3R63yajJxuyr4gW', NULL, '616@digimice.id', '10', '0000-00-00 00:00:00', '0000-00-00 00:00:00', '', 'dr. Yaya Mulyana', 'participant', '', '3506'),
(648, 'G3Qx4xzS9LocKvlucrPo9FQAR-WpKjds', NULL, '$2y$13$5CKEtm54jLLLYXj0L4qBIe1kyjtYSWOmN1KSur3R63yajJxuyr4gW', NULL, '617@digimice.id', '10', '0000-00-00 00:00:00', '0000-00-00 00:00:00', '', 'dr. Yoyok Heru Prasetyo ', 'participant', '', '3506'),
(649, 'G3Qx4xzS9LocKvlucrPo9FQAR-WpKjds', NULL, '$2y$13$5CKEtm54jLLLYXj0L4qBIe1kyjtYSWOmN1KSur3R63yajJxuyr4gW', NULL, '618@digimice.id', '10', '0000-00-00 00:00:00', '0000-00-00 00:00:00', '', 'dr. DANIAR ', 'participant', '', '3526'),
(650, 'G3Qx4xzS9LocKvlucrPo9FQAR-WpKjds', NULL, '$2y$13$5CKEtm54jLLLYXj0L4qBIe1kyjtYSWOmN1KSur3R63yajJxuyr4gW', NULL, '619@digimice.id', '10', '0000-00-00 00:00:00', '0000-00-00 00:00:00', '', 'dr. RATNA AZIZAH ', 'participant', '', '3526'),
(651, 'G3Qx4xzS9LocKvlucrPo9FQAR-WpKjds', NULL, '$2y$13$5CKEtm54jLLLYXj0L4qBIe1kyjtYSWOmN1KSur3R63yajJxuyr4gW', NULL, '620@digimice.id', '10', '0000-00-00 00:00:00', '0000-00-00 00:00:00', '', 'dr. BETTY RULITA', 'participant', '', '3526'),
(652, 'G3Qx4xzS9LocKvlucrPo9FQAR-WpKjds', NULL, '$2y$13$5CKEtm54jLLLYXj0L4qBIe1kyjtYSWOmN1KSur3R63yajJxuyr4gW', NULL, '621@digimice.id', '10', '0000-00-00 00:00:00', '0000-00-00 00:00:00', '', 'dr. SITI NURLAILIYAH HASYMI', 'participant', '', '3526'),
(653, 'G3Qx4xzS9LocKvlucrPo9FQAR-WpKjds', NULL, '$2y$13$5CKEtm54jLLLYXj0L4qBIe1kyjtYSWOmN1KSur3R63yajJxuyr4gW', NULL, '622@digimice.id', '10', '0000-00-00 00:00:00', '0000-00-00 00:00:00', '', 'dr. RIA R', 'participant', '', '3526'),
(654, 'G3Qx4xzS9LocKvlucrPo9FQAR-WpKjds', NULL, '$2y$13$5CKEtm54jLLLYXj0L4qBIe1kyjtYSWOmN1KSur3R63yajJxuyr4gW', NULL, '623@digimice.id', '10', '0000-00-00 00:00:00', '0000-00-00 00:00:00', '', 'dr. INDARTO PRIJO W', 'participant', '', '3526'),
(655, 'G3Qx4xzS9LocKvlucrPo9FQAR-WpKjds', NULL, '$2y$13$5CKEtm54jLLLYXj0L4qBIe1kyjtYSWOmN1KSur3R63yajJxuyr4gW', NULL, '624@digimice.id', '10', '0000-00-00 00:00:00', '0000-00-00 00:00:00', '', 'dr. RIRIN', 'participant', '', '3526'),
(656, 'G3Qx4xzS9LocKvlucrPo9FQAR-WpKjds', NULL, '$2y$13$5CKEtm54jLLLYXj0L4qBIe1kyjtYSWOmN1KSur3R63yajJxuyr4gW', NULL, '625@digimice.id', '10', '0000-00-00 00:00:00', '0000-00-00 00:00:00', '', 'dr. INDRA', 'participant', '', '3526'),
(657, 'G3Qx4xzS9LocKvlucrPo9FQAR-WpKjds', NULL, '$2y$13$5CKEtm54jLLLYXj0L4qBIe1kyjtYSWOmN1KSur3R63yajJxuyr4gW', NULL, '626@digimice.id', '10', '0000-00-00 00:00:00', '0000-00-00 00:00:00', '', 'Dr LATIF', 'participant', '', '3526'),
(658, 'G3Qx4xzS9LocKvlucrPo9FQAR-WpKjds', NULL, '$2y$13$5CKEtm54jLLLYXj0L4qBIe1kyjtYSWOmN1KSur3R63yajJxuyr4gW', NULL, '627@digimice.id', '10', '0000-00-00 00:00:00', '0000-00-00 00:00:00', '', 'dr. RETNO', 'participant', '', '3526'),
(659, 'G3Qx4xzS9LocKvlucrPo9FQAR-WpKjds', NULL, '$2y$13$5CKEtm54jLLLYXj0L4qBIe1kyjtYSWOmN1KSur3R63yajJxuyr4gW', NULL, '628@digimice.id', '10', '0000-00-00 00:00:00', '0000-00-00 00:00:00', '', 'dr. ANITA O', 'participant', '', '3526'),
(660, 'G3Qx4xzS9LocKvlucrPo9FQAR-WpKjds', NULL, '$2y$13$5CKEtm54jLLLYXj0L4qBIe1kyjtYSWOmN1KSur3R63yajJxuyr4gW', NULL, '629@digimice.id', '10', '0000-00-00 00:00:00', '0000-00-00 00:00:00', '', 'dr. HERI', 'participant', '', '3526'),
(661, 'G3Qx4xzS9LocKvlucrPo9FQAR-WpKjds', NULL, '$2y$13$5CKEtm54jLLLYXj0L4qBIe1kyjtYSWOmN1KSur3R63yajJxuyr4gW', NULL, '630@digimice.id', '10', '0000-00-00 00:00:00', '0000-00-00 00:00:00', '', 'dr. DESI', 'participant', '', '3526'),
(662, 'G3Qx4xzS9LocKvlucrPo9FQAR-WpKjds', NULL, '$2y$13$5CKEtm54jLLLYXj0L4qBIe1kyjtYSWOmN1KSur3R63yajJxuyr4gW', NULL, '631@digimice.id', '10', '0000-00-00 00:00:00', '0000-00-00 00:00:00', '', 'dr. M. SHOLEH', 'participant', '', '3526'),
(663, 'G3Qx4xzS9LocKvlucrPo9FQAR-WpKjds', NULL, '$2y$13$5CKEtm54jLLLYXj0L4qBIe1kyjtYSWOmN1KSur3R63yajJxuyr4gW', NULL, '632@digimice.id', '10', '0000-00-00 00:00:00', '0000-00-00 00:00:00', '', 'dr. MOSLIHIN', 'participant', '', '3526'),
(664, 'G3Qx4xzS9LocKvlucrPo9FQAR-WpKjds', NULL, '$2y$13$5CKEtm54jLLLYXj0L4qBIe1kyjtYSWOmN1KSur3R63yajJxuyr4gW', NULL, '633@digimice.id', '10', '0000-00-00 00:00:00', '0000-00-00 00:00:00', '', 'dr. NUR IKA RUSTANIAH ', 'participant', '', '3526'),
(665, 'G3Qx4xzS9LocKvlucrPo9FQAR-WpKjds', NULL, '$2y$13$5CKEtm54jLLLYXj0L4qBIe1kyjtYSWOmN1KSur3R63yajJxuyr4gW', NULL, '634@digimice.id', '10', '0000-00-00 00:00:00', '0000-00-00 00:00:00', '', 'dr. DEVI K ', 'participant', '', '3526'),
(666, 'G3Qx4xzS9LocKvlucrPo9FQAR-WpKjds', NULL, '$2y$13$5CKEtm54jLLLYXj0L4qBIe1kyjtYSWOmN1KSur3R63yajJxuyr4gW', NULL, '635@digimice.id', '10', '0000-00-00 00:00:00', '0000-00-00 00:00:00', '', 'dr. NOERIL BAHARI ', 'participant', '', '3526'),
(667, 'G3Qx4xzS9LocKvlucrPo9FQAR-WpKjds', NULL, '$2y$13$5CKEtm54jLLLYXj0L4qBIe1kyjtYSWOmN1KSur3R63yajJxuyr4gW', NULL, '636@digimice.id', '10', '0000-00-00 00:00:00', '0000-00-00 00:00:00', '', 'dr. AHMAD AZIZ, MM,MH', 'participant', '', '3526'),
(668, 'G3Qx4xzS9LocKvlucrPo9FQAR-WpKjds', NULL, '$2y$13$5CKEtm54jLLLYXj0L4qBIe1kyjtYSWOmN1KSur3R63yajJxuyr4gW', NULL, '637@digimice.id', '10', '0000-00-00 00:00:00', '0000-00-00 00:00:00', '', 'dr. NURIL SUDIYATMA', 'participant', '', '3526'),
(669, 'G3Qx4xzS9LocKvlucrPo9FQAR-WpKjds', NULL, '$2y$13$5CKEtm54jLLLYXj0L4qBIe1kyjtYSWOmN1KSur3R63yajJxuyr4gW', NULL, '638@digimice.id', '10', '0000-00-00 00:00:00', '0000-00-00 00:00:00', '', 'dr. GITA MAYAPADA ELRIZA', 'participant', '', '3526'),
(670, 'G3Qx4xzS9LocKvlucrPo9FQAR-WpKjds', NULL, '$2y$13$5CKEtm54jLLLYXj0L4qBIe1kyjtYSWOmN1KSur3R63yajJxuyr4gW', NULL, '639@digimice.id', '10', '0000-00-00 00:00:00', '0000-00-00 00:00:00', '', 'dr. ANITA Z', 'participant', '', '3526'),
(671, 'G3Qx4xzS9LocKvlucrPo9FQAR-WpKjds', NULL, '$2y$13$5CKEtm54jLLLYXj0L4qBIe1kyjtYSWOmN1KSur3R63yajJxuyr4gW', NULL, '640@digimice.id', '10', '0000-00-00 00:00:00', '0000-00-00 00:00:00', '', 'dr. MIFTAHUL  KHOIRIYAH, M.Kes', 'participant', '', '3576'),
(672, 'G3Qx4xzS9LocKvlucrPo9FQAR-WpKjds', NULL, '$2y$13$5CKEtm54jLLLYXj0L4qBIe1kyjtYSWOmN1KSur3R63yajJxuyr4gW', NULL, '641@digimice.id', '10', '0000-00-00 00:00:00', '0000-00-00 00:00:00', '', 'dr. ANIFAH', 'participant', '', '3576'),
(673, 'G3Qx4xzS9LocKvlucrPo9FQAR-WpKjds', NULL, '$2y$13$5CKEtm54jLLLYXj0L4qBIe1kyjtYSWOmN1KSur3R63yajJxuyr4gW', NULL, '642@digimice.id', '10', '0000-00-00 00:00:00', '0000-00-00 00:00:00', '', 'dr. TITIN SUKMAWATI', 'participant', '', '3576'),
(674, 'G3Qx4xzS9LocKvlucrPo9FQAR-WpKjds', NULL, '$2y$13$5CKEtm54jLLLYXj0L4qBIe1kyjtYSWOmN1KSur3R63yajJxuyr4gW', NULL, '643@digimice.id', '10', '0000-00-00 00:00:00', '0000-00-00 00:00:00', '', 'dr. MOHAMMAD ALFIANTO WIBISONO', 'participant', '', '3576'),
(675, 'G3Qx4xzS9LocKvlucrPo9FQAR-WpKjds', NULL, '$2y$13$5CKEtm54jLLLYXj0L4qBIe1kyjtYSWOmN1KSur3R63yajJxuyr4gW', NULL, '644@digimice.id', '10', '0000-00-00 00:00:00', '0000-00-00 00:00:00', '', 'dr. EKO YUNITA', 'participant', '', '3576'),
(676, 'G3Qx4xzS9LocKvlucrPo9FQAR-WpKjds', NULL, '$2y$13$5CKEtm54jLLLYXj0L4qBIe1kyjtYSWOmN1KSur3R63yajJxuyr4gW', NULL, '645@digimice.id', '10', '0000-00-00 00:00:00', '0000-00-00 00:00:00', '', 'dr. LAILATUL HIKMAH', 'participant', '', '3576'),
(677, 'G3Qx4xzS9LocKvlucrPo9FQAR-WpKjds', NULL, '$2y$13$5CKEtm54jLLLYXj0L4qBIe1kyjtYSWOmN1KSur3R63yajJxuyr4gW', NULL, '646@digimice.id', '10', '0000-00-00 00:00:00', '0000-00-00 00:00:00', '', 'dr. SHOFIA KURNIAWANTI', 'participant', '', '3576'),
(678, 'G3Qx4xzS9LocKvlucrPo9FQAR-WpKjds', NULL, '$2y$13$5CKEtm54jLLLYXj0L4qBIe1kyjtYSWOmN1KSur3R63yajJxuyr4gW', NULL, '647@digimice.id', '10', '0000-00-00 00:00:00', '0000-00-00 00:00:00', '', 'dr. ANINGSIH', 'participant', '', '3576'),
(679, 'G3Qx4xzS9LocKvlucrPo9FQAR-WpKjds', NULL, '$2y$13$5CKEtm54jLLLYXj0L4qBIe1kyjtYSWOmN1KSur3R63yajJxuyr4gW', NULL, '648@digimice.id', '10', '0000-00-00 00:00:00', '0000-00-00 00:00:00', '', 'dr. YENI VUTY VERA', 'participant', '', '3576'),
(680, 'G3Qx4xzS9LocKvlucrPo9FQAR-WpKjds', NULL, '$2y$13$5CKEtm54jLLLYXj0L4qBIe1kyjtYSWOmN1KSur3R63yajJxuyr4gW', NULL, '649@digimice.id', '10', '0000-00-00 00:00:00', '0000-00-00 00:00:00', '', 'dr. IRMADIA VICI CONSTANTIA', 'participant', '', '3576'),
(681, 'G3Qx4xzS9LocKvlucrPo9FQAR-WpKjds', NULL, '$2y$13$5CKEtm54jLLLYXj0L4qBIe1kyjtYSWOmN1KSur3R63yajJxuyr4gW', NULL, '650@digimice.id', '10', '0000-00-00 00:00:00', '0000-00-00 00:00:00', '', 'dr. LANY DWI KURNIAWATI, M.Kes', 'participant', '', '3576'),
(682, 'G3Qx4xzS9LocKvlucrPo9FQAR-WpKjds', NULL, '$2y$13$5CKEtm54jLLLYXj0L4qBIe1kyjtYSWOmN1KSur3R63yajJxuyr4gW', NULL, '651@digimice.id', '10', '0000-00-00 00:00:00', '0000-00-00 00:00:00', '', 'dr. ROHMATUN NAJA ', 'participant', '', '3576'),
(683, 'G3Qx4xzS9LocKvlucrPo9FQAR-WpKjds', NULL, '$2y$13$5CKEtm54jLLLYXj0L4qBIe1kyjtYSWOmN1KSur3R63yajJxuyr4gW', NULL, '652@digimice.id', '10', '0000-00-00 00:00:00', '0000-00-00 00:00:00', '', 'dr. DIDIK JAMAADI', 'participant', '', '3518'),
(684, 'G3Qx4xzS9LocKvlucrPo9FQAR-WpKjds', NULL, '$2y$13$5CKEtm54jLLLYXj0L4qBIe1kyjtYSWOmN1KSur3R63yajJxuyr4gW', NULL, '653@digimice.id', '10', '0000-00-00 00:00:00', '0000-00-00 00:00:00', '', 'dr. CAHYANI IKAWONI PUTRI', 'participant', '', '3518'),
(685, 'G3Qx4xzS9LocKvlucrPo9FQAR-WpKjds', NULL, '$2y$13$5CKEtm54jLLLYXj0L4qBIe1kyjtYSWOmN1KSur3R63yajJxuyr4gW', NULL, '654@digimice.id', '10', '0000-00-00 00:00:00', '0000-00-00 00:00:00', '', 'dr. FADILLA FITRIANTI', 'participant', '', '3518'),
(686, 'G3Qx4xzS9LocKvlucrPo9FQAR-WpKjds', NULL, '$2y$13$5CKEtm54jLLLYXj0L4qBIe1kyjtYSWOmN1KSur3R63yajJxuyr4gW', NULL, '655@digimice.id', '10', '0000-00-00 00:00:00', '0000-00-00 00:00:00', '', 'dr. DYAN RATIH K', 'participant', '', '3518'),
(687, 'G3Qx4xzS9LocKvlucrPo9FQAR-WpKjds', NULL, '$2y$13$5CKEtm54jLLLYXj0L4qBIe1kyjtYSWOmN1KSur3R63yajJxuyr4gW', NULL, '656@digimice.id', '10', '0000-00-00 00:00:00', '0000-00-00 00:00:00', '', 'dr. DANIARSA SUTISNA', 'participant', '', '3518'),
(688, 'G3Qx4xzS9LocKvlucrPo9FQAR-WpKjds', NULL, '$2y$13$5CKEtm54jLLLYXj0L4qBIe1kyjtYSWOmN1KSur3R63yajJxuyr4gW', NULL, '657@digimice.id', '10', '0000-00-00 00:00:00', '0000-00-00 00:00:00', '', 'dr. BUDI SANTOSA', 'participant', '', '3518'),
(689, 'G3Qx4xzS9LocKvlucrPo9FQAR-WpKjds', NULL, '$2y$13$5CKEtm54jLLLYXj0L4qBIe1kyjtYSWOmN1KSur3R63yajJxuyr4gW', NULL, '658@digimice.id', '10', '0000-00-00 00:00:00', '0000-00-00 00:00:00', '', 'dr. BESTARI RATIH', 'participant', '', '3518'),
(690, 'G3Qx4xzS9LocKvlucrPo9FQAR-WpKjds', NULL, '$2y$13$5CKEtm54jLLLYXj0L4qBIe1kyjtYSWOmN1KSur3R63yajJxuyr4gW', NULL, '659@digimice.id', '10', '0000-00-00 00:00:00', '0000-00-00 00:00:00', '', 'dr. ACHMAD NOEROEL CHOLIS', 'participant', '', '3518'),
(691, 'G3Qx4xzS9LocKvlucrPo9FQAR-WpKjds', NULL, '$2y$13$5CKEtm54jLLLYXj0L4qBIe1kyjtYSWOmN1KSur3R63yajJxuyr4gW', NULL, '660@digimice.id', '10', '0000-00-00 00:00:00', '0000-00-00 00:00:00', '', 'dr. CORDILA ELMADHANI', 'participant', '', '3518'),
(692, 'G3Qx4xzS9LocKvlucrPo9FQAR-WpKjds', NULL, '$2y$13$5CKEtm54jLLLYXj0L4qBIe1kyjtYSWOmN1KSur3R63yajJxuyr4gW', NULL, '661@digimice.id', '10', '0000-00-00 00:00:00', '0000-00-00 00:00:00', '', 'dr. RITA TRISARININGRUM', 'participant', '', '3518'),
(693, 'G3Qx4xzS9LocKvlucrPo9FQAR-WpKjds', NULL, '$2y$13$5CKEtm54jLLLYXj0L4qBIe1kyjtYSWOmN1KSur3R63yajJxuyr4gW', NULL, '662@digimice.id', '10', '0000-00-00 00:00:00', '0000-00-00 00:00:00', '', 'dr. LAKSAMONO PRATIKNJO, M.Kes', 'participant', '', '3518'),
(694, 'G3Qx4xzS9LocKvlucrPo9FQAR-WpKjds', NULL, '$2y$13$5CKEtm54jLLLYXj0L4qBIe1kyjtYSWOmN1KSur3R63yajJxuyr4gW', NULL, '663@digimice.id', '10', '0000-00-00 00:00:00', '0000-00-00 00:00:00', '', 'dr. MOCHAMAD BURHANUDIN', 'participant', '', '3518'),
(695, 'G3Qx4xzS9LocKvlucrPo9FQAR-WpKjds', NULL, '$2y$13$5CKEtm54jLLLYXj0L4qBIe1kyjtYSWOmN1KSur3R63yajJxuyr4gW', NULL, '664@digimice.id', '10', '0000-00-00 00:00:00', '0000-00-00 00:00:00', '', 'dr. NUNING SETYO P', 'participant', '', '3518'),
(696, 'G3Qx4xzS9LocKvlucrPo9FQAR-WpKjds', NULL, '$2y$13$5CKEtm54jLLLYXj0L4qBIe1kyjtYSWOmN1KSur3R63yajJxuyr4gW', NULL, '665@digimice.id', '10', '0000-00-00 00:00:00', '0000-00-00 00:00:00', '', 'dr. YUSMAN EFFENDI', 'participant', '', '3518'),
(697, 'G3Qx4xzS9LocKvlucrPo9FQAR-WpKjds', NULL, '$2y$13$5CKEtm54jLLLYXj0L4qBIe1kyjtYSWOmN1KSur3R63yajJxuyr4gW', NULL, '666@digimice.id', '10', '0000-00-00 00:00:00', '0000-00-00 00:00:00', '', 'dr. ARIEF SUBYANTO', 'participant', '', '3518'),
(698, 'G3Qx4xzS9LocKvlucrPo9FQAR-WpKjds', NULL, '$2y$13$5CKEtm54jLLLYXj0L4qBIe1kyjtYSWOmN1KSur3R63yajJxuyr4gW', NULL, '667@digimice.id', '10', '0000-00-00 00:00:00', '0000-00-00 00:00:00', '', 'dr. GAMPANG SUGIHARTO', 'participant', '', '3518'),
(699, 'G3Qx4xzS9LocKvlucrPo9FQAR-WpKjds', NULL, '$2y$13$5CKEtm54jLLLYXj0L4qBIe1kyjtYSWOmN1KSur3R63yajJxuyr4gW', NULL, '668@digimice.id', '10', '0000-00-00 00:00:00', '0000-00-00 00:00:00', '', 'dr. LILIK ISHARIATI, MMRS', 'participant', '', '3518'),
(700, 'G3Qx4xzS9LocKvlucrPo9FQAR-WpKjds', NULL, '$2y$13$5CKEtm54jLLLYXj0L4qBIe1kyjtYSWOmN1KSur3R63yajJxuyr4gW', NULL, '669@digimice.id', '10', '0000-00-00 00:00:00', '0000-00-00 00:00:00', '', 'dr. ANA FARIDATUN NI\'AMAH   *', 'participant', '', '3518'),
(701, 'G3Qx4xzS9LocKvlucrPo9FQAR-WpKjds', NULL, '$2y$13$5CKEtm54jLLLYXj0L4qBIe1kyjtYSWOmN1KSur3R63yajJxuyr4gW', NULL, '670@digimice.id', '10', '0000-00-00 00:00:00', '0000-00-00 00:00:00', '', 'dr. PIETER SANTOSO', 'participant', '', '3571'),
(702, 'G3Qx4xzS9LocKvlucrPo9FQAR-WpKjds', NULL, '$2y$13$5CKEtm54jLLLYXj0L4qBIe1kyjtYSWOmN1KSur3R63yajJxuyr4gW', NULL, '671@digimice.id', '10', '0000-00-00 00:00:00', '0000-00-00 00:00:00', '', 'dr. HANY PUSPITA ARYANI', 'participant', '', '3571'),
(703, 'G3Qx4xzS9LocKvlucrPo9FQAR-WpKjds', NULL, '$2y$13$5CKEtm54jLLLYXj0L4qBIe1kyjtYSWOmN1KSur3R63yajJxuyr4gW', NULL, '672@digimice.id', '10', '0000-00-00 00:00:00', '0000-00-00 00:00:00', '', 'dr. DYAH AYU KARTIKA R', 'participant', '', '3571'),
(704, 'G3Qx4xzS9LocKvlucrPo9FQAR-WpKjds', NULL, '$2y$13$5CKEtm54jLLLYXj0L4qBIe1kyjtYSWOmN1KSur3R63yajJxuyr4gW', NULL, '673@digimice.id', '10', '0000-00-00 00:00:00', '0000-00-00 00:00:00', '', 'dr. RISKA RATWITA WIBAWA', 'participant', '', '3571'),
(705, 'G3Qx4xzS9LocKvlucrPo9FQAR-WpKjds', NULL, '$2y$13$5CKEtm54jLLLYXj0L4qBIe1kyjtYSWOmN1KSur3R63yajJxuyr4gW', NULL, '674@digimice.id', '10', '0000-00-00 00:00:00', '0000-00-00 00:00:00', '', 'dr. YOSSI SATRIA SETIAWAN', 'participant', '', '3571'),
(706, 'G3Qx4xzS9LocKvlucrPo9FQAR-WpKjds', NULL, '$2y$13$5CKEtm54jLLLYXj0L4qBIe1kyjtYSWOmN1KSur3R63yajJxuyr4gW', NULL, '675@digimice.id', '10', '0000-00-00 00:00:00', '0000-00-00 00:00:00', '', 'dr.YULI RATNA DEWI', 'participant', '', '3571'),
(707, 'G3Qx4xzS9LocKvlucrPo9FQAR-WpKjds', NULL, '$2y$13$5CKEtm54jLLLYXj0L4qBIe1kyjtYSWOmN1KSur3R63yajJxuyr4gW', NULL, '676@digimice.id', '10', '0000-00-00 00:00:00', '0000-00-00 00:00:00', '', 'dr. NOERLAILY EKA ARDYANTI', 'participant', '', '3571'),
(708, 'G3Qx4xzS9LocKvlucrPo9FQAR-WpKjds', NULL, '$2y$13$5CKEtm54jLLLYXj0L4qBIe1kyjtYSWOmN1KSur3R63yajJxuyr4gW', NULL, '677@digimice.id', '10', '0000-00-00 00:00:00', '0000-00-00 00:00:00', '', 'dr. I NENGAH GANGGA', 'participant', '', '3571'),
(709, 'G3Qx4xzS9LocKvlucrPo9FQAR-WpKjds', NULL, '$2y$13$5CKEtm54jLLLYXj0L4qBIe1kyjtYSWOmN1KSur3R63yajJxuyr4gW', NULL, '678@digimice.id', '10', '0000-00-00 00:00:00', '0000-00-00 00:00:00', '', 'dr. MARY ELIZABETH WM', 'participant', '', '3571'),
(710, 'G3Qx4xzS9LocKvlucrPo9FQAR-WpKjds', NULL, '$2y$13$5CKEtm54jLLLYXj0L4qBIe1kyjtYSWOmN1KSur3R63yajJxuyr4gW', NULL, '679@digimice.id', '10', '0000-00-00 00:00:00', '0000-00-00 00:00:00', '', 'dr. FATHIYAH RAHMAH', 'participant', '', '3571'),
(711, 'G3Qx4xzS9LocKvlucrPo9FQAR-WpKjds', NULL, '$2y$13$5CKEtm54jLLLYXj0L4qBIe1kyjtYSWOmN1KSur3R63yajJxuyr4gW', NULL, '680@digimice.id', '10', '0000-00-00 00:00:00', '0000-00-00 00:00:00', '', 'dr. PUNGKY SETYAWATI', 'participant', '', '3571'),
(712, 'G3Qx4xzS9LocKvlucrPo9FQAR-WpKjds', NULL, '$2y$13$5CKEtm54jLLLYXj0L4qBIe1kyjtYSWOmN1KSur3R63yajJxuyr4gW', NULL, '681@digimice.id', '10', '0000-00-00 00:00:00', '0000-00-00 00:00:00', '', 'dr. TRICA ISABELLA', 'participant', '', '3571'),
(713, 'G3Qx4xzS9LocKvlucrPo9FQAR-WpKjds', NULL, '$2y$13$5CKEtm54jLLLYXj0L4qBIe1kyjtYSWOmN1KSur3R63yajJxuyr4gW', NULL, '682@digimice.id', '10', '0000-00-00 00:00:00', '0000-00-00 00:00:00', '', 'dr. DILLA MINDIA M', 'participant', '', '3571'),
(714, 'G3Qx4xzS9LocKvlucrPo9FQAR-WpKjds', NULL, '$2y$13$5CKEtm54jLLLYXj0L4qBIe1kyjtYSWOmN1KSur3R63yajJxuyr4gW', NULL, '683@digimice.id', '10', '0000-00-00 00:00:00', '0000-00-00 00:00:00', '', 'dr. MAYA KUSUMAWATI', 'participant', '', '3571'),
(715, 'G3Qx4xzS9LocKvlucrPo9FQAR-WpKjds', NULL, '$2y$13$5CKEtm54jLLLYXj0L4qBIe1kyjtYSWOmN1KSur3R63yajJxuyr4gW', NULL, '684@digimice.id', '10', '0000-00-00 00:00:00', '0000-00-00 00:00:00', '', 'dr. NINA HERAWATI', 'participant', '', '3571'),
(716, 'G3Qx4xzS9LocKvlucrPo9FQAR-WpKjds', NULL, '$2y$13$5CKEtm54jLLLYXj0L4qBIe1kyjtYSWOmN1KSur3R63yajJxuyr4gW', NULL, '685@digimice.id', '10', '0000-00-00 00:00:00', '0000-00-00 00:00:00', '', 'dr. KURNIAWAN S', 'participant', '', '3571'),
(717, 'G3Qx4xzS9LocKvlucrPo9FQAR-WpKjds', NULL, '$2y$13$5CKEtm54jLLLYXj0L4qBIe1kyjtYSWOmN1KSur3R63yajJxuyr4gW', NULL, '686@digimice.id', '10', '0000-00-00 00:00:00', '0000-00-00 00:00:00', '', 'dr. SUKOYO', 'participant', '', '3571'),
(718, 'G3Qx4xzS9LocKvlucrPo9FQAR-WpKjds', NULL, '$2y$13$5CKEtm54jLLLYXj0L4qBIe1kyjtYSWOmN1KSur3R63yajJxuyr4gW', NULL, '687@digimice.id', '10', '0000-00-00 00:00:00', '0000-00-00 00:00:00', '', 'dr. BAMBANG DJATMIKO', 'participant', '', '3571'),
(719, 'G3Qx4xzS9LocKvlucrPo9FQAR-WpKjds', NULL, '$2y$13$5CKEtm54jLLLYXj0L4qBIe1kyjtYSWOmN1KSur3R63yajJxuyr4gW', NULL, '688@digimice.id', '10', '0000-00-00 00:00:00', '0000-00-00 00:00:00', '', 'dr. HARTATI TUNA', 'participant', '', '3571'),
(720, 'G3Qx4xzS9LocKvlucrPo9FQAR-WpKjds', NULL, '$2y$13$5CKEtm54jLLLYXj0L4qBIe1kyjtYSWOmN1KSur3R63yajJxuyr4gW', NULL, '689@digimice.id', '10', '0000-00-00 00:00:00', '0000-00-00 00:00:00', '', 'dr. ARIFATUR', 'participant', '', '3571'),
(721, 'G3Qx4xzS9LocKvlucrPo9FQAR-WpKjds', NULL, '$2y$13$5CKEtm54jLLLYXj0L4qBIe1kyjtYSWOmN1KSur3R63yajJxuyr4gW', NULL, '690@digimice.id', '10', '0000-00-00 00:00:00', '0000-00-00 00:00:00', '', 'dr. AGUS SULISTIAWAN', 'participant', '', '3571'),
(722, 'G3Qx4xzS9LocKvlucrPo9FQAR-WpKjds', NULL, '$2y$13$5CKEtm54jLLLYXj0L4qBIe1kyjtYSWOmN1KSur3R63yajJxuyr4gW', NULL, '691@digimice.id', '10', '0000-00-00 00:00:00', '0000-00-00 00:00:00', '', 'dr. GIGIH GUNAWAN', 'participant', '', '3571'),
(723, 'G3Qx4xzS9LocKvlucrPo9FQAR-WpKjds', NULL, '$2y$13$5CKEtm54jLLLYXj0L4qBIe1kyjtYSWOmN1KSur3R63yajJxuyr4gW', NULL, '692@digimice.id', '10', '0000-00-00 00:00:00', '0000-00-00 00:00:00', '', 'dr. ARMA ROOSTINA HELIANTIN', 'participant', '', '3575'),
(724, 'G3Qx4xzS9LocKvlucrPo9FQAR-WpKjds', NULL, '$2y$13$5CKEtm54jLLLYXj0L4qBIe1kyjtYSWOmN1KSur3R63yajJxuyr4gW', NULL, '693@digimice.id', '10', '0000-00-00 00:00:00', '0000-00-00 00:00:00', '', 'dr. ARMA ROOSALINA', 'participant', '', '3575'),
(725, 'G3Qx4xzS9LocKvlucrPo9FQAR-WpKjds', NULL, '$2y$13$5CKEtm54jLLLYXj0L4qBIe1kyjtYSWOmN1KSur3R63yajJxuyr4gW', NULL, '694@digimice.id', '10', '0000-00-00 00:00:00', '0000-00-00 00:00:00', '', 'dr. INKHUD MUAWANAH', 'participant', '', '3575'),
(726, 'G3Qx4xzS9LocKvlucrPo9FQAR-WpKjds', NULL, '$2y$13$5CKEtm54jLLLYXj0L4qBIe1kyjtYSWOmN1KSur3R63yajJxuyr4gW', NULL, '695@digimice.id', '10', '0000-00-00 00:00:00', '0000-00-00 00:00:00', '', 'dr. NADIA RIFA', 'participant', '', '3575'),
(727, 'G3Qx4xzS9LocKvlucrPo9FQAR-WpKjds', NULL, '$2y$13$5CKEtm54jLLLYXj0L4qBIe1kyjtYSWOmN1KSur3R63yajJxuyr4gW', NULL, '696@digimice.id', '10', '0000-00-00 00:00:00', '0000-00-00 00:00:00', '', 'dr. ENY FITRI YUNITA', 'participant', '', '3575'),
(728, 'G3Qx4xzS9LocKvlucrPo9FQAR-WpKjds', NULL, '$2y$13$5CKEtm54jLLLYXj0L4qBIe1kyjtYSWOmN1KSur3R63yajJxuyr4gW', NULL, '697@digimice.id', '10', '0000-00-00 00:00:00', '0000-00-00 00:00:00', '', 'dr. MOCH. NUR SULTAN', 'participant', '', '3575'),
(729, 'G3Qx4xzS9LocKvlucrPo9FQAR-WpKjds', NULL, '$2y$13$5CKEtm54jLLLYXj0L4qBIe1kyjtYSWOmN1KSur3R63yajJxuyr4gW', NULL, '698@digimice.id', '10', '0000-00-00 00:00:00', '0000-00-00 00:00:00', '', 'dr. NOVI WIRIA PRIDAYANTI', 'participant', '', '3575'),
(730, 'G3Qx4xzS9LocKvlucrPo9FQAR-WpKjds', NULL, '$2y$13$5CKEtm54jLLLYXj0L4qBIe1kyjtYSWOmN1KSur3R63yajJxuyr4gW', NULL, '699@digimice.id', '10', '0000-00-00 00:00:00', '0000-00-00 00:00:00', '', 'dr. NUR HASANAH', 'participant', '', '3575'),
(731, 'G3Qx4xzS9LocKvlucrPo9FQAR-WpKjds', NULL, '$2y$13$5CKEtm54jLLLYXj0L4qBIe1kyjtYSWOmN1KSur3R63yajJxuyr4gW', NULL, '700@digimice.id', '10', '0000-00-00 00:00:00', '0000-00-00 00:00:00', '', 'dr. LILIK IRAWATI', 'participant', '', '3575'),
(732, 'G3Qx4xzS9LocKvlucrPo9FQAR-WpKjds', NULL, '$2y$13$5CKEtm54jLLLYXj0L4qBIe1kyjtYSWOmN1KSur3R63yajJxuyr4gW', NULL, '701@digimice.id', '10', '0000-00-00 00:00:00', '0000-00-00 00:00:00', '', 'dr. IRMA HARIYATI', 'participant', '', '3575'),
(733, 'G3Qx4xzS9LocKvlucrPo9FQAR-WpKjds', NULL, '$2y$13$5CKEtm54jLLLYXj0L4qBIe1kyjtYSWOmN1KSur3R63yajJxuyr4gW', NULL, '702@digimice.id', '10', '0000-00-00 00:00:00', '0000-00-00 00:00:00', '', 'dr. NUR SETIOWATI', 'participant', '', '3575'),
(734, 'G3Qx4xzS9LocKvlucrPo9FQAR-WpKjds', NULL, '$2y$13$5CKEtm54jLLLYXj0L4qBIe1kyjtYSWOmN1KSur3R63yajJxuyr4gW', NULL, '703@digimice.id', '10', '0000-00-00 00:00:00', '0000-00-00 00:00:00', '', 'dr. Atik Anggraini', 'participant', '', '3523'),
(735, 'G3Qx4xzS9LocKvlucrPo9FQAR-WpKjds', NULL, '$2y$13$5CKEtm54jLLLYXj0L4qBIe1kyjtYSWOmN1KSur3R63yajJxuyr4gW', NULL, '704@digimice.id', '10', '0000-00-00 00:00:00', '0000-00-00 00:00:00', '', 'dr. Adi Mursito', 'participant', '', '3523'),
(736, 'G3Qx4xzS9LocKvlucrPo9FQAR-WpKjds', NULL, '$2y$13$5CKEtm54jLLLYXj0L4qBIe1kyjtYSWOmN1KSur3R63yajJxuyr4gW', NULL, '705@digimice.id', '10', '0000-00-00 00:00:00', '0000-00-00 00:00:00', '', 'dr. Atiek Supartiningsih', 'participant', '', '3523'),
(737, 'G3Qx4xzS9LocKvlucrPo9FQAR-WpKjds', NULL, '$2y$13$5CKEtm54jLLLYXj0L4qBIe1kyjtYSWOmN1KSur3R63yajJxuyr4gW', NULL, '706@digimice.id', '10', '0000-00-00 00:00:00', '0000-00-00 00:00:00', '', 'dr. Abdul Aziz', 'participant', '', '3523'),
(738, 'G3Qx4xzS9LocKvlucrPo9FQAR-WpKjds', NULL, '$2y$13$5CKEtm54jLLLYXj0L4qBIe1kyjtYSWOmN1KSur3R63yajJxuyr4gW', NULL, '707@digimice.id', '10', '0000-00-00 00:00:00', '0000-00-00 00:00:00', '', 'dr. Anin Mar\'atussholihah Elyavita', 'participant', '', '3523'),
(739, 'G3Qx4xzS9LocKvlucrPo9FQAR-WpKjds', NULL, '$2y$13$5CKEtm54jLLLYXj0L4qBIe1kyjtYSWOmN1KSur3R63yajJxuyr4gW', NULL, '708@digimice.id', '10', '0000-00-00 00:00:00', '0000-00-00 00:00:00', '', 'dr. Awalis Sholihah', 'participant', '', '3523'),
(740, 'G3Qx4xzS9LocKvlucrPo9FQAR-WpKjds', NULL, '$2y$13$5CKEtm54jLLLYXj0L4qBIe1kyjtYSWOmN1KSur3R63yajJxuyr4gW', NULL, '709@digimice.id', '10', '0000-00-00 00:00:00', '0000-00-00 00:00:00', '', 'dr. Boedi Winoto', 'participant', '', '3523'),
(741, 'G3Qx4xzS9LocKvlucrPo9FQAR-WpKjds', NULL, '$2y$13$5CKEtm54jLLLYXj0L4qBIe1kyjtYSWOmN1KSur3R63yajJxuyr4gW', NULL, '710@digimice.id', '10', '0000-00-00 00:00:00', '0000-00-00 00:00:00', '', 'dr. Bagus Prayogi', 'participant', '', '3523'),
(742, 'G3Qx4xzS9LocKvlucrPo9FQAR-WpKjds', NULL, '$2y$13$5CKEtm54jLLLYXj0L4qBIe1kyjtYSWOmN1KSur3R63yajJxuyr4gW', NULL, '711@digimice.id', '10', '0000-00-00 00:00:00', '0000-00-00 00:00:00', '', 'dr. Chusna Nabila', 'participant', '', '3523'),
(743, 'G3Qx4xzS9LocKvlucrPo9FQAR-WpKjds', NULL, '$2y$13$5CKEtm54jLLLYXj0L4qBIe1kyjtYSWOmN1KSur3R63yajJxuyr4gW', NULL, '712@digimice.id', '10', '0000-00-00 00:00:00', '0000-00-00 00:00:00', '', 'dr. Dian Ambarsari', 'participant', '', '3523'),
(744, 'G3Qx4xzS9LocKvlucrPo9FQAR-WpKjds', NULL, '$2y$13$5CKEtm54jLLLYXj0L4qBIe1kyjtYSWOmN1KSur3R63yajJxuyr4gW', NULL, '713@digimice.id', '10', '0000-00-00 00:00:00', '0000-00-00 00:00:00', '', 'dr. Dyas Trina Purnama Sari', 'participant', '', '3523'),
(745, 'G3Qx4xzS9LocKvlucrPo9FQAR-WpKjds', NULL, '$2y$13$5CKEtm54jLLLYXj0L4qBIe1kyjtYSWOmN1KSur3R63yajJxuyr4gW', NULL, '714@digimice.id', '10', '0000-00-00 00:00:00', '0000-00-00 00:00:00', '', 'dr. Erri kurniati', 'participant', '', '3523'),
(746, 'G3Qx4xzS9LocKvlucrPo9FQAR-WpKjds', NULL, '$2y$13$5CKEtm54jLLLYXj0L4qBIe1kyjtYSWOmN1KSur3R63yajJxuyr4gW', NULL, '715@digimice.id', '10', '0000-00-00 00:00:00', '0000-00-00 00:00:00', '', 'dr. Esti Widiyanto ', 'participant', '', '3523'),
(747, 'G3Qx4xzS9LocKvlucrPo9FQAR-WpKjds', NULL, '$2y$13$5CKEtm54jLLLYXj0L4qBIe1kyjtYSWOmN1KSur3R63yajJxuyr4gW', NULL, '716@digimice.id', '10', '0000-00-00 00:00:00', '0000-00-00 00:00:00', '', 'dr. Fatatul Anafah', 'participant', '', '3523'),
(748, 'G3Qx4xzS9LocKvlucrPo9FQAR-WpKjds', NULL, '$2y$13$5CKEtm54jLLLYXj0L4qBIe1kyjtYSWOmN1KSur3R63yajJxuyr4gW', NULL, '717@digimice.id', '10', '0000-00-00 00:00:00', '0000-00-00 00:00:00', '', 'dr. Imam Zarkasi', 'participant', '', '3523'),
(749, 'G3Qx4xzS9LocKvlucrPo9FQAR-WpKjds', NULL, '$2y$13$5CKEtm54jLLLYXj0L4qBIe1kyjtYSWOmN1KSur3R63yajJxuyr4gW', NULL, '718@digimice.id', '10', '0000-00-00 00:00:00', '0000-00-00 00:00:00', '', 'dr. Indria Yekti W', 'participant', '', '3523'),
(750, 'G3Qx4xzS9LocKvlucrPo9FQAR-WpKjds', NULL, '$2y$13$5CKEtm54jLLLYXj0L4qBIe1kyjtYSWOmN1KSur3R63yajJxuyr4gW', NULL, '719@digimice.id', '10', '0000-00-00 00:00:00', '0000-00-00 00:00:00', '', 'dr. Jamiah', 'participant', '', '3523'),
(751, 'G3Qx4xzS9LocKvlucrPo9FQAR-WpKjds', NULL, '$2y$13$5CKEtm54jLLLYXj0L4qBIe1kyjtYSWOmN1KSur3R63yajJxuyr4gW', NULL, '720@digimice.id', '10', '0000-00-00 00:00:00', '0000-00-00 00:00:00', '', 'dr. Koeno Wibowo', 'participant', '', '3523'),
(752, 'G3Qx4xzS9LocKvlucrPo9FQAR-WpKjds', NULL, '$2y$13$5CKEtm54jLLLYXj0L4qBIe1kyjtYSWOmN1KSur3R63yajJxuyr4gW', NULL, '721@digimice.id', '10', '0000-00-00 00:00:00', '0000-00-00 00:00:00', '', 'dr. Liliana Neni', 'participant', '', '3523'),
(753, 'G3Qx4xzS9LocKvlucrPo9FQAR-WpKjds', NULL, '$2y$13$5CKEtm54jLLLYXj0L4qBIe1kyjtYSWOmN1KSur3R63yajJxuyr4gW', NULL, '722@digimice.id', '10', '0000-00-00 00:00:00', '0000-00-00 00:00:00', '', 'dr. Mohammad Nadjib Abdullah', 'participant', '', '3523'),
(754, 'G3Qx4xzS9LocKvlucrPo9FQAR-WpKjds', NULL, '$2y$13$5CKEtm54jLLLYXj0L4qBIe1kyjtYSWOmN1KSur3R63yajJxuyr4gW', NULL, '723@digimice.id', '10', '0000-00-00 00:00:00', '0000-00-00 00:00:00', '', 'dr. Mohammad Iszak Kamarulloh ', 'participant', '', '3523'),
(755, 'G3Qx4xzS9LocKvlucrPo9FQAR-WpKjds', NULL, '$2y$13$5CKEtm54jLLLYXj0L4qBIe1kyjtYSWOmN1KSur3R63yajJxuyr4gW', NULL, '724@digimice.id', '10', '0000-00-00 00:00:00', '0000-00-00 00:00:00', '', 'dr. Miming Roichana', 'participant', '', '3523'),
(756, 'G3Qx4xzS9LocKvlucrPo9FQAR-WpKjds', NULL, '$2y$13$5CKEtm54jLLLYXj0L4qBIe1kyjtYSWOmN1KSur3R63yajJxuyr4gW', NULL, '725@digimice.id', '10', '0000-00-00 00:00:00', '0000-00-00 00:00:00', '', 'dr. Mia Puteri Rahayu', 'participant', '', '3523'),
(757, 'G3Qx4xzS9LocKvlucrPo9FQAR-WpKjds', NULL, '$2y$13$5CKEtm54jLLLYXj0L4qBIe1kyjtYSWOmN1KSur3R63yajJxuyr4gW', NULL, '726@digimice.id', '10', '0000-00-00 00:00:00', '0000-00-00 00:00:00', '', 'dr. Nadia Khilwiana', 'participant', '', '3523'),
(758, 'G3Qx4xzS9LocKvlucrPo9FQAR-WpKjds', NULL, '$2y$13$5CKEtm54jLLLYXj0L4qBIe1kyjtYSWOmN1KSur3R63yajJxuyr4gW', NULL, '727@digimice.id', '10', '0000-00-00 00:00:00', '0000-00-00 00:00:00', '', 'dr. Nani Zumaroh', 'participant', '', '3523'),
(759, 'G3Qx4xzS9LocKvlucrPo9FQAR-WpKjds', NULL, '$2y$13$5CKEtm54jLLLYXj0L4qBIe1kyjtYSWOmN1KSur3R63yajJxuyr4gW', NULL, '728@digimice.id', '10', '0000-00-00 00:00:00', '0000-00-00 00:00:00', '', 'dr. Nelli  Nur Indah Sari', 'participant', '', '3523'),
(760, 'G3Qx4xzS9LocKvlucrPo9FQAR-WpKjds', NULL, '$2y$13$5CKEtm54jLLLYXj0L4qBIe1kyjtYSWOmN1KSur3R63yajJxuyr4gW', NULL, '729@digimice.id', '10', '0000-00-00 00:00:00', '0000-00-00 00:00:00', '', 'dr. Noor Isti  Chawari', 'participant', '', '3523'),
(761, 'G3Qx4xzS9LocKvlucrPo9FQAR-WpKjds', NULL, '$2y$13$5CKEtm54jLLLYXj0L4qBIe1kyjtYSWOmN1KSur3R63yajJxuyr4gW', NULL, '730@digimice.id', '10', '0000-00-00 00:00:00', '0000-00-00 00:00:00', '', 'dr. Puanita Sari  santoso', 'participant', '', '3523'),
(762, 'G3Qx4xzS9LocKvlucrPo9FQAR-WpKjds', NULL, '$2y$13$5CKEtm54jLLLYXj0L4qBIe1kyjtYSWOmN1KSur3R63yajJxuyr4gW', NULL, '731@digimice.id', '10', '0000-00-00 00:00:00', '0000-00-00 00:00:00', '', 'dr. Pudya Tjahyono', 'participant', '', '3523'),
(763, 'G3Qx4xzS9LocKvlucrPo9FQAR-WpKjds', NULL, '$2y$13$5CKEtm54jLLLYXj0L4qBIe1kyjtYSWOmN1KSur3R63yajJxuyr4gW', NULL, '732@digimice.id', '10', '0000-00-00 00:00:00', '0000-00-00 00:00:00', '', 'dr. Ria Tri  Wahyuni', 'participant', '', '3523'),
(764, 'G3Qx4xzS9LocKvlucrPo9FQAR-WpKjds', NULL, '$2y$13$5CKEtm54jLLLYXj0L4qBIe1kyjtYSWOmN1KSur3R63yajJxuyr4gW', NULL, '733@digimice.id', '10', '0000-00-00 00:00:00', '0000-00-00 00:00:00', '', 'dr. Ricoh Citra Dewantara', 'participant', '', '3523'),
(765, 'G3Qx4xzS9LocKvlucrPo9FQAR-WpKjds', NULL, '$2y$13$5CKEtm54jLLLYXj0L4qBIe1kyjtYSWOmN1KSur3R63yajJxuyr4gW', NULL, '734@digimice.id', '10', '0000-00-00 00:00:00', '0000-00-00 00:00:00', '', 'dr. Risti Lutfi Adzannia', 'participant', '', '3523'),
(766, 'G3Qx4xzS9LocKvlucrPo9FQAR-WpKjds', NULL, '$2y$13$5CKEtm54jLLLYXj0L4qBIe1kyjtYSWOmN1KSur3R63yajJxuyr4gW', NULL, '735@digimice.id', '10', '0000-00-00 00:00:00', '0000-00-00 00:00:00', '', 'dr. Ritawaty Ginting', 'participant', '', '3523'),
(767, 'G3Qx4xzS9LocKvlucrPo9FQAR-WpKjds', NULL, '$2y$13$5CKEtm54jLLLYXj0L4qBIe1kyjtYSWOmN1KSur3R63yajJxuyr4gW', NULL, '736@digimice.id', '10', '0000-00-00 00:00:00', '0000-00-00 00:00:00', '', 'dr. Rr. Prasetyaningsih Yuniarti', 'participant', '', '3523'),
(768, 'G3Qx4xzS9LocKvlucrPo9FQAR-WpKjds', NULL, '$2y$13$5CKEtm54jLLLYXj0L4qBIe1kyjtYSWOmN1KSur3R63yajJxuyr4gW', NULL, '737@digimice.id', '10', '0000-00-00 00:00:00', '0000-00-00 00:00:00', '', 'dr. Rika Triyana', 'participant', '', '3523'),
(769, 'G3Qx4xzS9LocKvlucrPo9FQAR-WpKjds', NULL, '$2y$13$5CKEtm54jLLLYXj0L4qBIe1kyjtYSWOmN1KSur3R63yajJxuyr4gW', NULL, '738@digimice.id', '10', '0000-00-00 00:00:00', '0000-00-00 00:00:00', '', 'dr. Ratna Sari Utami', 'participant', '', '3523'),
(770, 'G3Qx4xzS9LocKvlucrPo9FQAR-WpKjds', NULL, '$2y$13$5CKEtm54jLLLYXj0L4qBIe1kyjtYSWOmN1KSur3R63yajJxuyr4gW', NULL, '739@digimice.id', '10', '0000-00-00 00:00:00', '0000-00-00 00:00:00', '', 'dr. Saiful Hadi', 'participant', '', '3523'),
(771, 'G3Qx4xzS9LocKvlucrPo9FQAR-WpKjds', NULL, '$2y$13$5CKEtm54jLLLYXj0L4qBIe1kyjtYSWOmN1KSur3R63yajJxuyr4gW', NULL, '740@digimice.id', '10', '0000-00-00 00:00:00', '0000-00-00 00:00:00', '', 'dr. Siti Nur Azizah', 'participant', '', '3523'),
(772, 'G3Qx4xzS9LocKvlucrPo9FQAR-WpKjds', NULL, '$2y$13$5CKEtm54jLLLYXj0L4qBIe1kyjtYSWOmN1KSur3R63yajJxuyr4gW', NULL, '741@digimice.id', '10', '0000-00-00 00:00:00', '0000-00-00 00:00:00', '', 'dr. Siti Indah Tawang Lestari Roh Nila', 'participant', '', '3523'),
(773, 'G3Qx4xzS9LocKvlucrPo9FQAR-WpKjds', NULL, '$2y$13$5CKEtm54jLLLYXj0L4qBIe1kyjtYSWOmN1KSur3R63yajJxuyr4gW', NULL, '742@digimice.id', '10', '0000-00-00 00:00:00', '0000-00-00 00:00:00', '', 'dr. Susilaningsih', 'participant', '', '3523'),
(774, 'G3Qx4xzS9LocKvlucrPo9FQAR-WpKjds', NULL, '$2y$13$5CKEtm54jLLLYXj0L4qBIe1kyjtYSWOmN1KSur3R63yajJxuyr4gW', NULL, '743@digimice.id', '10', '0000-00-00 00:00:00', '0000-00-00 00:00:00', '', 'dr. Syahrial Watansen', 'participant', '', '3523'),
(775, 'G3Qx4xzS9LocKvlucrPo9FQAR-WpKjds', NULL, '$2y$13$5CKEtm54jLLLYXj0L4qBIe1kyjtYSWOmN1KSur3R63yajJxuyr4gW', NULL, '744@digimice.id', '10', '0000-00-00 00:00:00', '0000-00-00 00:00:00', '', 'dr. Triani', 'participant', '', '3523'),
(776, 'G3Qx4xzS9LocKvlucrPo9FQAR-WpKjds', NULL, '$2y$13$5CKEtm54jLLLYXj0L4qBIe1kyjtYSWOmN1KSur3R63yajJxuyr4gW', NULL, '745@digimice.id', '10', '0000-00-00 00:00:00', '0000-00-00 00:00:00', '', 'dr. Tri  wahyuningrum', 'participant', '', '3523'),
(777, 'G3Qx4xzS9LocKvlucrPo9FQAR-WpKjds', NULL, '$2y$13$5CKEtm54jLLLYXj0L4qBIe1kyjtYSWOmN1KSur3R63yajJxuyr4gW', NULL, '746@digimice.id', '10', '0000-00-00 00:00:00', '0000-00-00 00:00:00', '', 'dr. Widya Kartika R.', 'participant', '', '3523'),
(778, 'G3Qx4xzS9LocKvlucrPo9FQAR-WpKjds', NULL, '$2y$13$5CKEtm54jLLLYXj0L4qBIe1kyjtYSWOmN1KSur3R63yajJxuyr4gW', NULL, '747@digimice.id', '10', '0000-00-00 00:00:00', '0000-00-00 00:00:00', '', 'dr. Yusnita Firdausi', 'participant', '', '3523'),
(779, 'G3Qx4xzS9LocKvlucrPo9FQAR-WpKjds', NULL, '$2y$13$5CKEtm54jLLLYXj0L4qBIe1kyjtYSWOmN1KSur3R63yajJxuyr4gW', NULL, '748@digimice.id', '10', '0000-00-00 00:00:00', '0000-00-00 00:00:00', '', 'dr. Yenie Surveyanti', 'participant', '', '3523'),
(780, 'G3Qx4xzS9LocKvlucrPo9FQAR-WpKjds', NULL, '$2y$13$5CKEtm54jLLLYXj0L4qBIe1kyjtYSWOmN1KSur3R63yajJxuyr4gW', NULL, '749@digimice.id', '10', '0000-00-00 00:00:00', '0000-00-00 00:00:00', '', 'dr. Yesa Budayawan', 'participant', '', '3523'),
(781, 'G3Qx4xzS9LocKvlucrPo9FQAR-WpKjds', NULL, '$2y$13$5CKEtm54jLLLYXj0L4qBIe1kyjtYSWOmN1KSur3R63yajJxuyr4gW', NULL, '750@digimice.id', '10', '0000-00-00 00:00:00', '0000-00-00 00:00:00', '', 'dr. Zainur Rofiq', 'participant', '', '3523');
INSERT INTO `user` (`id`, `auth_key`, `avatar`, `password_hash`, `password_reset_token`, `email`, `status`, `created_at`, `updated_at`, `verification_token`, `name`, `role`, `phone`, `regencies_id`) VALUES
(782, 'G3Qx4xzS9LocKvlucrPo9FQAR-WpKjds', NULL, '$2y$13$5CKEtm54jLLLYXj0L4qBIe1kyjtYSWOmN1KSur3R63yajJxuyr4gW', NULL, '751@digimice.id', '10', '0000-00-00 00:00:00', '0000-00-00 00:00:00', '', 'dr. NURHASANAH', 'participant', '', '3529'),
(783, 'G3Qx4xzS9LocKvlucrPo9FQAR-WpKjds', NULL, '$2y$13$5CKEtm54jLLLYXj0L4qBIe1kyjtYSWOmN1KSur3R63yajJxuyr4gW', NULL, '752@digimice.id', '10', '0000-00-00 00:00:00', '0000-00-00 00:00:00', '', 'dr. DARMAWAN EKO S', 'participant', '', '3529'),
(784, 'G3Qx4xzS9LocKvlucrPo9FQAR-WpKjds', NULL, '$2y$13$5CKEtm54jLLLYXj0L4qBIe1kyjtYSWOmN1KSur3R63yajJxuyr4gW', NULL, '753@digimice.id', '10', '0000-00-00 00:00:00', '0000-00-00 00:00:00', '', 'dr. MOH SALEH AS', 'participant', '', '3529'),
(785, 'G3Qx4xzS9LocKvlucrPo9FQAR-WpKjds', NULL, '$2y$13$5CKEtm54jLLLYXj0L4qBIe1kyjtYSWOmN1KSur3R63yajJxuyr4gW', NULL, '754@digimice.id', '10', '0000-00-00 00:00:00', '0000-00-00 00:00:00', '', 'dr. YENI WAHYU CRISTINA', 'participant', '', '3529'),
(786, 'G3Qx4xzS9LocKvlucrPo9FQAR-WpKjds', NULL, '$2y$13$5CKEtm54jLLLYXj0L4qBIe1kyjtYSWOmN1KSur3R63yajJxuyr4gW', NULL, '755@digimice.id', '10', '0000-00-00 00:00:00', '0000-00-00 00:00:00', '', 'dr.  IIN HUSNAINI DWI', 'participant', '', '3529'),
(787, 'G3Qx4xzS9LocKvlucrPo9FQAR-WpKjds', NULL, '$2y$13$5CKEtm54jLLLYXj0L4qBIe1kyjtYSWOmN1KSur3R63yajJxuyr4gW', NULL, '756@digimice.id', '10', '0000-00-00 00:00:00', '0000-00-00 00:00:00', '', 'dr. FITRIL AKBAR, M.Kes', 'participant', '', '3529'),
(788, 'G3Qx4xzS9LocKvlucrPo9FQAR-WpKjds', NULL, '$2y$13$5CKEtm54jLLLYXj0L4qBIe1kyjtYSWOmN1KSur3R63yajJxuyr4gW', NULL, '757@digimice.id', '10', '0000-00-00 00:00:00', '0000-00-00 00:00:00', '', 'dr. DZULKIFI MACHMUDZ, M.Si M.Kes', 'participant', '', '3529'),
(789, 'G3Qx4xzS9LocKvlucrPo9FQAR-WpKjds', NULL, '$2y$13$5CKEtm54jLLLYXj0L4qBIe1kyjtYSWOmN1KSur3R63yajJxuyr4gW', NULL, '758@digimice.id', '10', '0000-00-00 00:00:00', '0000-00-00 00:00:00', '', 'dr. FITA RABIANTI', 'participant', '', '3529'),
(790, 'G3Qx4xzS9LocKvlucrPo9FQAR-WpKjds', NULL, '$2y$13$5CKEtm54jLLLYXj0L4qBIe1kyjtYSWOmN1KSur3R63yajJxuyr4gW', NULL, '759@digimice.id', '10', '0000-00-00 00:00:00', '0000-00-00 00:00:00', '', 'dr. AMRIL HUDA', 'participant', '', '3529'),
(791, 'G3Qx4xzS9LocKvlucrPo9FQAR-WpKjds', NULL, '$2y$13$5CKEtm54jLLLYXj0L4qBIe1kyjtYSWOmN1KSur3R63yajJxuyr4gW', NULL, '760@digimice.id', '10', '0000-00-00 00:00:00', '0000-00-00 00:00:00', '', 'dr. RONALD ARDILES', 'participant', '', '3529'),
(792, 'G3Qx4xzS9LocKvlucrPo9FQAR-WpKjds', NULL, '$2y$13$5CKEtm54jLLLYXj0L4qBIe1kyjtYSWOmN1KSur3R63yajJxuyr4gW', NULL, '761@digimice.id', '10', '0000-00-00 00:00:00', '0000-00-00 00:00:00', '', 'dr. ERLIYATI, MKes', 'participant', '', '3529'),
(793, 'G3Qx4xzS9LocKvlucrPo9FQAR-WpKjds', NULL, '$2y$13$5CKEtm54jLLLYXj0L4qBIe1kyjtYSWOmN1KSur3R63yajJxuyr4gW', NULL, '762@digimice.id', '10', '0000-00-00 00:00:00', '0000-00-00 00:00:00', '', 'Dr. dr. INDAH WIDYANINGSIH, M.Kes', 'participant', '', '3515'),
(794, 'G3Qx4xzS9LocKvlucrPo9FQAR-WpKjds', NULL, '$2y$13$5CKEtm54jLLLYXj0L4qBIe1kyjtYSWOmN1KSur3R63yajJxuyr4gW', NULL, '763@digimice.id', '10', '0000-00-00 00:00:00', '0000-00-00 00:00:00', '', 'dr. SIE ERNAWATI, M.Kes', 'participant', '', '3515'),
(795, 'G3Qx4xzS9LocKvlucrPo9FQAR-WpKjds', NULL, '$2y$13$5CKEtm54jLLLYXj0L4qBIe1kyjtYSWOmN1KSur3R63yajJxuyr4gW', NULL, '764@digimice.id', '10', '0000-00-00 00:00:00', '0000-00-00 00:00:00', '', 'Dr. dr. HERNI SUPRAPTI, M.Kes', 'participant', '', '3515'),
(796, 'G3Qx4xzS9LocKvlucrPo9FQAR-WpKjds', NULL, '$2y$13$5CKEtm54jLLLYXj0L4qBIe1kyjtYSWOmN1KSur3R63yajJxuyr4gW', NULL, '765@digimice.id', '10', '0000-00-00 00:00:00', '0000-00-00 00:00:00', '', 'Dr. dr. BUDI SETIAWAN, M.Kes', 'participant', '', '3515'),
(797, 'G3Qx4xzS9LocKvlucrPo9FQAR-WpKjds', NULL, '$2y$13$5CKEtm54jLLLYXj0L4qBIe1kyjtYSWOmN1KSur3R63yajJxuyr4gW', NULL, '766@digimice.id', '10', '0000-00-00 00:00:00', '0000-00-00 00:00:00', '', 'dr. KRISTANTI DIANTI SUWANDI', 'participant', '', '3515'),
(798, 'G3Qx4xzS9LocKvlucrPo9FQAR-WpKjds', NULL, '$2y$13$5CKEtm54jLLLYXj0L4qBIe1kyjtYSWOmN1KSur3R63yajJxuyr4gW', NULL, '767@digimice.id', '10', '0000-00-00 00:00:00', '0000-00-00 00:00:00', '', 'dr. NASTITI IMANA INTANSARI', 'participant', '', '3515'),
(799, 'G3Qx4xzS9LocKvlucrPo9FQAR-WpKjds', NULL, '$2y$13$5CKEtm54jLLLYXj0L4qBIe1kyjtYSWOmN1KSur3R63yajJxuyr4gW', NULL, '768@digimice.id', '10', '0000-00-00 00:00:00', '0000-00-00 00:00:00', '', 'dr. MARIA JULIATI, M.Si', 'participant', '', '3515'),
(800, 'G3Qx4xzS9LocKvlucrPo9FQAR-WpKjds', NULL, '$2y$13$5CKEtm54jLLLYXj0L4qBIe1kyjtYSWOmN1KSur3R63yajJxuyr4gW', NULL, '769@digimice.id', '10', '0000-00-00 00:00:00', '0000-00-00 00:00:00', '', 'dr. PETRUS WIDYA PRANATA', 'participant', '', '3515'),
(801, 'G3Qx4xzS9LocKvlucrPo9FQAR-WpKjds', NULL, '$2y$13$5CKEtm54jLLLYXj0L4qBIe1kyjtYSWOmN1KSur3R63yajJxuyr4gW', NULL, '770@digimice.id', '10', '0000-00-00 00:00:00', '0000-00-00 00:00:00', '', 'dr. IRA IDAWATI, M.Ked', 'participant', '', '3515'),
(802, 'G3Qx4xzS9LocKvlucrPo9FQAR-WpKjds', NULL, '$2y$13$5CKEtm54jLLLYXj0L4qBIe1kyjtYSWOmN1KSur3R63yajJxuyr4gW', NULL, '771@digimice.id', '10', '0000-00-00 00:00:00', '0000-00-00 00:00:00', '', 'dr. NURMI SUHARYANTI', 'participant', '', '3515'),
(803, 'G3Qx4xzS9LocKvlucrPo9FQAR-WpKjds', NULL, '$2y$13$5CKEtm54jLLLYXj0L4qBIe1kyjtYSWOmN1KSur3R63yajJxuyr4gW', NULL, '772@digimice.id', '10', '0000-00-00 00:00:00', '0000-00-00 00:00:00', '', 'dr. MEGARATNI SANDHI, M.Biomed', 'participant', '', '3515'),
(804, 'G3Qx4xzS9LocKvlucrPo9FQAR-WpKjds', NULL, '$2y$13$5CKEtm54jLLLYXj0L4qBIe1kyjtYSWOmN1KSur3R63yajJxuyr4gW', NULL, '773@digimice.id', '10', '0000-00-00 00:00:00', '0000-00-00 00:00:00', '', 'dr. RUSDA SYAWIE', 'participant', '', '0'),
(805, 'G3Qx4xzS9LocKvlucrPo9FQAR-WpKjds', NULL, '$2y$13$5CKEtm54jLLLYXj0L4qBIe1kyjtYSWOmN1KSur3R63yajJxuyr4gW', NULL, '774@digimice.id', '10', '0000-00-00 00:00:00', '0000-00-00 00:00:00', '', 'dr. INDRA WIRA PRATAMA', 'participant', '', '3578'),
(806, 'G3Qx4xzS9LocKvlucrPo9FQAR-WpKjds', NULL, '$2y$13$5CKEtm54jLLLYXj0L4qBIe1kyjtYSWOmN1KSur3R63yajJxuyr4gW', NULL, '775@digimice.id', '10', '0000-00-00 00:00:00', '0000-00-00 00:00:00', '', 'dr. SHEILLA SHANTIKA S.S', 'participant', '', '3578'),
(807, 'G3Qx4xzS9LocKvlucrPo9FQAR-WpKjds', NULL, '$2y$13$5CKEtm54jLLLYXj0L4qBIe1kyjtYSWOmN1KSur3R63yajJxuyr4gW', NULL, '776@digimice.id', '10', '0000-00-00 00:00:00', '0000-00-00 00:00:00', '', 'dr. I MADE RAYO PUTRA INDRAWAN', 'participant', '', '3578'),
(808, 'G3Qx4xzS9LocKvlucrPo9FQAR-WpKjds', NULL, '$2y$13$5CKEtm54jLLLYXj0L4qBIe1kyjtYSWOmN1KSur3R63yajJxuyr4gW', NULL, '777@digimice.id', '10', '0000-00-00 00:00:00', '0000-00-00 00:00:00', '', 'dr. NANING DWI WIDYASTUTI', 'participant', '', '0'),
(809, 'G3Qx4xzS9LocKvlucrPo9FQAR-WpKjds', NULL, '$2y$13$5CKEtm54jLLLYXj0L4qBIe1kyjtYSWOmN1KSur3R63yajJxuyr4gW', NULL, '778@digimice.id', '10', '0000-00-00 00:00:00', '0000-00-00 00:00:00', '', 'dr. JILLY SELENA PRADIPTA', 'participant', '', '3578'),
(810, 'G3Qx4xzS9LocKvlucrPo9FQAR-WpKjds', NULL, '$2y$13$5CKEtm54jLLLYXj0L4qBIe1kyjtYSWOmN1KSur3R63yajJxuyr4gW', NULL, '779@digimice.id', '10', '0000-00-00 00:00:00', '0000-00-00 00:00:00', '', 'dr. NAILA SHOFWATI PUTRI', 'participant', '', '3516'),
(811, 'G3Qx4xzS9LocKvlucrPo9FQAR-WpKjds', NULL, '$2y$13$5CKEtm54jLLLYXj0L4qBIe1kyjtYSWOmN1KSur3R63yajJxuyr4gW', NULL, '780@digimice.id', '10', '0000-00-00 00:00:00', '0000-00-00 00:00:00', '', 'dr. ACHMAD FAISAL ARGANATA', 'participant', '', '3506'),
(812, 'G3Qx4xzS9LocKvlucrPo9FQAR-WpKjds', NULL, '$2y$13$5CKEtm54jLLLYXj0L4qBIe1kyjtYSWOmN1KSur3R63yajJxuyr4gW', NULL, '781@digimice.id', '10', '0000-00-00 00:00:00', '0000-00-00 00:00:00', '', 'dr. MARDHALITA FIRDAUS O', 'participant', '', '3578'),
(813, 'G3Qx4xzS9LocKvlucrPo9FQAR-WpKjds', NULL, '$2y$13$5CKEtm54jLLLYXj0L4qBIe1kyjtYSWOmN1KSur3R63yajJxuyr4gW', NULL, '782@digimice.id', '10', '0000-00-00 00:00:00', '0000-00-00 00:00:00', '', 'dr. YANUAR WISNU WARDANA', 'participant', '', '3518'),
(814, 'G3Qx4xzS9LocKvlucrPo9FQAR-WpKjds', NULL, '$2y$13$5CKEtm54jLLLYXj0L4qBIe1kyjtYSWOmN1KSur3R63yajJxuyr4gW', NULL, '783@digimice.id', '10', '0000-00-00 00:00:00', '0000-00-00 00:00:00', '', 'dr. ENDANG SILATUR ROMININGSIH', 'participant', '', '3516'),
(815, 'G3Qx4xzS9LocKvlucrPo9FQAR-WpKjds', NULL, '$2y$13$5CKEtm54jLLLYXj0L4qBIe1kyjtYSWOmN1KSur3R63yajJxuyr4gW', NULL, '784@digimice.id', '10', '0000-00-00 00:00:00', '0000-00-00 00:00:00', '', 'dr. NUR RAHMA WAKHIDIYAH', 'participant', '', '0'),
(816, 'G3Qx4xzS9LocKvlucrPo9FQAR-WpKjds', NULL, '$2y$13$5CKEtm54jLLLYXj0L4qBIe1kyjtYSWOmN1KSur3R63yajJxuyr4gW', NULL, '785@digimice.id', '10', '0000-00-00 00:00:00', '0000-00-00 00:00:00', '', 'dr. GRACE TANTI PUTRI', 'participant', '', '0'),
(817, 'G3Qx4xzS9LocKvlucrPo9FQAR-WpKjds', NULL, '$2y$13$5CKEtm54jLLLYXj0L4qBIe1kyjtYSWOmN1KSur3R63yajJxuyr4gW', NULL, '786@digimice.id', '10', '0000-00-00 00:00:00', '0000-00-00 00:00:00', '', 'dr. LIANA ELISA GUNAWAN', 'participant', '', '0'),
(818, 'G3Qx4xzS9LocKvlucrPo9FQAR-WpKjds', NULL, '$2y$13$5CKEtm54jLLLYXj0L4qBIe1kyjtYSWOmN1KSur3R63yajJxuyr4gW', NULL, '787@digimice.id', '10', '0000-00-00 00:00:00', '0000-00-00 00:00:00', '', 'dr. MELINDA GUNAWAN', 'participant', '', '0'),
(819, 'G3Qx4xzS9LocKvlucrPo9FQAR-WpKjds', NULL, '$2y$13$5CKEtm54jLLLYXj0L4qBIe1kyjtYSWOmN1KSur3R63yajJxuyr4gW', NULL, '788@digimice.id', '10', '0000-00-00 00:00:00', '0000-00-00 00:00:00', '', 'dr. LYDIA TRISNAWATI', 'participant', '', '0'),
(820, 'G3Qx4xzS9LocKvlucrPo9FQAR-WpKjds', NULL, '$2y$13$5CKEtm54jLLLYXj0L4qBIe1kyjtYSWOmN1KSur3R63yajJxuyr4gW', NULL, '789@digimice.id', '10', '0000-00-00 00:00:00', '0000-00-00 00:00:00', '', 'dr. DEWI SARTIKA ARIWANDA', 'participant', '', '0'),
(821, 'G3Qx4xzS9LocKvlucrPo9FQAR-WpKjds', NULL, '$2y$13$5CKEtm54jLLLYXj0L4qBIe1kyjtYSWOmN1KSur3R63yajJxuyr4gW', NULL, '790@digimice.id', '10', '0000-00-00 00:00:00', '0000-00-00 00:00:00', '', 'dr. OKKY PRASETYO', 'participant', '', '0'),
(822, 'G3Qx4xzS9LocKvlucrPo9FQAR-WpKjds', NULL, '$2y$13$5CKEtm54jLLLYXj0L4qBIe1kyjtYSWOmN1KSur3R63yajJxuyr4gW', NULL, '791@digimice.id', '10', '0000-00-00 00:00:00', '0000-00-00 00:00:00', '', 'dr. ELIZABETH SULASTRI NUGRAHENI', 'participant', '', '0'),
(823, 'G3Qx4xzS9LocKvlucrPo9FQAR-WpKjds', NULL, '$2y$13$5CKEtm54jLLLYXj0L4qBIe1kyjtYSWOmN1KSur3R63yajJxuyr4gW', NULL, '792@digimice.id', '10', '0000-00-00 00:00:00', '0000-00-00 00:00:00', '', 'dr. SUNGADI SANTOSO', 'participant', '', '0'),
(824, 'G3Qx4xzS9LocKvlucrPo9FQAR-WpKjds', NULL, '$2y$13$5CKEtm54jLLLYXj0L4qBIe1kyjtYSWOmN1KSur3R63yajJxuyr4gW', NULL, '793@digimice.id', '10', '0000-00-00 00:00:00', '0000-00-00 00:00:00', '', 'dr. ELIJUNAI LEWI SANTOSO', 'participant', '', '0'),
(825, 'G3Qx4xzS9LocKvlucrPo9FQAR-WpKjds', NULL, '$2y$13$5CKEtm54jLLLYXj0L4qBIe1kyjtYSWOmN1KSur3R63yajJxuyr4gW', NULL, '794@digimice.id', '10', '0000-00-00 00:00:00', '0000-00-00 00:00:00', '', 'dr. YONG HENNY YOWAN', 'participant', '', '0'),
(826, 'G3Qx4xzS9LocKvlucrPo9FQAR-WpKjds', NULL, '$2y$13$5CKEtm54jLLLYXj0L4qBIe1kyjtYSWOmN1KSur3R63yajJxuyr4gW', NULL, '795@digimice.id', '10', '0000-00-00 00:00:00', '0000-00-00 00:00:00', '', 'dr. ANNA LEWI SANTOSO, M.Si', 'participant', '', '0'),
(827, 'G3Qx4xzS9LocKvlucrPo9FQAR-WpKjds', NULL, '$2y$13$5CKEtm54jLLLYXj0L4qBIe1kyjtYSWOmN1KSur3R63yajJxuyr4gW', NULL, '796@digimice.id', '10', '0000-00-00 00:00:00', '0000-00-00 00:00:00', '', 'dr. LUVIANA', 'participant', '', '3525'),
(828, 'G3Qx4xzS9LocKvlucrPo9FQAR-WpKjds', NULL, '$2y$13$5CKEtm54jLLLYXj0L4qBIe1kyjtYSWOmN1KSur3R63yajJxuyr4gW', NULL, '797@digimice.id', '10', '0000-00-00 00:00:00', '0000-00-00 00:00:00', '', 'dr. RISYA WIDYASTUTI, M.Kes', 'participant', '', '3525'),
(829, 'G3Qx4xzS9LocKvlucrPo9FQAR-WpKjds', NULL, '$2y$13$5CKEtm54jLLLYXj0L4qBIe1kyjtYSWOmN1KSur3R63yajJxuyr4gW', NULL, '798@digimice.id', '10', '0000-00-00 00:00:00', '0000-00-00 00:00:00', '', 'dr. DERI YUNITA', 'participant', '', '3525'),
(830, 'G3Qx4xzS9LocKvlucrPo9FQAR-WpKjds', NULL, '$2y$13$5CKEtm54jLLLYXj0L4qBIe1kyjtYSWOmN1KSur3R63yajJxuyr4gW', NULL, '799@digimice.id', '10', '0000-00-00 00:00:00', '0000-00-00 00:00:00', '', 'dr. NANIEK TRI J', 'participant', '', '3525'),
(831, 'G3Qx4xzS9LocKvlucrPo9FQAR-WpKjds', NULL, '$2y$13$5CKEtm54jLLLYXj0L4qBIe1kyjtYSWOmN1KSur3R63yajJxuyr4gW', NULL, '800@digimice.id', '10', '0000-00-00 00:00:00', '0000-00-00 00:00:00', '', 'dr. ANUNG RIZKY PUTRI', 'participant', '', '3525'),
(832, 'G3Qx4xzS9LocKvlucrPo9FQAR-WpKjds', NULL, '$2y$13$5CKEtm54jLLLYXj0L4qBIe1kyjtYSWOmN1KSur3R63yajJxuyr4gW', NULL, '801@digimice.id', '10', '0000-00-00 00:00:00', '0000-00-00 00:00:00', '', 'dr. LUKITA HANGGRAENI', 'participant', '', '3525'),
(833, 'G3Qx4xzS9LocKvlucrPo9FQAR-WpKjds', NULL, '$2y$13$5CKEtm54jLLLYXj0L4qBIe1kyjtYSWOmN1KSur3R63yajJxuyr4gW', NULL, '802@digimice.id', '10', '0000-00-00 00:00:00', '0000-00-00 00:00:00', '', 'dr. KOES MAUREEN YOSHINAGA', 'participant', '', '3525'),
(834, 'G3Qx4xzS9LocKvlucrPo9FQAR-WpKjds', NULL, '$2y$13$5CKEtm54jLLLYXj0L4qBIe1kyjtYSWOmN1KSur3R63yajJxuyr4gW', NULL, '803@digimice.id', '10', '0000-00-00 00:00:00', '0000-00-00 00:00:00', '', 'dr. ARIEF S', 'participant', '', '3525'),
(835, 'G3Qx4xzS9LocKvlucrPo9FQAR-WpKjds', NULL, '$2y$13$5CKEtm54jLLLYXj0L4qBIe1kyjtYSWOmN1KSur3R63yajJxuyr4gW', NULL, '804@digimice.id', '10', '0000-00-00 00:00:00', '0000-00-00 00:00:00', '', 'dr. ADITYA P', 'participant', '', '3525'),
(836, 'G3Qx4xzS9LocKvlucrPo9FQAR-WpKjds', NULL, '$2y$13$5CKEtm54jLLLYXj0L4qBIe1kyjtYSWOmN1KSur3R63yajJxuyr4gW', NULL, '805@digimice.id', '10', '0000-00-00 00:00:00', '0000-00-00 00:00:00', '', 'dr. IRWAN', 'participant', '', '3525'),
(837, 'G3Qx4xzS9LocKvlucrPo9FQAR-WpKjds', NULL, '$2y$13$5CKEtm54jLLLYXj0L4qBIe1kyjtYSWOmN1KSur3R63yajJxuyr4gW', NULL, '806@digimice.id', '10', '0000-00-00 00:00:00', '0000-00-00 00:00:00', '', 'dr. RATNA S AMINI', 'participant', '', '3525'),
(838, 'G3Qx4xzS9LocKvlucrPo9FQAR-WpKjds', NULL, '$2y$13$5CKEtm54jLLLYXj0L4qBIe1kyjtYSWOmN1KSur3R63yajJxuyr4gW', NULL, '807@digimice.id', '10', '0000-00-00 00:00:00', '0000-00-00 00:00:00', '', 'dr. SHANDY WICAKSONO', 'participant', '', '3525'),
(839, 'G3Qx4xzS9LocKvlucrPo9FQAR-WpKjds', NULL, '$2y$13$5CKEtm54jLLLYXj0L4qBIe1kyjtYSWOmN1KSur3R63yajJxuyr4gW', NULL, '808@digimice.id', '10', '0000-00-00 00:00:00', '0000-00-00 00:00:00', '', 'dr. RISTIANTI NILAMSARI', 'participant', '', '3525'),
(840, 'G3Qx4xzS9LocKvlucrPo9FQAR-WpKjds', NULL, '$2y$13$5CKEtm54jLLLYXj0L4qBIe1kyjtYSWOmN1KSur3R63yajJxuyr4gW', NULL, '809@digimice.id', '10', '0000-00-00 00:00:00', '0000-00-00 00:00:00', '', 'dr. FARIDA YAN PRATIWI', 'participant', '', '3525'),
(841, 'G3Qx4xzS9LocKvlucrPo9FQAR-WpKjds', NULL, '$2y$13$5CKEtm54jLLLYXj0L4qBIe1kyjtYSWOmN1KSur3R63yajJxuyr4gW', NULL, '810@digimice.id', '10', '0000-00-00 00:00:00', '0000-00-00 00:00:00', '', 'dr. SYAFRIL ALFIAN AKBAR', 'participant', '', '3525'),
(842, 'G3Qx4xzS9LocKvlucrPo9FQAR-WpKjds', NULL, '$2y$13$5CKEtm54jLLLYXj0L4qBIe1kyjtYSWOmN1KSur3R63yajJxuyr4gW', NULL, '811@digimice.id', '10', '0000-00-00 00:00:00', '0000-00-00 00:00:00', '', 'dr. SEKARLIA', 'participant', '', '3525'),
(843, 'G3Qx4xzS9LocKvlucrPo9FQAR-WpKjds', NULL, '$2y$13$5CKEtm54jLLLYXj0L4qBIe1kyjtYSWOmN1KSur3R63yajJxuyr4gW', NULL, '812@digimice.id', '10', '0000-00-00 00:00:00', '0000-00-00 00:00:00', '', 'dr. ALFAN', 'participant', '', '3525'),
(844, 'G3Qx4xzS9LocKvlucrPo9FQAR-WpKjds', NULL, '$2y$13$5CKEtm54jLLLYXj0L4qBIe1kyjtYSWOmN1KSur3R63yajJxuyr4gW', NULL, '813@digimice.id', '10', '0000-00-00 00:00:00', '0000-00-00 00:00:00', '', 'dr. OKKY WAHYU FIRMANSYAH', 'participant', '', '3525'),
(845, 'G3Qx4xzS9LocKvlucrPo9FQAR-WpKjds', NULL, '$2y$13$5CKEtm54jLLLYXj0L4qBIe1kyjtYSWOmN1KSur3R63yajJxuyr4gW', NULL, '814@digimice.id', '10', '0000-00-00 00:00:00', '0000-00-00 00:00:00', '', 'dr. TASSYA FIRDAUSI', 'participant', '', '3525'),
(846, 'G3Qx4xzS9LocKvlucrPo9FQAR-WpKjds', NULL, '$2y$13$5CKEtm54jLLLYXj0L4qBIe1kyjtYSWOmN1KSur3R63yajJxuyr4gW', NULL, '815@digimice.id', '10', '0000-00-00 00:00:00', '0000-00-00 00:00:00', '', 'dr.  IRAWATI MARCELINA', 'participant', '', '3525'),
(847, 'G3Qx4xzS9LocKvlucrPo9FQAR-WpKjds', NULL, '$2y$13$5CKEtm54jLLLYXj0L4qBIe1kyjtYSWOmN1KSur3R63yajJxuyr4gW', NULL, '816@digimice.id', '10', '0000-00-00 00:00:00', '0000-00-00 00:00:00', '', 'dr. NUR ZAKIYAH IFFATI', 'participant', '', '3578'),
(848, 'G3Qx4xzS9LocKvlucrPo9FQAR-WpKjds', NULL, '$2y$13$5CKEtm54jLLLYXj0L4qBIe1kyjtYSWOmN1KSur3R63yajJxuyr4gW', NULL, '817@digimice.id', '10', '0000-00-00 00:00:00', '0000-00-00 00:00:00', '', 'dr.YUSTIKA DIAN PRIMASARI', 'participant', '', '3578'),
(849, 'G3Qx4xzS9LocKvlucrPo9FQAR-WpKjds', NULL, '$2y$13$5CKEtm54jLLLYXj0L4qBIe1kyjtYSWOmN1KSur3R63yajJxuyr4gW', NULL, '818@digimice.id', '10', '0000-00-00 00:00:00', '0000-00-00 00:00:00', '', 'dr. JONI SURYA', 'participant', '', '3578'),
(850, 'G3Qx4xzS9LocKvlucrPo9FQAR-WpKjds', NULL, '$2y$13$5CKEtm54jLLLYXj0L4qBIe1kyjtYSWOmN1KSur3R63yajJxuyr4gW', NULL, '819@digimice.id', '10', '0000-00-00 00:00:00', '0000-00-00 00:00:00', '', 'dr. MEITA PURNA YAPATI PUTERI', 'participant', '', '3578'),
(851, 'G3Qx4xzS9LocKvlucrPo9FQAR-WpKjds', NULL, '$2y$13$5CKEtm54jLLLYXj0L4qBIe1kyjtYSWOmN1KSur3R63yajJxuyr4gW', NULL, '820@digimice.id', '10', '0000-00-00 00:00:00', '0000-00-00 00:00:00', '', 'dr. NUR KHUDAIFAH', 'participant', '', '3578'),
(852, 'G3Qx4xzS9LocKvlucrPo9FQAR-WpKjds', NULL, '$2y$13$5CKEtm54jLLLYXj0L4qBIe1kyjtYSWOmN1KSur3R63yajJxuyr4gW', NULL, '821@digimice.id', '10', '0000-00-00 00:00:00', '0000-00-00 00:00:00', '', 'dr. ERIK SEBASTIAN', 'participant', '', '3578'),
(853, 'G3Qx4xzS9LocKvlucrPo9FQAR-WpKjds', NULL, '$2y$13$5CKEtm54jLLLYXj0L4qBIe1kyjtYSWOmN1KSur3R63yajJxuyr4gW', NULL, '822@digimice.id', '10', '0000-00-00 00:00:00', '0000-00-00 00:00:00', '', 'dr. YANUTA TRIANA SANTI', 'participant', '', '3578'),
(854, 'G3Qx4xzS9LocKvlucrPo9FQAR-WpKjds', NULL, '$2y$13$5CKEtm54jLLLYXj0L4qBIe1kyjtYSWOmN1KSur3R63yajJxuyr4gW', NULL, '823@digimice.id', '10', '0000-00-00 00:00:00', '0000-00-00 00:00:00', '', 'dr. FAJAR PRIBADI', 'participant', '', '3578'),
(855, 'G3Qx4xzS9LocKvlucrPo9FQAR-WpKjds', NULL, '$2y$13$5CKEtm54jLLLYXj0L4qBIe1kyjtYSWOmN1KSur3R63yajJxuyr4gW', NULL, '824@digimice.id', '10', '0000-00-00 00:00:00', '0000-00-00 00:00:00', '', 'dr. WIWID MAYASARI', 'participant', '', '3578'),
(856, 'G3Qx4xzS9LocKvlucrPo9FQAR-WpKjds', NULL, '$2y$13$5CKEtm54jLLLYXj0L4qBIe1kyjtYSWOmN1KSur3R63yajJxuyr4gW', NULL, '825@digimice.id', '10', '0000-00-00 00:00:00', '0000-00-00 00:00:00', '', 'dr. NUR RAHMI TRI W', 'participant', '', '3578'),
(857, 'G3Qx4xzS9LocKvlucrPo9FQAR-WpKjds', NULL, '$2y$13$5CKEtm54jLLLYXj0L4qBIe1kyjtYSWOmN1KSur3R63yajJxuyr4gW', NULL, '826@digimice.id', '10', '0000-00-00 00:00:00', '0000-00-00 00:00:00', '', 'dr. ANI LATIFAH', 'participant', '', '3575'),
(858, 'G3Qx4xzS9LocKvlucrPo9FQAR-WpKjds', NULL, '$2y$13$5CKEtm54jLLLYXj0L4qBIe1kyjtYSWOmN1KSur3R63yajJxuyr4gW', NULL, '827@digimice.id', '10', '0000-00-00 00:00:00', '0000-00-00 00:00:00', '', 'dr. SRI MARTARIANI', 'participant', '', '3575'),
(859, 'G3Qx4xzS9LocKvlucrPo9FQAR-WpKjds', NULL, '$2y$13$5CKEtm54jLLLYXj0L4qBIe1kyjtYSWOmN1KSur3R63yajJxuyr4gW', NULL, '828@digimice.id', '10', '0000-00-00 00:00:00', '0000-00-00 00:00:00', '', 'dr. TRI DINAR HERTURINI', 'participant', '', '3575'),
(860, 'G3Qx4xzS9LocKvlucrPo9FQAR-WpKjds', NULL, '$2y$13$5CKEtm54jLLLYXj0L4qBIe1kyjtYSWOmN1KSur3R63yajJxuyr4gW', NULL, '829@digimice.id', '10', '0000-00-00 00:00:00', '0000-00-00 00:00:00', '', 'dr. M. SHOUNI SHOLAHUDDIN', 'participant', '', '3575'),
(861, 'G3Qx4xzS9LocKvlucrPo9FQAR-WpKjds', NULL, '$2y$13$5CKEtm54jLLLYXj0L4qBIe1kyjtYSWOmN1KSur3R63yajJxuyr4gW', NULL, '830@digimice.id', '10', '0000-00-00 00:00:00', '0000-00-00 00:00:00', '', 'Dr. dr. NI WAYAN MEGA, M.Kes', 'participant', '', '3575'),
(862, 'G3Qx4xzS9LocKvlucrPo9FQAR-WpKjds', NULL, '$2y$13$5CKEtm54jLLLYXj0L4qBIe1kyjtYSWOmN1KSur3R63yajJxuyr4gW', NULL, '831@digimice.id', '10', '0000-00-00 00:00:00', '0000-00-00 00:00:00', '', 'dr.  EVA SUSANTI', 'participant', '', '3575'),
(863, 'G3Qx4xzS9LocKvlucrPo9FQAR-WpKjds', NULL, '$2y$13$5CKEtm54jLLLYXj0L4qBIe1kyjtYSWOmN1KSur3R63yajJxuyr4gW', NULL, '832@digimice.id', '10', '0000-00-00 00:00:00', '0000-00-00 00:00:00', '', 'dr. DWI ROMI KARUNIANTO', 'participant', '', '3575'),
(864, 'G3Qx4xzS9LocKvlucrPo9FQAR-WpKjds', NULL, '$2y$13$5CKEtm54jLLLYXj0L4qBIe1kyjtYSWOmN1KSur3R63yajJxuyr4gW', NULL, '833@digimice.id', '10', '0000-00-00 00:00:00', '0000-00-00 00:00:00', '', 'dr. RISKA VERDIANA SUWARSO', 'participant', '', '3575'),
(865, 'G3Qx4xzS9LocKvlucrPo9FQAR-WpKjds', NULL, '$2y$13$5CKEtm54jLLLYXj0L4qBIe1kyjtYSWOmN1KSur3R63yajJxuyr4gW', NULL, '834@digimice.id', '10', '0000-00-00 00:00:00', '0000-00-00 00:00:00', '', 'dr. NOER IZZA KUSUMAWARDANI', 'participant', '', '3575'),
(866, 'G3Qx4xzS9LocKvlucrPo9FQAR-WpKjds', NULL, '$2y$13$5CKEtm54jLLLYXj0L4qBIe1kyjtYSWOmN1KSur3R63yajJxuyr4gW', NULL, '835@digimice.id', '10', '0000-00-00 00:00:00', '0000-00-00 00:00:00', '', 'dr. ADENDRA SUROHADI', 'participant', '', '3575'),
(867, 'G3Qx4xzS9LocKvlucrPo9FQAR-WpKjds', NULL, '$2y$13$5CKEtm54jLLLYXj0L4qBIe1kyjtYSWOmN1KSur3R63yajJxuyr4gW', NULL, '836@digimice.id', '10', '0000-00-00 00:00:00', '0000-00-00 00:00:00', '', 'dr. RIZNA NUGRAHANI', 'participant', '', '3575'),
(868, 'G3Qx4xzS9LocKvlucrPo9FQAR-WpKjds', NULL, '$2y$13$5CKEtm54jLLLYXj0L4qBIe1kyjtYSWOmN1KSur3R63yajJxuyr4gW', NULL, '837@digimice.id', '10', '0000-00-00 00:00:00', '0000-00-00 00:00:00', '', 'dr. WIRA DARAMATASIA, M.Biomed', 'participant', '', '3575'),
(869, 'G3Qx4xzS9LocKvlucrPo9FQAR-WpKjds', NULL, '$2y$13$5CKEtm54jLLLYXj0L4qBIe1kyjtYSWOmN1KSur3R63yajJxuyr4gW', NULL, '838@digimice.id', '10', '0000-00-00 00:00:00', '0000-00-00 00:00:00', '', 'dr. SUGIONO ADI', 'participant', '', '3575'),
(870, 'G3Qx4xzS9LocKvlucrPo9FQAR-WpKjds', NULL, '$2y$13$5CKEtm54jLLLYXj0L4qBIe1kyjtYSWOmN1KSur3R63yajJxuyr4gW', NULL, '839@digimice.id', '10', '0000-00-00 00:00:00', '0000-00-00 00:00:00', '', 'dr. ARDIANI VICA DWIASTUTI', 'participant', '', '3578'),
(871, 'G3Qx4xzS9LocKvlucrPo9FQAR-WpKjds', NULL, '$2y$13$5CKEtm54jLLLYXj0L4qBIe1kyjtYSWOmN1KSur3R63yajJxuyr4gW', NULL, '840@digimice.id', '10', '0000-00-00 00:00:00', '0000-00-00 00:00:00', '', 'dr. ANING DYAH WIJAYANTI', 'participant', '', '3578'),
(872, 'G3Qx4xzS9LocKvlucrPo9FQAR-WpKjds', NULL, '$2y$13$5CKEtm54jLLLYXj0L4qBIe1kyjtYSWOmN1KSur3R63yajJxuyr4gW', NULL, '841@digimice.id', '10', '0000-00-00 00:00:00', '0000-00-00 00:00:00', '', 'dr. FEBY ELLENA PUTRI', 'participant', '', '3578'),
(873, 'G3Qx4xzS9LocKvlucrPo9FQAR-WpKjds', NULL, '$2y$13$5CKEtm54jLLLYXj0L4qBIe1kyjtYSWOmN1KSur3R63yajJxuyr4gW', NULL, '842@digimice.id', '10', '0000-00-00 00:00:00', '0000-00-00 00:00:00', '', 'dr. RACHMI PRATIWI FEBRITA PARTI', 'participant', '', '3578'),
(874, 'G3Qx4xzS9LocKvlucrPo9FQAR-WpKjds', NULL, '$2y$13$5CKEtm54jLLLYXj0L4qBIe1kyjtYSWOmN1KSur3R63yajJxuyr4gW', NULL, '843@digimice.id', '10', '0000-00-00 00:00:00', '0000-00-00 00:00:00', '', 'dr. RIZKA FEBRIANTI', 'participant', '', '3515'),
(875, 'G3Qx4xzS9LocKvlucrPo9FQAR-WpKjds', NULL, '$2y$13$5CKEtm54jLLLYXj0L4qBIe1kyjtYSWOmN1KSur3R63yajJxuyr4gW', NULL, '844@digimice.id', '10', '0000-00-00 00:00:00', '0000-00-00 00:00:00', '', 'dr. TIENNE SOELEMAN CM', 'participant', '', '3578'),
(876, 'G3Qx4xzS9LocKvlucrPo9FQAR-WpKjds', NULL, '$2y$13$5CKEtm54jLLLYXj0L4qBIe1kyjtYSWOmN1KSur3R63yajJxuyr4gW', NULL, '845@digimice.id', '10', '0000-00-00 00:00:00', '0000-00-00 00:00:00', '', 'dr. NUR JAMILAH', 'participant', '', '3578'),
(877, 'G3Qx4xzS9LocKvlucrPo9FQAR-WpKjds', NULL, '$2y$13$5CKEtm54jLLLYXj0L4qBIe1kyjtYSWOmN1KSur3R63yajJxuyr4gW', NULL, '846@digimice.id', '10', '0000-00-00 00:00:00', '0000-00-00 00:00:00', '', 'dr. WAHYU WIDIASTUTI', 'participant', '', '3578'),
(878, 'G3Qx4xzS9LocKvlucrPo9FQAR-WpKjds', NULL, '$2y$13$5CKEtm54jLLLYXj0L4qBIe1kyjtYSWOmN1KSur3R63yajJxuyr4gW', NULL, '847@digimice.id', '10', '0000-00-00 00:00:00', '0000-00-00 00:00:00', '', 'dr. YAYUK FAUZIYAH', 'participant', '', '3528'),
(879, 'G3Qx4xzS9LocKvlucrPo9FQAR-WpKjds', NULL, '$2y$13$5CKEtm54jLLLYXj0L4qBIe1kyjtYSWOmN1KSur3R63yajJxuyr4gW', NULL, '848@digimice.id', '10', '0000-00-00 00:00:00', '0000-00-00 00:00:00', '', 'dr. FARAH DIBA', 'participant', '', '3528'),
(880, 'G3Qx4xzS9LocKvlucrPo9FQAR-WpKjds', NULL, '$2y$13$5CKEtm54jLLLYXj0L4qBIe1kyjtYSWOmN1KSur3R63yajJxuyr4gW', NULL, '849@digimice.id', '10', '0000-00-00 00:00:00', '0000-00-00 00:00:00', '', 'dr. MUDRIKA', 'participant', '', '3528'),
(881, 'G3Qx4xzS9LocKvlucrPo9FQAR-WpKjds', NULL, '$2y$13$5CKEtm54jLLLYXj0L4qBIe1kyjtYSWOmN1KSur3R63yajJxuyr4gW', NULL, '850@digimice.id', '10', '0000-00-00 00:00:00', '0000-00-00 00:00:00', '', 'dr. NUR JANNATUN NA\'MAH', 'participant', '', '3528'),
(882, 'G3Qx4xzS9LocKvlucrPo9FQAR-WpKjds', NULL, '$2y$13$5CKEtm54jLLLYXj0L4qBIe1kyjtYSWOmN1KSur3R63yajJxuyr4gW', NULL, '851@digimice.id', '10', '0000-00-00 00:00:00', '0000-00-00 00:00:00', '', 'dr. EVI DWI HANDAYANI', 'participant', '', '3528'),
(883, 'G3Qx4xzS9LocKvlucrPo9FQAR-WpKjds', NULL, '$2y$13$5CKEtm54jLLLYXj0L4qBIe1kyjtYSWOmN1KSur3R63yajJxuyr4gW', NULL, '852@digimice.id', '10', '0000-00-00 00:00:00', '0000-00-00 00:00:00', '', 'dr. LILIK LAILIYAH, M.Kes', 'participant', '', '3509'),
(884, 'G3Qx4xzS9LocKvlucrPo9FQAR-WpKjds', NULL, '$2y$13$5CKEtm54jLLLYXj0L4qBIe1kyjtYSWOmN1KSur3R63yajJxuyr4gW', NULL, '853@digimice.id', '10', '0000-00-00 00:00:00', '0000-00-00 00:00:00', '', 'dr. AINUR ROKHMAH', 'participant', '', '3509'),
(885, 'G3Qx4xzS9LocKvlucrPo9FQAR-WpKjds', NULL, '$2y$13$5CKEtm54jLLLYXj0L4qBIe1kyjtYSWOmN1KSur3R63yajJxuyr4gW', NULL, '854@digimice.id', '10', '0000-00-00 00:00:00', '0000-00-00 00:00:00', '', 'dr. SITI NURUL QOMARIYAH, M.Kes', 'participant', '', '3509'),
(886, 'G3Qx4xzS9LocKvlucrPo9FQAR-WpKjds', NULL, '$2y$13$5CKEtm54jLLLYXj0L4qBIe1kyjtYSWOmN1KSur3R63yajJxuyr4gW', NULL, '855@digimice.id', '10', '0000-00-00 00:00:00', '0000-00-00 00:00:00', '', 'dr. YUNI ERMITA DJATMIKO, M.Kes', 'participant', '', '3509'),
(887, 'G3Qx4xzS9LocKvlucrPo9FQAR-WpKjds', NULL, '$2y$13$5CKEtm54jLLLYXj0L4qBIe1kyjtYSWOmN1KSur3R63yajJxuyr4gW', NULL, '856@digimice.id', '10', '0000-00-00 00:00:00', '0000-00-00 00:00:00', '', 'dr. BAMBANG WITARNO', 'participant', '', '3509'),
(888, 'G3Qx4xzS9LocKvlucrPo9FQAR-WpKjds', NULL, '$2y$13$5CKEtm54jLLLYXj0L4qBIe1kyjtYSWOmN1KSur3R63yajJxuyr4gW', NULL, '857@digimice.id', '10', '0000-00-00 00:00:00', '0000-00-00 00:00:00', '', 'dr. ISWARNO', 'participant', '', '3509'),
(889, 'G3Qx4xzS9LocKvlucrPo9FQAR-WpKjds', NULL, '$2y$13$5CKEtm54jLLLYXj0L4qBIe1kyjtYSWOmN1KSur3R63yajJxuyr4gW', NULL, '858@digimice.id', '10', '0000-00-00 00:00:00', '0000-00-00 00:00:00', '', 'dr. TITIS SULISTYOWATI', 'participant', '', '3509'),
(890, 'G3Qx4xzS9LocKvlucrPo9FQAR-WpKjds', NULL, '$2y$13$5CKEtm54jLLLYXj0L4qBIe1kyjtYSWOmN1KSur3R63yajJxuyr4gW', NULL, '859@digimice.id', '10', '0000-00-00 00:00:00', '0000-00-00 00:00:00', '', 'dr. BAMBANG PURWO ANGGONO', 'participant', '', '3509'),
(891, 'G3Qx4xzS9LocKvlucrPo9FQAR-WpKjds', NULL, '$2y$13$5CKEtm54jLLLYXj0L4qBIe1kyjtYSWOmN1KSur3R63yajJxuyr4gW', NULL, '860@digimice.id', '10', '0000-00-00 00:00:00', '0000-00-00 00:00:00', '', 'dr. SUSILO WARDHANI S, MM', 'participant', '', '3509'),
(892, 'G3Qx4xzS9LocKvlucrPo9FQAR-WpKjds', NULL, '$2y$13$5CKEtm54jLLLYXj0L4qBIe1kyjtYSWOmN1KSur3R63yajJxuyr4gW', NULL, '861@digimice.id', '10', '0000-00-00 00:00:00', '0000-00-00 00:00:00', '', 'dr. BAMBANG SUWARTONO, MM', 'participant', '', '3509'),
(893, 'G3Qx4xzS9LocKvlucrPo9FQAR-WpKjds', NULL, '$2y$13$5CKEtm54jLLLYXj0L4qBIe1kyjtYSWOmN1KSur3R63yajJxuyr4gW', NULL, '862@digimice.id', '10', '0000-00-00 00:00:00', '0000-00-00 00:00:00', '', 'dr. M. CHOLID BAKTIR, MbBch MM', 'participant', '', '3509'),
(894, 'G3Qx4xzS9LocKvlucrPo9FQAR-WpKjds', NULL, '$2y$13$5CKEtm54jLLLYXj0L4qBIe1kyjtYSWOmN1KSur3R63yajJxuyr4gW', NULL, '863@digimice.id', '10', '0000-00-00 00:00:00', '0000-00-00 00:00:00', '', 'dr. MEVI FITRAH DEWI', 'participant', '', '3509'),
(895, 'G3Qx4xzS9LocKvlucrPo9FQAR-WpKjds', NULL, '$2y$13$5CKEtm54jLLLYXj0L4qBIe1kyjtYSWOmN1KSur3R63yajJxuyr4gW', NULL, '864@digimice.id', '10', '0000-00-00 00:00:00', '0000-00-00 00:00:00', '', 'dr. DEVITA TUTY ANGGRAENI', 'participant', '', '3511'),
(896, 'G3Qx4xzS9LocKvlucrPo9FQAR-WpKjds', NULL, '$2y$13$5CKEtm54jLLLYXj0L4qBIe1kyjtYSWOmN1KSur3R63yajJxuyr4gW', NULL, '865@digimice.id', '10', '0000-00-00 00:00:00', '0000-00-00 00:00:00', '', 'dr. ZAKIA BAHMID', 'participant', '', '3511'),
(897, 'G3Qx4xzS9LocKvlucrPo9FQAR-WpKjds', NULL, '$2y$13$5CKEtm54jLLLYXj0L4qBIe1kyjtYSWOmN1KSur3R63yajJxuyr4gW', NULL, '866@digimice.id', '10', '0000-00-00 00:00:00', '0000-00-00 00:00:00', '', 'dr. NANDA FEBRI RAHAYU', 'participant', '', '3511'),
(898, 'G3Qx4xzS9LocKvlucrPo9FQAR-WpKjds', NULL, '$2y$13$5CKEtm54jLLLYXj0L4qBIe1kyjtYSWOmN1KSur3R63yajJxuyr4gW', NULL, '867@digimice.id', '10', '0000-00-00 00:00:00', '0000-00-00 00:00:00', '', 'dr. AMANDA CAHYA YANUARTIKA', 'participant', '', '3511'),
(899, 'G3Qx4xzS9LocKvlucrPo9FQAR-WpKjds', NULL, '$2y$13$5CKEtm54jLLLYXj0L4qBIe1kyjtYSWOmN1KSur3R63yajJxuyr4gW', NULL, '868@digimice.id', '10', '0000-00-00 00:00:00', '0000-00-00 00:00:00', '', 'dr. PUNGKI SUHARTO', 'participant', '', '3578'),
(900, 'G3Qx4xzS9LocKvlucrPo9FQAR-WpKjds', NULL, '$2y$13$5CKEtm54jLLLYXj0L4qBIe1kyjtYSWOmN1KSur3R63yajJxuyr4gW', NULL, '869@digimice.id', '10', '0000-00-00 00:00:00', '0000-00-00 00:00:00', '', 'dr. YULIS TRIANANDA', 'participant', '', '3578'),
(901, 'G3Qx4xzS9LocKvlucrPo9FQAR-WpKjds', NULL, '$2y$13$5CKEtm54jLLLYXj0L4qBIe1kyjtYSWOmN1KSur3R63yajJxuyr4gW', NULL, '870@digimice.id', '10', '0000-00-00 00:00:00', '0000-00-00 00:00:00', '', 'dr. IRMA W', 'participant', '', '3578'),
(902, 'G3Qx4xzS9LocKvlucrPo9FQAR-WpKjds', NULL, '$2y$13$5CKEtm54jLLLYXj0L4qBIe1kyjtYSWOmN1KSur3R63yajJxuyr4gW', NULL, '871@digimice.id', '10', '0000-00-00 00:00:00', '0000-00-00 00:00:00', '', 'dr. HADIJAH', 'participant', '', '3578'),
(903, 'G3Qx4xzS9LocKvlucrPo9FQAR-WpKjds', NULL, '$2y$13$5CKEtm54jLLLYXj0L4qBIe1kyjtYSWOmN1KSur3R63yajJxuyr4gW', NULL, '872@digimice.id', '10', '0000-00-00 00:00:00', '0000-00-00 00:00:00', '', 'dr. ERWIN A', 'participant', '', '3578'),
(904, 'G3Qx4xzS9LocKvlucrPo9FQAR-WpKjds', NULL, '$2y$13$5CKEtm54jLLLYXj0L4qBIe1kyjtYSWOmN1KSur3R63yajJxuyr4gW', NULL, '873@digimice.id', '10', '0000-00-00 00:00:00', '0000-00-00 00:00:00', '', 'dr. HERMIEN H', 'participant', '', '3578'),
(905, 'G3Qx4xzS9LocKvlucrPo9FQAR-WpKjds', NULL, '$2y$13$5CKEtm54jLLLYXj0L4qBIe1kyjtYSWOmN1KSur3R63yajJxuyr4gW', NULL, '874@digimice.id', '10', '0000-00-00 00:00:00', '0000-00-00 00:00:00', '', 'dr. NOVITA H', 'participant', '', '3578'),
(906, 'G3Qx4xzS9LocKvlucrPo9FQAR-WpKjds', NULL, '$2y$13$5CKEtm54jLLLYXj0L4qBIe1kyjtYSWOmN1KSur3R63yajJxuyr4gW', NULL, '875@digimice.id', '10', '0000-00-00 00:00:00', '0000-00-00 00:00:00', '', 'dr. ANAS', 'participant', '', '3578'),
(907, 'G3Qx4xzS9LocKvlucrPo9FQAR-WpKjds', NULL, '$2y$13$5CKEtm54jLLLYXj0L4qBIe1kyjtYSWOmN1KSur3R63yajJxuyr4gW', NULL, '876@digimice.id', '10', '0000-00-00 00:00:00', '0000-00-00 00:00:00', '', 'dr. SUCI K', 'participant', '', '3578'),
(908, 'G3Qx4xzS9LocKvlucrPo9FQAR-WpKjds', NULL, '$2y$13$5CKEtm54jLLLYXj0L4qBIe1kyjtYSWOmN1KSur3R63yajJxuyr4gW', NULL, '877@digimice.id', '10', '0000-00-00 00:00:00', '0000-00-00 00:00:00', '', 'dr. DWI DAMAYANTI', 'participant', '', '3578'),
(909, 'G3Qx4xzS9LocKvlucrPo9FQAR-WpKjds', NULL, '$2y$13$5CKEtm54jLLLYXj0L4qBIe1kyjtYSWOmN1KSur3R63yajJxuyr4gW', NULL, '878@digimice.id', '10', '0000-00-00 00:00:00', '0000-00-00 00:00:00', '', 'dr. DYAH FITRI', 'participant', '', '3578'),
(910, 'G3Qx4xzS9LocKvlucrPo9FQAR-WpKjds', NULL, '$2y$13$5CKEtm54jLLLYXj0L4qBIe1kyjtYSWOmN1KSur3R63yajJxuyr4gW', NULL, '879@digimice.id', '10', '0000-00-00 00:00:00', '0000-00-00 00:00:00', '', 'dr. SULISTYANINGRUM DWI PUTRI', 'participant', '', '3525'),
(911, 'G3Qx4xzS9LocKvlucrPo9FQAR-WpKjds', NULL, '$2y$13$5CKEtm54jLLLYXj0L4qBIe1kyjtYSWOmN1KSur3R63yajJxuyr4gW', NULL, '880@digimice.id', '10', '0000-00-00 00:00:00', '0000-00-00 00:00:00', '', 'dr. CUT AINUNIN NOVA', 'participant', '', '3517'),
(912, 'G3Qx4xzS9LocKvlucrPo9FQAR-WpKjds', NULL, '$2y$13$5CKEtm54jLLLYXj0L4qBIe1kyjtYSWOmN1KSur3R63yajJxuyr4gW', NULL, '881@digimice.id', '10', '0000-00-00 00:00:00', '0000-00-00 00:00:00', '', 'dr. CENDYKIA AKBAR', 'participant', '', '3578'),
(913, 'G3Qx4xzS9LocKvlucrPo9FQAR-WpKjds', NULL, '$2y$13$5CKEtm54jLLLYXj0L4qBIe1kyjtYSWOmN1KSur3R63yajJxuyr4gW', NULL, '882@digimice.id', '10', '0000-00-00 00:00:00', '0000-00-00 00:00:00', '', 'dr. TRI AYU SINTA AMIN', 'participant', '', '3576'),
(914, 'G3Qx4xzS9LocKvlucrPo9FQAR-WpKjds', NULL, '$2y$13$5CKEtm54jLLLYXj0L4qBIe1kyjtYSWOmN1KSur3R63yajJxuyr4gW', NULL, '883@digimice.id', '10', '0000-00-00 00:00:00', '0000-00-00 00:00:00', '', 'dr. SHALLAHUDIN', 'participant', '', '3571'),
(915, 'G3Qx4xzS9LocKvlucrPo9FQAR-WpKjds', NULL, '$2y$13$5CKEtm54jLLLYXj0L4qBIe1kyjtYSWOmN1KSur3R63yajJxuyr4gW', NULL, '884@digimice.id', '10', '0000-00-00 00:00:00', '0000-00-00 00:00:00', '', 'dr. ANIK', 'participant', '', '3522'),
(916, 'G3Qx4xzS9LocKvlucrPo9FQAR-WpKjds', NULL, '$2y$13$5CKEtm54jLLLYXj0L4qBIe1kyjtYSWOmN1KSur3R63yajJxuyr4gW', NULL, '885@digimice.id', '10', '0000-00-00 00:00:00', '0000-00-00 00:00:00', '', 'dr. RENI', 'participant', '', '3522'),
(917, 'G3Qx4xzS9LocKvlucrPo9FQAR-WpKjds', NULL, '$2y$13$5CKEtm54jLLLYXj0L4qBIe1kyjtYSWOmN1KSur3R63yajJxuyr4gW', NULL, '886@digimice.id', '10', '0000-00-00 00:00:00', '0000-00-00 00:00:00', '', 'dr. IRIANTO', 'participant', '', '3522'),
(918, 'G3Qx4xzS9LocKvlucrPo9FQAR-WpKjds', NULL, '$2y$13$5CKEtm54jLLLYXj0L4qBIe1kyjtYSWOmN1KSur3R63yajJxuyr4gW', NULL, '887@digimice.id', '10', '0000-00-00 00:00:00', '0000-00-00 00:00:00', '', 'dr. RURY DEWI', 'participant', '', '3522'),
(919, 'G3Qx4xzS9LocKvlucrPo9FQAR-WpKjds', NULL, '$2y$13$5CKEtm54jLLLYXj0L4qBIe1kyjtYSWOmN1KSur3R63yajJxuyr4gW', NULL, '888@digimice.id', '10', '0000-00-00 00:00:00', '0000-00-00 00:00:00', '', 'dr. SUDJARWANTO', 'participant', '', '3522'),
(920, 'G3Qx4xzS9LocKvlucrPo9FQAR-WpKjds', NULL, '$2y$13$5CKEtm54jLLLYXj0L4qBIe1kyjtYSWOmN1KSur3R63yajJxuyr4gW', NULL, '889@digimice.id', '10', '0000-00-00 00:00:00', '0000-00-00 00:00:00', '', 'dr. AAN', 'participant', '', '3522'),
(921, 'G3Qx4xzS9LocKvlucrPo9FQAR-WpKjds', NULL, '$2y$13$5CKEtm54jLLLYXj0L4qBIe1kyjtYSWOmN1KSur3R63yajJxuyr4gW', NULL, '890@digimice.id', '10', '0000-00-00 00:00:00', '0000-00-00 00:00:00', '', 'dr. DIAN MULIASARI', 'participant', '', '3522'),
(922, 'G3Qx4xzS9LocKvlucrPo9FQAR-WpKjds', NULL, '$2y$13$5CKEtm54jLLLYXj0L4qBIe1kyjtYSWOmN1KSur3R63yajJxuyr4gW', NULL, '891@digimice.id', '10', '0000-00-00 00:00:00', '0000-00-00 00:00:00', '', 'dr. RAHMAT TRISNANTO', 'participant', '', '3522'),
(923, 'G3Qx4xzS9LocKvlucrPo9FQAR-WpKjds', NULL, '$2y$13$5CKEtm54jLLLYXj0L4qBIe1kyjtYSWOmN1KSur3R63yajJxuyr4gW', NULL, '892@digimice.id', '10', '0000-00-00 00:00:00', '0000-00-00 00:00:00', '', 'dr. DIAH NGESTI', 'participant', '', '3522'),
(924, 'G3Qx4xzS9LocKvlucrPo9FQAR-WpKjds', NULL, '$2y$13$5CKEtm54jLLLYXj0L4qBIe1kyjtYSWOmN1KSur3R63yajJxuyr4gW', NULL, '893@digimice.id', '10', '0000-00-00 00:00:00', '0000-00-00 00:00:00', '', 'dr. YEFTA KURNA', 'participant', '', '3522'),
(925, 'G3Qx4xzS9LocKvlucrPo9FQAR-WpKjds', NULL, '$2y$13$5CKEtm54jLLLYXj0L4qBIe1kyjtYSWOmN1KSur3R63yajJxuyr4gW', NULL, '894@digimice.id', '10', '0000-00-00 00:00:00', '0000-00-00 00:00:00', '', 'dr. ARMAN FATONY', 'participant', '', '3522'),
(926, 'G3Qx4xzS9LocKvlucrPo9FQAR-WpKjds', NULL, '$2y$13$5CKEtm54jLLLYXj0L4qBIe1kyjtYSWOmN1KSur3R63yajJxuyr4gW', NULL, '895@digimice.id', '10', '0000-00-00 00:00:00', '0000-00-00 00:00:00', '', 'dr. ROSSARI MARTINI MACHDAN', 'participant', '', '3515'),
(927, 'G3Qx4xzS9LocKvlucrPo9FQAR-WpKjds', NULL, '$2y$13$5CKEtm54jLLLYXj0L4qBIe1kyjtYSWOmN1KSur3R63yajJxuyr4gW', NULL, '896@digimice.id', '10', '0000-00-00 00:00:00', '0000-00-00 00:00:00', '', 'dr. INDANA LAILIA', 'participant', '', '3515'),
(928, 'G3Qx4xzS9LocKvlucrPo9FQAR-WpKjds', NULL, '$2y$13$5CKEtm54jLLLYXj0L4qBIe1kyjtYSWOmN1KSur3R63yajJxuyr4gW', NULL, '897@digimice.id', '10', '0000-00-00 00:00:00', '0000-00-00 00:00:00', '', 'dr. MERRY NUTHEA, MMRS', 'participant', '', '3573'),
(929, 'G3Qx4xzS9LocKvlucrPo9FQAR-WpKjds', NULL, '$2y$13$5CKEtm54jLLLYXj0L4qBIe1kyjtYSWOmN1KSur3R63yajJxuyr4gW', NULL, '898@digimice.id', '10', '0000-00-00 00:00:00', '0000-00-00 00:00:00', '', 'dr. DIAN FITRIA M', 'participant', '', '3515'),
(930, 'G3Qx4xzS9LocKvlucrPo9FQAR-WpKjds', NULL, '$2y$13$5CKEtm54jLLLYXj0L4qBIe1kyjtYSWOmN1KSur3R63yajJxuyr4gW', NULL, '899@digimice.id', '10', '0000-00-00 00:00:00', '0000-00-00 00:00:00', '', 'dr. DIAN PRATIWI KERTADEWI', 'participant', '', '1571'),
(931, 'G3Qx4xzS9LocKvlucrPo9FQAR-WpKjds', NULL, '$2y$13$5CKEtm54jLLLYXj0L4qBIe1kyjtYSWOmN1KSur3R63yajJxuyr4gW', NULL, '900@digimice.id', '10', '0000-00-00 00:00:00', '0000-00-00 00:00:00', '', 'dr. Istianah Sakdullah', 'participant', '', '3527'),
(932, 'G3Qx4xzS9LocKvlucrPo9FQAR-WpKjds', NULL, '$2y$13$5CKEtm54jLLLYXj0L4qBIe1kyjtYSWOmN1KSur3R63yajJxuyr4gW', NULL, '901@digimice.id', '10', '0000-00-00 00:00:00', '0000-00-00 00:00:00', '', 'dr. Izaratul Haque', 'participant', '', '3527'),
(933, 'G3Qx4xzS9LocKvlucrPo9FQAR-WpKjds', NULL, '$2y$13$5CKEtm54jLLLYXj0L4qBIe1kyjtYSWOmN1KSur3R63yajJxuyr4gW', NULL, '902@digimice.id', '10', '0000-00-00 00:00:00', '0000-00-00 00:00:00', '', 'dr. Luluk Nurul Farihah', 'participant', '', '3527'),
(934, 'G3Qx4xzS9LocKvlucrPo9FQAR-WpKjds', NULL, '$2y$13$5CKEtm54jLLLYXj0L4qBIe1kyjtYSWOmN1KSur3R63yajJxuyr4gW', NULL, '903@digimice.id', '10', '0000-00-00 00:00:00', '0000-00-00 00:00:00', '', 'dr. Fertica Doures', 'participant', '', '3527'),
(935, 'G3Qx4xzS9LocKvlucrPo9FQAR-WpKjds', NULL, '$2y$13$5CKEtm54jLLLYXj0L4qBIe1kyjtYSWOmN1KSur3R63yajJxuyr4gW', NULL, '904@digimice.id', '10', '0000-00-00 00:00:00', '0000-00-00 00:00:00', '', 'dr. Fajar As-Shiddiqi', 'participant', '', '3527'),
(936, 'G3Qx4xzS9LocKvlucrPo9FQAR-WpKjds', NULL, '$2y$13$5CKEtm54jLLLYXj0L4qBIe1kyjtYSWOmN1KSur3R63yajJxuyr4gW', NULL, '905@digimice.id', '10', '0000-00-00 00:00:00', '0000-00-00 00:00:00', '', 'dr. Indrianingsih', 'participant', '', '3527'),
(937, 'G3Qx4xzS9LocKvlucrPo9FQAR-WpKjds', NULL, '$2y$13$5CKEtm54jLLLYXj0L4qBIe1kyjtYSWOmN1KSur3R63yajJxuyr4gW', NULL, '906@digimice.id', '10', '0000-00-00 00:00:00', '0000-00-00 00:00:00', '', 'dr. Herly Pontjo Waskitho  ', 'participant', '', '3578'),
(938, 'G3Qx4xzS9LocKvlucrPo9FQAR-WpKjds', NULL, '$2y$13$5CKEtm54jLLLYXj0L4qBIe1kyjtYSWOmN1KSur3R63yajJxuyr4gW', NULL, '907@digimice.id', '10', '0000-00-00 00:00:00', '0000-00-00 00:00:00', '', 'dr. Nanik Kresnawati ', 'participant', '', '3578'),
(939, 'G3Qx4xzS9LocKvlucrPo9FQAR-WpKjds', NULL, '$2y$13$5CKEtm54jLLLYXj0L4qBIe1kyjtYSWOmN1KSur3R63yajJxuyr4gW', NULL, '908@digimice.id', '10', '0000-00-00 00:00:00', '0000-00-00 00:00:00', '', 'dr. Y. Djunaedi Sofian', 'participant', '', '3578'),
(940, 'G3Qx4xzS9LocKvlucrPo9FQAR-WpKjds', NULL, '$2y$13$5CKEtm54jLLLYXj0L4qBIe1kyjtYSWOmN1KSur3R63yajJxuyr4gW', NULL, '909@digimice.id', '10', '0000-00-00 00:00:00', '0000-00-00 00:00:00', '', 'dr. Bambang Soegianto', 'participant', '', '3578'),
(941, 'G3Qx4xzS9LocKvlucrPo9FQAR-WpKjds', NULL, '$2y$13$5CKEtm54jLLLYXj0L4qBIe1kyjtYSWOmN1KSur3R63yajJxuyr4gW', NULL, '910@digimice.id', '10', '0000-00-00 00:00:00', '0000-00-00 00:00:00', '', 'dr. Mariana dyah Rahmawati', 'participant', '', '3578'),
(942, 'G3Qx4xzS9LocKvlucrPo9FQAR-WpKjds', NULL, '$2y$13$5CKEtm54jLLLYXj0L4qBIe1kyjtYSWOmN1KSur3R63yajJxuyr4gW', NULL, '911@digimice.id', '10', '0000-00-00 00:00:00', '0000-00-00 00:00:00', '', 'dr. Moh. Ravi Tanwirul Afkara', 'participant', '', '3578'),
(943, 'G3Qx4xzS9LocKvlucrPo9FQAR-WpKjds', NULL, '$2y$13$5CKEtm54jLLLYXj0L4qBIe1kyjtYSWOmN1KSur3R63yajJxuyr4gW', NULL, '912@digimice.id', '10', '0000-00-00 00:00:00', '0000-00-00 00:00:00', '', 'dr. Nandy Mayangsari', 'participant', '', '3578'),
(944, 'G3Qx4xzS9LocKvlucrPo9FQAR-WpKjds', NULL, '$2y$13$5CKEtm54jLLLYXj0L4qBIe1kyjtYSWOmN1KSur3R63yajJxuyr4gW', NULL, '913@digimice.id', '10', '0000-00-00 00:00:00', '0000-00-00 00:00:00', '', 'dr. Hermanu Adi Wijoyo', 'participant', '', '3578'),
(945, 'G3Qx4xzS9LocKvlucrPo9FQAR-WpKjds', NULL, '$2y$13$5CKEtm54jLLLYXj0L4qBIe1kyjtYSWOmN1KSur3R63yajJxuyr4gW', NULL, '914@digimice.id', '10', '0000-00-00 00:00:00', '0000-00-00 00:00:00', '', 'dr. Yanna Anggraini', 'participant', '', '3578'),
(946, 'G3Qx4xzS9LocKvlucrPo9FQAR-WpKjds', NULL, '$2y$13$5CKEtm54jLLLYXj0L4qBIe1kyjtYSWOmN1KSur3R63yajJxuyr4gW', NULL, '915@digimice.id', '10', '0000-00-00 00:00:00', '0000-00-00 00:00:00', '', 'dr. Yunita Ari Mulyani', 'participant', '', '3578'),
(947, 'G3Qx4xzS9LocKvlucrPo9FQAR-WpKjds', NULL, '$2y$13$5CKEtm54jLLLYXj0L4qBIe1kyjtYSWOmN1KSur3R63yajJxuyr4gW', NULL, '916@digimice.id', '10', '0000-00-00 00:00:00', '0000-00-00 00:00:00', '', 'dr. Prima Ramadhani', 'participant', '', '3578'),
(948, 'G3Qx4xzS9LocKvlucrPo9FQAR-WpKjds', NULL, '$2y$13$5CKEtm54jLLLYXj0L4qBIe1kyjtYSWOmN1KSur3R63yajJxuyr4gW', NULL, '917@digimice.id', '10', '0000-00-00 00:00:00', '0000-00-00 00:00:00', '', 'dr. Elma Aulia', 'participant', '', '3578'),
(949, 'G3Qx4xzS9LocKvlucrPo9FQAR-WpKjds', NULL, '$2y$13$5CKEtm54jLLLYXj0L4qBIe1kyjtYSWOmN1KSur3R63yajJxuyr4gW', NULL, '918@digimice.id', '10', '0000-00-00 00:00:00', '0000-00-00 00:00:00', '', 'dr. Aisyah Rusyd', 'participant', '', '3578'),
(950, 'G3Qx4xzS9LocKvlucrPo9FQAR-WpKjds', NULL, '$2y$13$5CKEtm54jLLLYXj0L4qBIe1kyjtYSWOmN1KSur3R63yajJxuyr4gW', NULL, '919@digimice.id', '10', '0000-00-00 00:00:00', '0000-00-00 00:00:00', '', 'dr. Ika Primawati ', 'participant', '', '3578'),
(951, 'G3Qx4xzS9LocKvlucrPo9FQAR-WpKjds', NULL, '$2y$13$5CKEtm54jLLLYXj0L4qBIe1kyjtYSWOmN1KSur3R63yajJxuyr4gW', NULL, '920@digimice.id', '10', '0000-00-00 00:00:00', '0000-00-00 00:00:00', '', 'dr. Amirah', 'participant', '', '3578'),
(952, 'G3Qx4xzS9LocKvlucrPo9FQAR-WpKjds', NULL, '$2y$13$5CKEtm54jLLLYXj0L4qBIe1kyjtYSWOmN1KSur3R63yajJxuyr4gW', NULL, '921@digimice.id', '10', '0000-00-00 00:00:00', '0000-00-00 00:00:00', '', 'dr. Setiawati', 'participant', '', '3578'),
(953, 'G3Qx4xzS9LocKvlucrPo9FQAR-WpKjds', NULL, '$2y$13$5CKEtm54jLLLYXj0L4qBIe1kyjtYSWOmN1KSur3R63yajJxuyr4gW', NULL, '922@digimice.id', '10', '0000-00-00 00:00:00', '0000-00-00 00:00:00', '', 'dr. Tara Dhiya\'ul Haq Al Ulya', 'participant', '', '3578'),
(954, 'G3Qx4xzS9LocKvlucrPo9FQAR-WpKjds', NULL, '$2y$13$5CKEtm54jLLLYXj0L4qBIe1kyjtYSWOmN1KSur3R63yajJxuyr4gW', NULL, '923@digimice.id', '10', '0000-00-00 00:00:00', '0000-00-00 00:00:00', '', 'dr. RR. Ghea  Kuspratiwi', 'participant', '', '3578'),
(955, 'G3Qx4xzS9LocKvlucrPo9FQAR-WpKjds', NULL, '$2y$13$5CKEtm54jLLLYXj0L4qBIe1kyjtYSWOmN1KSur3R63yajJxuyr4gW', NULL, '924@digimice.id', '10', '0000-00-00 00:00:00', '0000-00-00 00:00:00', '', 'dr. Dwangga Auliannisa', 'participant', '', '3578'),
(956, 'G3Qx4xzS9LocKvlucrPo9FQAR-WpKjds', NULL, '$2y$13$5CKEtm54jLLLYXj0L4qBIe1kyjtYSWOmN1KSur3R63yajJxuyr4gW', NULL, '925@digimice.id', '10', '0000-00-00 00:00:00', '0000-00-00 00:00:00', '', 'dr. Yustika Izziyatu Anindita', 'participant', '', '3578'),
(957, 'G3Qx4xzS9LocKvlucrPo9FQAR-WpKjds', NULL, '$2y$13$5CKEtm54jLLLYXj0L4qBIe1kyjtYSWOmN1KSur3R63yajJxuyr4gW', NULL, '926@digimice.id', '10', '0000-00-00 00:00:00', '0000-00-00 00:00:00', '', 'dr. Afifatun Nisa’', 'participant', '', '3578'),
(958, 'G3Qx4xzS9LocKvlucrPo9FQAR-WpKjds', NULL, '$2y$13$5CKEtm54jLLLYXj0L4qBIe1kyjtYSWOmN1KSur3R63yajJxuyr4gW', NULL, '927@digimice.id', '10', '0000-00-00 00:00:00', '0000-00-00 00:00:00', '', 'dr. Dwi Cahya  Ramadhan  Pranoto', 'participant', '', '3578'),
(959, 'G3Qx4xzS9LocKvlucrPo9FQAR-WpKjds', NULL, '$2y$13$5CKEtm54jLLLYXj0L4qBIe1kyjtYSWOmN1KSur3R63yajJxuyr4gW', NULL, '928@digimice.id', '10', '0000-00-00 00:00:00', '0000-00-00 00:00:00', '', 'dr. Tita Rizki  Meilasari', 'participant', '', '3578'),
(960, 'G3Qx4xzS9LocKvlucrPo9FQAR-WpKjds', NULL, '$2y$13$5CKEtm54jLLLYXj0L4qBIe1kyjtYSWOmN1KSur3R63yajJxuyr4gW', NULL, '929@digimice.id', '10', '0000-00-00 00:00:00', '0000-00-00 00:00:00', '', 'dr. Armaylies Nurmalita', 'participant', '', '3578'),
(961, 'G3Qx4xzS9LocKvlucrPo9FQAR-WpKjds', NULL, '$2y$13$5CKEtm54jLLLYXj0L4qBIe1kyjtYSWOmN1KSur3R63yajJxuyr4gW', NULL, '930@digimice.id', '10', '0000-00-00 00:00:00', '0000-00-00 00:00:00', '', 'dr. Arif  Cholifaurrohman', 'participant', '', '3578'),
(962, 'G3Qx4xzS9LocKvlucrPo9FQAR-WpKjds', NULL, '$2y$13$5CKEtm54jLLLYXj0L4qBIe1kyjtYSWOmN1KSur3R63yajJxuyr4gW', NULL, '931@digimice.id', '10', '0000-00-00 00:00:00', '0000-00-00 00:00:00', '', 'dr. Susi Indah Riyani', 'participant', '', '3578'),
(963, 'G3Qx4xzS9LocKvlucrPo9FQAR-WpKjds', NULL, '$2y$13$5CKEtm54jLLLYXj0L4qBIe1kyjtYSWOmN1KSur3R63yajJxuyr4gW', NULL, '932@digimice.id', '10', '0000-00-00 00:00:00', '0000-00-00 00:00:00', '', 'dr. Yustimatur  Rizqa', 'participant', '', '3578'),
(964, 'G3Qx4xzS9LocKvlucrPo9FQAR-WpKjds', NULL, '$2y$13$5CKEtm54jLLLYXj0L4qBIe1kyjtYSWOmN1KSur3R63yajJxuyr4gW', NULL, '933@digimice.id', '10', '0000-00-00 00:00:00', '0000-00-00 00:00:00', '', 'dr. Anugera', 'participant', '', '3578'),
(965, 'G3Qx4xzS9LocKvlucrPo9FQAR-WpKjds', NULL, '$2y$13$5CKEtm54jLLLYXj0L4qBIe1kyjtYSWOmN1KSur3R63yajJxuyr4gW', NULL, '934@digimice.id', '10', '0000-00-00 00:00:00', '0000-00-00 00:00:00', '', 'dr. Kholifah', 'participant', '', '3578'),
(966, 'G3Qx4xzS9LocKvlucrPo9FQAR-WpKjds', NULL, '$2y$13$5CKEtm54jLLLYXj0L4qBIe1kyjtYSWOmN1KSur3R63yajJxuyr4gW', NULL, '935@digimice.id', '10', '0000-00-00 00:00:00', '0000-00-00 00:00:00', '', 'dr. Wayan Astrilia Pratiwi', 'participant', '', '3578'),
(967, 'G3Qx4xzS9LocKvlucrPo9FQAR-WpKjds', NULL, '$2y$13$5CKEtm54jLLLYXj0L4qBIe1kyjtYSWOmN1KSur3R63yajJxuyr4gW', NULL, '936@digimice.id', '10', '0000-00-00 00:00:00', '0000-00-00 00:00:00', '', 'dr. Alda Rahmadhani', 'participant', '', '3578'),
(968, 'G3Qx4xzS9LocKvlucrPo9FQAR-WpKjds', NULL, '$2y$13$5CKEtm54jLLLYXj0L4qBIe1kyjtYSWOmN1KSur3R63yajJxuyr4gW', NULL, '937@digimice.id', '10', '0000-00-00 00:00:00', '0000-00-00 00:00:00', '', 'dr. Agusmawati', 'participant', '', '3578'),
(969, 'G3Qx4xzS9LocKvlucrPo9FQAR-WpKjds', NULL, '$2y$13$5CKEtm54jLLLYXj0L4qBIe1kyjtYSWOmN1KSur3R63yajJxuyr4gW', NULL, '938@digimice.id', '10', '0000-00-00 00:00:00', '0000-00-00 00:00:00', '', 'dr. Achmad Irianto', 'participant', '', '3578'),
(970, 'G3Qx4xzS9LocKvlucrPo9FQAR-WpKjds', NULL, '$2y$13$5CKEtm54jLLLYXj0L4qBIe1kyjtYSWOmN1KSur3R63yajJxuyr4gW', NULL, '939@digimice.id', '10', '0000-00-00 00:00:00', '0000-00-00 00:00:00', '', 'dr. M. Zainal Arifin', 'participant', '', '3578'),
(971, 'G3Qx4xzS9LocKvlucrPo9FQAR-WpKjds', NULL, '$2y$13$5CKEtm54jLLLYXj0L4qBIe1kyjtYSWOmN1KSur3R63yajJxuyr4gW', NULL, '940@digimice.id', '10', '0000-00-00 00:00:00', '0000-00-00 00:00:00', '', 'dr. Novita Dwitasari ', 'participant', '', '3578'),
(972, 'G3Qx4xzS9LocKvlucrPo9FQAR-WpKjds', NULL, '$2y$13$5CKEtm54jLLLYXj0L4qBIe1kyjtYSWOmN1KSur3R63yajJxuyr4gW', NULL, '941@digimice.id', '10', '0000-00-00 00:00:00', '0000-00-00 00:00:00', '', 'dr. Hari Subagio ', 'participant', '', '3578'),
(973, 'G3Qx4xzS9LocKvlucrPo9FQAR-WpKjds', NULL, '$2y$13$5CKEtm54jLLLYXj0L4qBIe1kyjtYSWOmN1KSur3R63yajJxuyr4gW', NULL, '942@digimice.id', '10', '0000-00-00 00:00:00', '0000-00-00 00:00:00', '', 'dr. Maria Sugeng ', 'participant', '', '3578'),
(974, 'G3Qx4xzS9LocKvlucrPo9FQAR-WpKjds', NULL, '$2y$13$5CKEtm54jLLLYXj0L4qBIe1kyjtYSWOmN1KSur3R63yajJxuyr4gW', NULL, '943@digimice.id', '10', '0000-00-00 00:00:00', '0000-00-00 00:00:00', '', 'dr. Titiek Sunaryati', 'participant', '', '3578'),
(975, 'G3Qx4xzS9LocKvlucrPo9FQAR-WpKjds', NULL, '$2y$13$5CKEtm54jLLLYXj0L4qBIe1kyjtYSWOmN1KSur3R63yajJxuyr4gW', NULL, '944@digimice.id', '10', '0000-00-00 00:00:00', '0000-00-00 00:00:00', '', 'dr. Purdijanti', 'participant', '', '3578'),
(976, 'G3Qx4xzS9LocKvlucrPo9FQAR-WpKjds', NULL, '$2y$13$5CKEtm54jLLLYXj0L4qBIe1kyjtYSWOmN1KSur3R63yajJxuyr4gW', NULL, '945@digimice.id', '10', '0000-00-00 00:00:00', '0000-00-00 00:00:00', '', 'dr. Gadis Meinar Sari, M.Kes', 'participant', '', '3578'),
(977, 'G3Qx4xzS9LocKvlucrPo9FQAR-WpKjds', NULL, '$2y$13$5CKEtm54jLLLYXj0L4qBIe1kyjtYSWOmN1KSur3R63yajJxuyr4gW', NULL, '946@digimice.id', '10', '0000-00-00 00:00:00', '0000-00-00 00:00:00', '', 'dr. Tri Sukma S. Denny', 'participant', '', '3578'),
(978, 'G3Qx4xzS9LocKvlucrPo9FQAR-WpKjds', NULL, '$2y$13$5CKEtm54jLLLYXj0L4qBIe1kyjtYSWOmN1KSur3R63yajJxuyr4gW', NULL, '947@digimice.id', '10', '0000-00-00 00:00:00', '0000-00-00 00:00:00', '', 'dr. Suhargo Witjaksono', 'participant', '', '3578'),
(979, 'G3Qx4xzS9LocKvlucrPo9FQAR-WpKjds', NULL, '$2y$13$5CKEtm54jLLLYXj0L4qBIe1kyjtYSWOmN1KSur3R63yajJxuyr4gW', NULL, '948@digimice.id', '10', '0000-00-00 00:00:00', '0000-00-00 00:00:00', '', 'dr. Pudjianto', 'participant', '', '3578'),
(980, 'G3Qx4xzS9LocKvlucrPo9FQAR-WpKjds', NULL, '$2y$13$5CKEtm54jLLLYXj0L4qBIe1kyjtYSWOmN1KSur3R63yajJxuyr4gW', NULL, '949@digimice.id', '10', '0000-00-00 00:00:00', '0000-00-00 00:00:00', '', 'dr. Laksmita Adityarie', 'participant', '', '3578'),
(981, 'G3Qx4xzS9LocKvlucrPo9FQAR-WpKjds', NULL, '$2y$13$5CKEtm54jLLLYXj0L4qBIe1kyjtYSWOmN1KSur3R63yajJxuyr4gW', NULL, '950@digimice.id', '10', '0000-00-00 00:00:00', '0000-00-00 00:00:00', '', 'dr. Penny Sriasih', 'participant', '', '3578'),
(982, 'G3Qx4xzS9LocKvlucrPo9FQAR-WpKjds', NULL, '$2y$13$5CKEtm54jLLLYXj0L4qBIe1kyjtYSWOmN1KSur3R63yajJxuyr4gW', NULL, '951@digimice.id', '10', '0000-00-00 00:00:00', '0000-00-00 00:00:00', '', 'dr. Vitria Sari Dewi ', 'participant', '', '3578'),
(983, 'G3Qx4xzS9LocKvlucrPo9FQAR-WpKjds', NULL, '$2y$13$5CKEtm54jLLLYXj0L4qBIe1kyjtYSWOmN1KSur3R63yajJxuyr4gW', NULL, '952@digimice.id', '10', '0000-00-00 00:00:00', '0000-00-00 00:00:00', '', 'dr. Wahyu Sulistyaningsih', 'participant', '', '3578'),
(984, 'G3Qx4xzS9LocKvlucrPo9FQAR-WpKjds', NULL, '$2y$13$5CKEtm54jLLLYXj0L4qBIe1kyjtYSWOmN1KSur3R63yajJxuyr4gW', NULL, '953@digimice.id', '10', '0000-00-00 00:00:00', '0000-00-00 00:00:00', '', 'dr. Achmad Ekaprasetyan', 'participant', '', '3578'),
(985, 'G3Qx4xzS9LocKvlucrPo9FQAR-WpKjds', NULL, '$2y$13$5CKEtm54jLLLYXj0L4qBIe1kyjtYSWOmN1KSur3R63yajJxuyr4gW', NULL, '954@digimice.id', '10', '0000-00-00 00:00:00', '0000-00-00 00:00:00', '', 'dr. Soilia Fertilita', 'participant', '', '3578');
INSERT INTO `user` (`id`, `auth_key`, `avatar`, `password_hash`, `password_reset_token`, `email`, `status`, `created_at`, `updated_at`, `verification_token`, `name`, `role`, `phone`, `regencies_id`) VALUES
(986, 'G3Qx4xzS9LocKvlucrPo9FQAR-WpKjds', NULL, '$2y$13$5CKEtm54jLLLYXj0L4qBIe1kyjtYSWOmN1KSur3R63yajJxuyr4gW', NULL, '955@digimice.id', '10', '0000-00-00 00:00:00', '0000-00-00 00:00:00', '', 'dr. Erawaty', 'participant', '', '3578'),
(987, 'G3Qx4xzS9LocKvlucrPo9FQAR-WpKjds', NULL, '$2y$13$5CKEtm54jLLLYXj0L4qBIe1kyjtYSWOmN1KSur3R63yajJxuyr4gW', NULL, '956@digimice.id', '10', '0000-00-00 00:00:00', '0000-00-00 00:00:00', '', 'dr. Desy Ratnasari', 'participant', '', '3578'),
(988, 'G3Qx4xzS9LocKvlucrPo9FQAR-WpKjds', NULL, '$2y$13$5CKEtm54jLLLYXj0L4qBIe1kyjtYSWOmN1KSur3R63yajJxuyr4gW', NULL, '957@digimice.id', '10', '0000-00-00 00:00:00', '0000-00-00 00:00:00', '', 'dr. Meta Andharasta', 'participant', '', '3578'),
(989, 'G3Qx4xzS9LocKvlucrPo9FQAR-WpKjds', NULL, '$2y$13$5CKEtm54jLLLYXj0L4qBIe1kyjtYSWOmN1KSur3R63yajJxuyr4gW', NULL, '958@digimice.id', '10', '0000-00-00 00:00:00', '0000-00-00 00:00:00', '', 'dr. Shofiatul Lailiya', 'participant', '', '3578'),
(990, 'G3Qx4xzS9LocKvlucrPo9FQAR-WpKjds', NULL, '$2y$13$5CKEtm54jLLLYXj0L4qBIe1kyjtYSWOmN1KSur3R63yajJxuyr4gW', NULL, '959@digimice.id', '10', '0000-00-00 00:00:00', '0000-00-00 00:00:00', '', 'dr. Ayu Rachmasari', 'participant', '', '3578'),
(991, 'G3Qx4xzS9LocKvlucrPo9FQAR-WpKjds', NULL, '$2y$13$5CKEtm54jLLLYXj0L4qBIe1kyjtYSWOmN1KSur3R63yajJxuyr4gW', NULL, '960@digimice.id', '10', '0000-00-00 00:00:00', '0000-00-00 00:00:00', '', 'dr. Farah Diana Agustina', 'participant', '', '3578'),
(992, 'G3Qx4xzS9LocKvlucrPo9FQAR-WpKjds', NULL, '$2y$13$5CKEtm54jLLLYXj0L4qBIe1kyjtYSWOmN1KSur3R63yajJxuyr4gW', NULL, '961@digimice.id', '10', '0000-00-00 00:00:00', '0000-00-00 00:00:00', '', 'dr. Sophy Indriyani', 'participant', '', '3578'),
(993, 'G3Qx4xzS9LocKvlucrPo9FQAR-WpKjds', NULL, '$2y$13$5CKEtm54jLLLYXj0L4qBIe1kyjtYSWOmN1KSur3R63yajJxuyr4gW', NULL, '962@digimice.id', '10', '0000-00-00 00:00:00', '0000-00-00 00:00:00', '', 'dr. Arlia Shanty Astuti', 'participant', '', '3578'),
(994, 'G3Qx4xzS9LocKvlucrPo9FQAR-WpKjds', NULL, '$2y$13$5CKEtm54jLLLYXj0L4qBIe1kyjtYSWOmN1KSur3R63yajJxuyr4gW', NULL, '963@digimice.id', '10', '0000-00-00 00:00:00', '0000-00-00 00:00:00', '', 'dr. Risqi Mahardika Rahmawati', 'participant', '', '3578'),
(995, 'G3Qx4xzS9LocKvlucrPo9FQAR-WpKjds', NULL, '$2y$13$5CKEtm54jLLLYXj0L4qBIe1kyjtYSWOmN1KSur3R63yajJxuyr4gW', NULL, '964@digimice.id', '10', '0000-00-00 00:00:00', '0000-00-00 00:00:00', '', 'dr. Arif Dwi Cahyono', 'participant', '', '3578'),
(996, 'G3Qx4xzS9LocKvlucrPo9FQAR-WpKjds', NULL, '$2y$13$5CKEtm54jLLLYXj0L4qBIe1kyjtYSWOmN1KSur3R63yajJxuyr4gW', NULL, '965@digimice.id', '10', '0000-00-00 00:00:00', '0000-00-00 00:00:00', '', 'dr. Muh Jose Rizal Samad', 'participant', '', '3578'),
(997, 'G3Qx4xzS9LocKvlucrPo9FQAR-WpKjds', NULL, '$2y$13$5CKEtm54jLLLYXj0L4qBIe1kyjtYSWOmN1KSur3R63yajJxuyr4gW', NULL, '966@digimice.id', '10', '0000-00-00 00:00:00', '0000-00-00 00:00:00', '', 'dr. Rifatul  Hasna, M.Kes', 'participant', '', '3578'),
(998, 'G3Qx4xzS9LocKvlucrPo9FQAR-WpKjds', NULL, '$2y$13$5CKEtm54jLLLYXj0L4qBIe1kyjtYSWOmN1KSur3R63yajJxuyr4gW', NULL, '967@digimice.id', '10', '0000-00-00 00:00:00', '0000-00-00 00:00:00', '', 'dr. Permata Penalar', 'participant', '', '3578'),
(999, 'G3Qx4xzS9LocKvlucrPo9FQAR-WpKjds', NULL, '$2y$13$5CKEtm54jLLLYXj0L4qBIe1kyjtYSWOmN1KSur3R63yajJxuyr4gW', NULL, '968@digimice.id', '10', '0000-00-00 00:00:00', '0000-00-00 00:00:00', '', 'dr. Verry Yudhana', 'participant', '', '3578'),
(1000, 'G3Qx4xzS9LocKvlucrPo9FQAR-WpKjds', NULL, '$2y$13$5CKEtm54jLLLYXj0L4qBIe1kyjtYSWOmN1KSur3R63yajJxuyr4gW', NULL, '969@digimice.id', '10', '0000-00-00 00:00:00', '0000-00-00 00:00:00', '', 'dr. Titik Maimanah, M.Kes', 'participant', '', '3578'),
(1001, 'G3Qx4xzS9LocKvlucrPo9FQAR-WpKjds', NULL, '$2y$13$5CKEtm54jLLLYXj0L4qBIe1kyjtYSWOmN1KSur3R63yajJxuyr4gW', NULL, '970@digimice.id', '10', '0000-00-00 00:00:00', '0000-00-00 00:00:00', '', 'dr. Hery Purwanto', 'participant', '', '3578'),
(1002, 'G3Qx4xzS9LocKvlucrPo9FQAR-WpKjds', NULL, '$2y$13$5CKEtm54jLLLYXj0L4qBIe1kyjtYSWOmN1KSur3R63yajJxuyr4gW', NULL, '971@digimice.id', '10', '0000-00-00 00:00:00', '0000-00-00 00:00:00', '', 'dr. Rike Sovia Matulessy', 'participant', '', '3578'),
(1003, 'G3Qx4xzS9LocKvlucrPo9FQAR-WpKjds', NULL, '$2y$13$5CKEtm54jLLLYXj0L4qBIe1kyjtYSWOmN1KSur3R63yajJxuyr4gW', NULL, '972@digimice.id', '10', '0000-00-00 00:00:00', '0000-00-00 00:00:00', '', 'dr. IGN Truly Mahendra, MM', 'participant', '', '3578'),
(1004, 'G3Qx4xzS9LocKvlucrPo9FQAR-WpKjds', NULL, '$2y$13$5CKEtm54jLLLYXj0L4qBIe1kyjtYSWOmN1KSur3R63yajJxuyr4gW', NULL, '973@digimice.id', '10', '0000-00-00 00:00:00', '0000-00-00 00:00:00', '', 'dr. Hanifah Hanum', 'participant', '', '3578'),
(1005, 'G3Qx4xzS9LocKvlucrPo9FQAR-WpKjds', NULL, '$2y$13$5CKEtm54jLLLYXj0L4qBIe1kyjtYSWOmN1KSur3R63yajJxuyr4gW', NULL, '974@digimice.id', '10', '0000-00-00 00:00:00', '0000-00-00 00:00:00', '', 'dr. Dewi  Andojowati', 'participant', '', '3578'),
(1006, 'G3Qx4xzS9LocKvlucrPo9FQAR-WpKjds', NULL, '$2y$13$5CKEtm54jLLLYXj0L4qBIe1kyjtYSWOmN1KSur3R63yajJxuyr4gW', NULL, '975@digimice.id', '10', '0000-00-00 00:00:00', '0000-00-00 00:00:00', '', 'dr. Nur Azizah Sri Utami, M.Kes', 'participant', '', '3578'),
(1007, 'G3Qx4xzS9LocKvlucrPo9FQAR-WpKjds', NULL, '$2y$13$5CKEtm54jLLLYXj0L4qBIe1kyjtYSWOmN1KSur3R63yajJxuyr4gW', NULL, '976@digimice.id', '10', '0000-00-00 00:00:00', '0000-00-00 00:00:00', '', 'dr. Imam Soedjono', 'participant', '', '3578'),
(1008, 'G3Qx4xzS9LocKvlucrPo9FQAR-WpKjds', NULL, '$2y$13$5CKEtm54jLLLYXj0L4qBIe1kyjtYSWOmN1KSur3R63yajJxuyr4gW', NULL, '977@digimice.id', '10', '0000-00-00 00:00:00', '0000-00-00 00:00:00', '', 'dr. Juliana Veronica B, M.Kes', 'participant', '', '3578'),
(1009, 'G3Qx4xzS9LocKvlucrPo9FQAR-WpKjds', NULL, '$2y$13$5CKEtm54jLLLYXj0L4qBIe1kyjtYSWOmN1KSur3R63yajJxuyr4gW', NULL, '978@digimice.id', '10', '0000-00-00 00:00:00', '0000-00-00 00:00:00', '', 'dr. Ronald Aprianto P', 'participant', '', '3578'),
(1010, 'G3Qx4xzS9LocKvlucrPo9FQAR-WpKjds', NULL, '$2y$13$5CKEtm54jLLLYXj0L4qBIe1kyjtYSWOmN1KSur3R63yajJxuyr4gW', NULL, '979@digimice.id', '10', '0000-00-00 00:00:00', '0000-00-00 00:00:00', '', 'dr. Raymond  Auwarsa K', 'participant', '', '3578'),
(1011, 'G3Qx4xzS9LocKvlucrPo9FQAR-WpKjds', NULL, '$2y$13$5CKEtm54jLLLYXj0L4qBIe1kyjtYSWOmN1KSur3R63yajJxuyr4gW', NULL, '980@digimice.id', '10', '0000-00-00 00:00:00', '0000-00-00 00:00:00', '', 'dr. Maya Sari Raharja', 'participant', '', '3578'),
(1012, 'G3Qx4xzS9LocKvlucrPo9FQAR-WpKjds', NULL, '$2y$13$5CKEtm54jLLLYXj0L4qBIe1kyjtYSWOmN1KSur3R63yajJxuyr4gW', NULL, '981@digimice.id', '10', '0000-00-00 00:00:00', '0000-00-00 00:00:00', '', 'dr. Aulia Ryando', 'participant', '', '3578'),
(1013, 'G3Qx4xzS9LocKvlucrPo9FQAR-WpKjds', NULL, '$2y$13$5CKEtm54jLLLYXj0L4qBIe1kyjtYSWOmN1KSur3R63yajJxuyr4gW', NULL, '982@digimice.id', '10', '0000-00-00 00:00:00', '0000-00-00 00:00:00', '', 'dr. Astrid Hererra E', 'participant', '', '3578'),
(1014, 'G3Qx4xzS9LocKvlucrPo9FQAR-WpKjds', NULL, '$2y$13$5CKEtm54jLLLYXj0L4qBIe1kyjtYSWOmN1KSur3R63yajJxuyr4gW', NULL, '983@digimice.id', '10', '0000-00-00 00:00:00', '0000-00-00 00:00:00', '', 'dr. Arie Eka Yasa', 'participant', '', '3578'),
(1015, 'G3Qx4xzS9LocKvlucrPo9FQAR-WpKjds', NULL, '$2y$13$5CKEtm54jLLLYXj0L4qBIe1kyjtYSWOmN1KSur3R63yajJxuyr4gW', NULL, '984@digimice.id', '10', '0000-00-00 00:00:00', '0000-00-00 00:00:00', '', 'dr. Achmad Fadholi', 'participant', '', '3578'),
(1016, 'G3Qx4xzS9LocKvlucrPo9FQAR-WpKjds', NULL, '$2y$13$5CKEtm54jLLLYXj0L4qBIe1kyjtYSWOmN1KSur3R63yajJxuyr4gW', NULL, '985@digimice.id', '10', '0000-00-00 00:00:00', '0000-00-00 00:00:00', '', 'dr. Christian  Suhud', 'participant', '', '3578'),
(1017, 'G3Qx4xzS9LocKvlucrPo9FQAR-WpKjds', NULL, '$2y$13$5CKEtm54jLLLYXj0L4qBIe1kyjtYSWOmN1KSur3R63yajJxuyr4gW', NULL, '986@digimice.id', '10', '0000-00-00 00:00:00', '0000-00-00 00:00:00', '', 'dr. Tamam Jauhar', 'participant', '', '3578'),
(1018, 'G3Qx4xzS9LocKvlucrPo9FQAR-WpKjds', NULL, '$2y$13$5CKEtm54jLLLYXj0L4qBIe1kyjtYSWOmN1KSur3R63yajJxuyr4gW', NULL, '987@digimice.id', '10', '0000-00-00 00:00:00', '0000-00-00 00:00:00', '', 'dr. Sigit  Lesmonojati', 'participant', '', '3578'),
(1019, 'G3Qx4xzS9LocKvlucrPo9FQAR-WpKjds', NULL, '$2y$13$5CKEtm54jLLLYXj0L4qBIe1kyjtYSWOmN1KSur3R63yajJxuyr4gW', NULL, '988@digimice.id', '10', '0000-00-00 00:00:00', '0000-00-00 00:00:00', '', 'dr. Irma Nilasari', 'participant', '', '3578'),
(1020, 'G3Qx4xzS9LocKvlucrPo9FQAR-WpKjds', NULL, '$2y$13$5CKEtm54jLLLYXj0L4qBIe1kyjtYSWOmN1KSur3R63yajJxuyr4gW', NULL, '989@digimice.id', '10', '0000-00-00 00:00:00', '0000-00-00 00:00:00', '', 'dr. Willien mustika Wira', 'participant', '', '3578'),
(1021, 'G3Qx4xzS9LocKvlucrPo9FQAR-WpKjds', NULL, '$2y$13$5CKEtm54jLLLYXj0L4qBIe1kyjtYSWOmN1KSur3R63yajJxuyr4gW', NULL, '990@digimice.id', '10', '0000-00-00 00:00:00', '0000-00-00 00:00:00', '', 'dr. Defliyana', 'participant', '', '3578'),
(1022, 'G3Qx4xzS9LocKvlucrPo9FQAR-WpKjds', NULL, '$2y$13$5CKEtm54jLLLYXj0L4qBIe1kyjtYSWOmN1KSur3R63yajJxuyr4gW', NULL, '991@digimice.id', '10', '0000-00-00 00:00:00', '0000-00-00 00:00:00', '', 'dr. Ichwan Muqoffi', 'participant', '', '3578'),
(1023, 'G3Qx4xzS9LocKvlucrPo9FQAR-WpKjds', NULL, '$2y$13$5CKEtm54jLLLYXj0L4qBIe1kyjtYSWOmN1KSur3R63yajJxuyr4gW', NULL, '992@digimice.id', '10', '0000-00-00 00:00:00', '0000-00-00 00:00:00', '', 'dr. Candra  Christian Soekamto', 'participant', '', '3578'),
(1024, 'G3Qx4xzS9LocKvlucrPo9FQAR-WpKjds', NULL, '$2y$13$5CKEtm54jLLLYXj0L4qBIe1kyjtYSWOmN1KSur3R63yajJxuyr4gW', NULL, '993@digimice.id', '10', '0000-00-00 00:00:00', '0000-00-00 00:00:00', '', 'dr. Olivia Herliana', 'participant', '', '3578'),
(1025, 'G3Qx4xzS9LocKvlucrPo9FQAR-WpKjds', NULL, '$2y$13$5CKEtm54jLLLYXj0L4qBIe1kyjtYSWOmN1KSur3R63yajJxuyr4gW', NULL, '994@digimice.id', '10', '0000-00-00 00:00:00', '0000-00-00 00:00:00', '', 'dr. Khoirun Nisa’ Secsie Caesari ', 'participant', '', '3578'),
(1026, 'G3Qx4xzS9LocKvlucrPo9FQAR-WpKjds', NULL, '$2y$13$5CKEtm54jLLLYXj0L4qBIe1kyjtYSWOmN1KSur3R63yajJxuyr4gW', NULL, '995@digimice.id', '10', '0000-00-00 00:00:00', '0000-00-00 00:00:00', '', 'dr. Sri  Suwarti', 'participant', '', '3578'),
(1027, 'G3Qx4xzS9LocKvlucrPo9FQAR-WpKjds', NULL, '$2y$13$5CKEtm54jLLLYXj0L4qBIe1kyjtYSWOmN1KSur3R63yajJxuyr4gW', NULL, '996@digimice.id', '10', '0000-00-00 00:00:00', '0000-00-00 00:00:00', '', 'dr. Sihning Endah J Tehupuring', 'participant', '', '3578'),
(1028, 'G3Qx4xzS9LocKvlucrPo9FQAR-WpKjds', NULL, '$2y$13$5CKEtm54jLLLYXj0L4qBIe1kyjtYSWOmN1KSur3R63yajJxuyr4gW', NULL, '997@digimice.id', '10', '0000-00-00 00:00:00', '0000-00-00 00:00:00', '', 'dr. Shelivia Destiana Sucipto Puteri', 'participant', '', '3578'),
(1029, 'G3Qx4xzS9LocKvlucrPo9FQAR-WpKjds', NULL, '$2y$13$5CKEtm54jLLLYXj0L4qBIe1kyjtYSWOmN1KSur3R63yajJxuyr4gW', NULL, '998@digimice.id', '10', '0000-00-00 00:00:00', '0000-00-00 00:00:00', '', 'dr. Siska Yunita R', 'participant', '', '3578'),
(1030, 'G3Qx4xzS9LocKvlucrPo9FQAR-WpKjds', NULL, '$2y$13$5CKEtm54jLLLYXj0L4qBIe1kyjtYSWOmN1KSur3R63yajJxuyr4gW', NULL, '999@digimice.id', '10', '0000-00-00 00:00:00', '0000-00-00 00:00:00', '', 'dr. Widhoretno Wirasari ', 'participant', '', '3578'),
(1031, 'G3Qx4xzS9LocKvlucrPo9FQAR-WpKjds', NULL, '$2y$13$5CKEtm54jLLLYXj0L4qBIe1kyjtYSWOmN1KSur3R63yajJxuyr4gW', NULL, '1000@digimice.id', '10', '0000-00-00 00:00:00', '0000-00-00 00:00:00', '', 'dr. Rochid Umar Zani ', 'participant', '', '3578'),
(1032, 'G3Qx4xzS9LocKvlucrPo9FQAR-WpKjds', NULL, '$2y$13$5CKEtm54jLLLYXj0L4qBIe1kyjtYSWOmN1KSur3R63yajJxuyr4gW', NULL, '1001@digimice.id', '10', '0000-00-00 00:00:00', '0000-00-00 00:00:00', '', 'dr. Putri Nilla Shanty ', 'participant', '', '3578'),
(1033, 'G3Qx4xzS9LocKvlucrPo9FQAR-WpKjds', NULL, '$2y$13$5CKEtm54jLLLYXj0L4qBIe1kyjtYSWOmN1KSur3R63yajJxuyr4gW', NULL, '1002@digimice.id', '10', '0000-00-00 00:00:00', '0000-00-00 00:00:00', '', 'dr. Paramita Sari ', 'participant', '', '3578'),
(1034, 'G3Qx4xzS9LocKvlucrPo9FQAR-WpKjds', NULL, '$2y$13$5CKEtm54jLLLYXj0L4qBIe1kyjtYSWOmN1KSur3R63yajJxuyr4gW', NULL, '1003@digimice.id', '10', '0000-00-00 00:00:00', '0000-00-00 00:00:00', '', 'dr. Hartas Zasika Ekosari ', 'participant', '', '3578'),
(1035, 'G3Qx4xzS9LocKvlucrPo9FQAR-WpKjds', NULL, '$2y$13$5CKEtm54jLLLYXj0L4qBIe1kyjtYSWOmN1KSur3R63yajJxuyr4gW', NULL, '1004@digimice.id', '10', '0000-00-00 00:00:00', '0000-00-00 00:00:00', '', 'dr. Cindikya Saftriani Dewi ', 'participant', '', '3578'),
(1036, 'G3Qx4xzS9LocKvlucrPo9FQAR-WpKjds', NULL, '$2y$13$5CKEtm54jLLLYXj0L4qBIe1kyjtYSWOmN1KSur3R63yajJxuyr4gW', NULL, '1005@digimice.id', '10', '0000-00-00 00:00:00', '0000-00-00 00:00:00', '', 'dr. Meycha Dafhonsa ', 'participant', '', '3578'),
(1037, 'G3Qx4xzS9LocKvlucrPo9FQAR-WpKjds', NULL, '$2y$13$5CKEtm54jLLLYXj0L4qBIe1kyjtYSWOmN1KSur3R63yajJxuyr4gW', NULL, '1006@digimice.id', '10', '0000-00-00 00:00:00', '0000-00-00 00:00:00', '', 'dr. Titin Prihatini ', 'participant', '', '3578'),
(1038, 'G3Qx4xzS9LocKvlucrPo9FQAR-WpKjds', NULL, '$2y$13$5CKEtm54jLLLYXj0L4qBIe1kyjtYSWOmN1KSur3R63yajJxuyr4gW', NULL, '1007@digimice.id', '10', '0000-00-00 00:00:00', '0000-00-00 00:00:00', '', 'dr. Fitria Hasdiana ', 'participant', '', '3578'),
(1039, 'G3Qx4xzS9LocKvlucrPo9FQAR-WpKjds', NULL, '$2y$13$5CKEtm54jLLLYXj0L4qBIe1kyjtYSWOmN1KSur3R63yajJxuyr4gW', NULL, '1008@digimice.id', '10', '0000-00-00 00:00:00', '0000-00-00 00:00:00', '', 'dr. Achmad Jauhar Firdaus ', 'participant', '', '3578'),
(1040, 'G3Qx4xzS9LocKvlucrPo9FQAR-WpKjds', NULL, '$2y$13$5CKEtm54jLLLYXj0L4qBIe1kyjtYSWOmN1KSur3R63yajJxuyr4gW', NULL, '1009@digimice.id', '10', '0000-00-00 00:00:00', '0000-00-00 00:00:00', '', 'dr. Zhafira Anisah Kesuma ', 'participant', '', '3578'),
(1041, 'G3Qx4xzS9LocKvlucrPo9FQAR-WpKjds', NULL, '$2y$13$5CKEtm54jLLLYXj0L4qBIe1kyjtYSWOmN1KSur3R63yajJxuyr4gW', NULL, '1010@digimice.id', '10', '0000-00-00 00:00:00', '0000-00-00 00:00:00', '', 'dr. Enisa Nur Amalia ', 'participant', '', '3578'),
(1042, 'G3Qx4xzS9LocKvlucrPo9FQAR-WpKjds', NULL, '$2y$13$5CKEtm54jLLLYXj0L4qBIe1kyjtYSWOmN1KSur3R63yajJxuyr4gW', NULL, '1011@digimice.id', '10', '0000-00-00 00:00:00', '0000-00-00 00:00:00', '', 'dr. Biyan Maulana ', 'participant', '', '3578'),
(1043, 'G3Qx4xzS9LocKvlucrPo9FQAR-WpKjds', NULL, '$2y$13$5CKEtm54jLLLYXj0L4qBIe1kyjtYSWOmN1KSur3R63yajJxuyr4gW', NULL, '1012@digimice.id', '10', '0000-00-00 00:00:00', '0000-00-00 00:00:00', '', 'dr. Rofiqo Umania Rachmawati ', 'participant', '', '3578'),
(1044, 'G3Qx4xzS9LocKvlucrPo9FQAR-WpKjds', NULL, '$2y$13$5CKEtm54jLLLYXj0L4qBIe1kyjtYSWOmN1KSur3R63yajJxuyr4gW', NULL, '1013@digimice.id', '10', '0000-00-00 00:00:00', '0000-00-00 00:00:00', '', 'dr. Hariz Huda Aditama', 'participant', '', '3578'),
(1045, 'G3Qx4xzS9LocKvlucrPo9FQAR-WpKjds', NULL, '$2y$13$5CKEtm54jLLLYXj0L4qBIe1kyjtYSWOmN1KSur3R63yajJxuyr4gW', NULL, '1014@digimice.id', '10', '0000-00-00 00:00:00', '0000-00-00 00:00:00', '', 'dr. Alif  Mutahhar ', 'participant', '', '3578'),
(1046, 'G3Qx4xzS9LocKvlucrPo9FQAR-WpKjds', NULL, '$2y$13$5CKEtm54jLLLYXj0L4qBIe1kyjtYSWOmN1KSur3R63yajJxuyr4gW', NULL, '1015@digimice.id', '10', '0000-00-00 00:00:00', '0000-00-00 00:00:00', '', 'dr. Dyah Ayu Putri Midiantari ', 'participant', '', '3578'),
(1047, 'G3Qx4xzS9LocKvlucrPo9FQAR-WpKjds', NULL, '$2y$13$5CKEtm54jLLLYXj0L4qBIe1kyjtYSWOmN1KSur3R63yajJxuyr4gW', NULL, '1016@digimice.id', '10', '0000-00-00 00:00:00', '0000-00-00 00:00:00', '', 'dr. Faishal Arif Fathurrahman ', 'participant', '', '3578'),
(1048, 'G3Qx4xzS9LocKvlucrPo9FQAR-WpKjds', NULL, '$2y$13$5CKEtm54jLLLYXj0L4qBIe1kyjtYSWOmN1KSur3R63yajJxuyr4gW', NULL, '1017@digimice.id', '10', '0000-00-00 00:00:00', '0000-00-00 00:00:00', '', 'dr. Megatri Ratna Safitri ', 'participant', '', '3578'),
(1049, 'G3Qx4xzS9LocKvlucrPo9FQAR-WpKjds', NULL, '$2y$13$5CKEtm54jLLLYXj0L4qBIe1kyjtYSWOmN1KSur3R63yajJxuyr4gW', NULL, '1018@digimice.id', '10', '0000-00-00 00:00:00', '0000-00-00 00:00:00', '', 'dr. Silvia', 'participant', '', '3578'),
(1050, 'G3Qx4xzS9LocKvlucrPo9FQAR-WpKjds', NULL, '$2y$13$5CKEtm54jLLLYXj0L4qBIe1kyjtYSWOmN1KSur3R63yajJxuyr4gW', NULL, '1019@digimice.id', '10', '0000-00-00 00:00:00', '0000-00-00 00:00:00', '', 'dr. Novalina Kurnia Dewi ', 'participant', '', '3578'),
(1051, 'G3Qx4xzS9LocKvlucrPo9FQAR-WpKjds', NULL, '$2y$13$5CKEtm54jLLLYXj0L4qBIe1kyjtYSWOmN1KSur3R63yajJxuyr4gW', NULL, '1020@digimice.id', '10', '0000-00-00 00:00:00', '0000-00-00 00:00:00', '', 'dr. Rike  Mia  ', 'participant', '', '3578'),
(1052, 'G3Qx4xzS9LocKvlucrPo9FQAR-WpKjds', NULL, '$2y$13$5CKEtm54jLLLYXj0L4qBIe1kyjtYSWOmN1KSur3R63yajJxuyr4gW', NULL, '1021@digimice.id', '10', '0000-00-00 00:00:00', '0000-00-00 00:00:00', '', 'dr. Aldilasani  Firdhausahadi  ', 'participant', '', '3578'),
(1053, 'G3Qx4xzS9LocKvlucrPo9FQAR-WpKjds', NULL, '$2y$13$5CKEtm54jLLLYXj0L4qBIe1kyjtYSWOmN1KSur3R63yajJxuyr4gW', NULL, '1022@digimice.id', '10', '0000-00-00 00:00:00', '0000-00-00 00:00:00', '', 'dr. Mayta Rithmala  ', 'participant', '', '3578'),
(1054, 'G3Qx4xzS9LocKvlucrPo9FQAR-WpKjds', NULL, '$2y$13$5CKEtm54jLLLYXj0L4qBIe1kyjtYSWOmN1KSur3R63yajJxuyr4gW', NULL, '1023@digimice.id', '10', '0000-00-00 00:00:00', '0000-00-00 00:00:00', '', 'dr. Badik Anna  ', 'participant', '', '3578'),
(1055, 'G3Qx4xzS9LocKvlucrPo9FQAR-WpKjds', NULL, '$2y$13$5CKEtm54jLLLYXj0L4qBIe1kyjtYSWOmN1KSur3R63yajJxuyr4gW', NULL, '1024@digimice.id', '10', '0000-00-00 00:00:00', '0000-00-00 00:00:00', '', 'dr. Maulida Juniar', 'participant', '', '3578'),
(1056, 'G3Qx4xzS9LocKvlucrPo9FQAR-WpKjds', NULL, '$2y$13$5CKEtm54jLLLYXj0L4qBIe1kyjtYSWOmN1KSur3R63yajJxuyr4gW', NULL, '1025@digimice.id', '10', '0000-00-00 00:00:00', '0000-00-00 00:00:00', '', 'dr. Roestantia', 'participant', '', '3578'),
(1057, 'G3Qx4xzS9LocKvlucrPo9FQAR-WpKjds', NULL, '$2y$13$5CKEtm54jLLLYXj0L4qBIe1kyjtYSWOmN1KSur3R63yajJxuyr4gW', NULL, '1026@digimice.id', '10', '0000-00-00 00:00:00', '0000-00-00 00:00:00', '', 'dr. Mochamad Hari Poernama', 'participant', '', '3578'),
(1058, 'G3Qx4xzS9LocKvlucrPo9FQAR-WpKjds', NULL, '$2y$13$5CKEtm54jLLLYXj0L4qBIe1kyjtYSWOmN1KSur3R63yajJxuyr4gW', NULL, '1027@digimice.id', '10', '0000-00-00 00:00:00', '0000-00-00 00:00:00', '', 'dr. Judya Sukmana Sukamto', 'participant', '', '3578'),
(1059, 'G3Qx4xzS9LocKvlucrPo9FQAR-WpKjds', NULL, '$2y$13$5CKEtm54jLLLYXj0L4qBIe1kyjtYSWOmN1KSur3R63yajJxuyr4gW', NULL, '1028@digimice.id', '10', '0000-00-00 00:00:00', '0000-00-00 00:00:00', '', 'dr. Achmad Ichbal', 'participant', '', '3578'),
(1060, 'G3Qx4xzS9LocKvlucrPo9FQAR-WpKjds', NULL, '$2y$13$5CKEtm54jLLLYXj0L4qBIe1kyjtYSWOmN1KSur3R63yajJxuyr4gW', NULL, '1029@digimice.id', '10', '0000-00-00 00:00:00', '0000-00-00 00:00:00', '', 'dr. Irma Paramita Sari', 'participant', '', '3578'),
(1061, 'G3Qx4xzS9LocKvlucrPo9FQAR-WpKjds', NULL, '$2y$13$5CKEtm54jLLLYXj0L4qBIe1kyjtYSWOmN1KSur3R63yajJxuyr4gW', NULL, '1030@digimice.id', '10', '0000-00-00 00:00:00', '0000-00-00 00:00:00', '', 'dr. Fathul Mujib', 'participant', '', '3578'),
(1062, 'G3Qx4xzS9LocKvlucrPo9FQAR-WpKjds', NULL, '$2y$13$5CKEtm54jLLLYXj0L4qBIe1kyjtYSWOmN1KSur3R63yajJxuyr4gW', NULL, '1031@digimice.id', '10', '0000-00-00 00:00:00', '0000-00-00 00:00:00', '', 'dr. Restu Ari Purwani', 'participant', '', '3578'),
(1063, 'G3Qx4xzS9LocKvlucrPo9FQAR-WpKjds', NULL, '$2y$13$5CKEtm54jLLLYXj0L4qBIe1kyjtYSWOmN1KSur3R63yajJxuyr4gW', NULL, '1032@digimice.id', '10', '0000-00-00 00:00:00', '0000-00-00 00:00:00', '', 'dr. Churrijah', 'participant', '', '3578'),
(1064, 'G3Qx4xzS9LocKvlucrPo9FQAR-WpKjds', NULL, '$2y$13$5CKEtm54jLLLYXj0L4qBIe1kyjtYSWOmN1KSur3R63yajJxuyr4gW', NULL, '1033@digimice.id', '10', '0000-00-00 00:00:00', '0000-00-00 00:00:00', '', 'dr. Orin Tasha Ryani Putri', 'participant', '', '3578'),
(1065, 'G3Qx4xzS9LocKvlucrPo9FQAR-WpKjds', NULL, '$2y$13$5CKEtm54jLLLYXj0L4qBIe1kyjtYSWOmN1KSur3R63yajJxuyr4gW', NULL, '1034@digimice.id', '10', '0000-00-00 00:00:00', '0000-00-00 00:00:00', '', 'dr. Irma Devina Grishelda', 'participant', '', '3578'),
(1066, 'G3Qx4xzS9LocKvlucrPo9FQAR-WpKjds', NULL, '$2y$13$5CKEtm54jLLLYXj0L4qBIe1kyjtYSWOmN1KSur3R63yajJxuyr4gW', NULL, '1035@digimice.id', '10', '0000-00-00 00:00:00', '0000-00-00 00:00:00', '', 'dr. Vicky Damayanti, M.Kes', 'participant', '', '3578'),
(1067, 'G3Qx4xzS9LocKvlucrPo9FQAR-WpKjds', NULL, '$2y$13$5CKEtm54jLLLYXj0L4qBIe1kyjtYSWOmN1KSur3R63yajJxuyr4gW', NULL, '1036@digimice.id', '10', '0000-00-00 00:00:00', '0000-00-00 00:00:00', '', 'dr. Elizabeth Aryani, M.Kes', 'participant', '', '3578'),
(1068, 'G3Qx4xzS9LocKvlucrPo9FQAR-WpKjds', NULL, '$2y$13$5CKEtm54jLLLYXj0L4qBIe1kyjtYSWOmN1KSur3R63yajJxuyr4gW', NULL, '1037@digimice.id', '10', '0000-00-00 00:00:00', '0000-00-00 00:00:00', '', 'dr. Thomas Cahyono. M.Med', 'participant', '', '3578'),
(1069, 'G3Qx4xzS9LocKvlucrPo9FQAR-WpKjds', NULL, '$2y$13$5CKEtm54jLLLYXj0L4qBIe1kyjtYSWOmN1KSur3R63yajJxuyr4gW', NULL, '1038@digimice.id', '10', '0000-00-00 00:00:00', '0000-00-00 00:00:00', '', 'dr. Rizkarina Nandadiva', 'participant', '', '3578'),
(1070, 'G3Qx4xzS9LocKvlucrPo9FQAR-WpKjds', NULL, '$2y$13$5CKEtm54jLLLYXj0L4qBIe1kyjtYSWOmN1KSur3R63yajJxuyr4gW', NULL, '1039@digimice.id', '10', '0000-00-00 00:00:00', '0000-00-00 00:00:00', '', 'dr. Gwendolyn Mustika Dewi, MARS', 'participant', '', '3578'),
(1071, 'G3Qx4xzS9LocKvlucrPo9FQAR-WpKjds', NULL, '$2y$13$5CKEtm54jLLLYXj0L4qBIe1kyjtYSWOmN1KSur3R63yajJxuyr4gW', NULL, '1040@digimice.id', '10', '0000-00-00 00:00:00', '0000-00-00 00:00:00', '', 'dr. Lely Nurhayati', 'participant', '', '3578'),
(1072, 'G3Qx4xzS9LocKvlucrPo9FQAR-WpKjds', NULL, '$2y$13$5CKEtm54jLLLYXj0L4qBIe1kyjtYSWOmN1KSur3R63yajJxuyr4gW', NULL, '1041@digimice.id', '10', '0000-00-00 00:00:00', '0000-00-00 00:00:00', '', 'dr. Dani', 'participant', '', '3578'),
(1073, 'G3Qx4xzS9LocKvlucrPo9FQAR-WpKjds', NULL, '$2y$13$5CKEtm54jLLLYXj0L4qBIe1kyjtYSWOmN1KSur3R63yajJxuyr4gW', NULL, '1042@digimice.id', '10', '0000-00-00 00:00:00', '0000-00-00 00:00:00', '', 'dr. Natasa', 'participant', '', '3578'),
(1074, 'G3Qx4xzS9LocKvlucrPo9FQAR-WpKjds', NULL, '$2y$13$5CKEtm54jLLLYXj0L4qBIe1kyjtYSWOmN1KSur3R63yajJxuyr4gW', NULL, '1043@digimice.id', '10', '0000-00-00 00:00:00', '0000-00-00 00:00:00', '', 'dr. Dian Rahma Dewi', 'participant', '', '3578'),
(1075, 'G3Qx4xzS9LocKvlucrPo9FQAR-WpKjds', NULL, '$2y$13$5CKEtm54jLLLYXj0L4qBIe1kyjtYSWOmN1KSur3R63yajJxuyr4gW', NULL, '1044@digimice.id', '10', '0000-00-00 00:00:00', '0000-00-00 00:00:00', '', 'dr. Rastifa', 'participant', '', '3578'),
(1076, 'G3Qx4xzS9LocKvlucrPo9FQAR-WpKjds', NULL, '$2y$13$5CKEtm54jLLLYXj0L4qBIe1kyjtYSWOmN1KSur3R63yajJxuyr4gW', NULL, '1045@digimice.id', '10', '0000-00-00 00:00:00', '0000-00-00 00:00:00', '', 'dr. Sutikno', 'participant', '', '3578'),
(1077, 'G3Qx4xzS9LocKvlucrPo9FQAR-WpKjds', NULL, '$2y$13$5CKEtm54jLLLYXj0L4qBIe1kyjtYSWOmN1KSur3R63yajJxuyr4gW', NULL, '1046@digimice.id', '10', '0000-00-00 00:00:00', '0000-00-00 00:00:00', '', 'dr. Dian Amelia Paulus', 'participant', '', '3578'),
(1078, 'G3Qx4xzS9LocKvlucrPo9FQAR-WpKjds', NULL, '$2y$13$5CKEtm54jLLLYXj0L4qBIe1kyjtYSWOmN1KSur3R63yajJxuyr4gW', NULL, '1047@digimice.id', '10', '0000-00-00 00:00:00', '0000-00-00 00:00:00', '', 'dr. Ruslan', 'participant', '', '3578'),
(1079, 'G3Qx4xzS9LocKvlucrPo9FQAR-WpKjds', NULL, '$2y$13$5CKEtm54jLLLYXj0L4qBIe1kyjtYSWOmN1KSur3R63yajJxuyr4gW', NULL, '1048@digimice.id', '10', '0000-00-00 00:00:00', '0000-00-00 00:00:00', '', 'dr. Ika Indiyah P, M.Kes', 'participant', '', '3578'),
(1080, 'G3Qx4xzS9LocKvlucrPo9FQAR-WpKjds', NULL, '$2y$13$5CKEtm54jLLLYXj0L4qBIe1kyjtYSWOmN1KSur3R63yajJxuyr4gW', NULL, '1049@digimice.id', '10', '0000-00-00 00:00:00', '0000-00-00 00:00:00', '', 'dr. Mabruri', 'participant', '', '3578'),
(1081, 'G3Qx4xzS9LocKvlucrPo9FQAR-WpKjds', NULL, '$2y$13$5CKEtm54jLLLYXj0L4qBIe1kyjtYSWOmN1KSur3R63yajJxuyr4gW', NULL, '1050@digimice.id', '10', '0000-00-00 00:00:00', '0000-00-00 00:00:00', '', 'dr. Sri Wahju Utami  ', 'participant', '', '3578'),
(1082, 'G3Qx4xzS9LocKvlucrPo9FQAR-WpKjds', NULL, '$2y$13$5CKEtm54jLLLYXj0L4qBIe1kyjtYSWOmN1KSur3R63yajJxuyr4gW', NULL, '1051@digimice.id', '10', '0000-00-00 00:00:00', '0000-00-00 00:00:00', '', 'dr. Margriet Mayasin ', 'participant', '', '3578'),
(1083, 'G3Qx4xzS9LocKvlucrPo9FQAR-WpKjds', NULL, '$2y$13$5CKEtm54jLLLYXj0L4qBIe1kyjtYSWOmN1KSur3R63yajJxuyr4gW', NULL, '1052@digimice.id', '10', '0000-00-00 00:00:00', '0000-00-00 00:00:00', '', 'dr. Dwiwijono ', 'participant', '', '3578'),
(1084, 'G3Qx4xzS9LocKvlucrPo9FQAR-WpKjds', NULL, '$2y$13$5CKEtm54jLLLYXj0L4qBIe1kyjtYSWOmN1KSur3R63yajJxuyr4gW', NULL, '1053@digimice.id', '10', '0000-00-00 00:00:00', '0000-00-00 00:00:00', '', 'dr. Achmad Budi Karyono ', 'participant', '', '3578'),
(1085, 'G3Qx4xzS9LocKvlucrPo9FQAR-WpKjds', NULL, '$2y$13$5CKEtm54jLLLYXj0L4qBIe1kyjtYSWOmN1KSur3R63yajJxuyr4gW', NULL, '1054@digimice.id', '10', '0000-00-00 00:00:00', '0000-00-00 00:00:00', '', 'dr. Fara Nurdiana ', 'participant', '', '3578'),
(1086, 'G3Qx4xzS9LocKvlucrPo9FQAR-WpKjds', NULL, '$2y$13$5CKEtm54jLLLYXj0L4qBIe1kyjtYSWOmN1KSur3R63yajJxuyr4gW', NULL, '1055@digimice.id', '10', '0000-00-00 00:00:00', '0000-00-00 00:00:00', '', 'dr. Shirley Febrina ', 'participant', '', '3578'),
(1087, 'G3Qx4xzS9LocKvlucrPo9FQAR-WpKjds', NULL, '$2y$13$5CKEtm54jLLLYXj0L4qBIe1kyjtYSWOmN1KSur3R63yajJxuyr4gW', NULL, '1056@digimice.id', '10', '0000-00-00 00:00:00', '0000-00-00 00:00:00', '', 'dr. Nurlya Novianty', 'participant', '', '3578'),
(1088, 'G3Qx4xzS9LocKvlucrPo9FQAR-WpKjds', NULL, '$2y$13$5CKEtm54jLLLYXj0L4qBIe1kyjtYSWOmN1KSur3R63yajJxuyr4gW', NULL, '1057@digimice.id', '10', '0000-00-00 00:00:00', '0000-00-00 00:00:00', '', 'dr. Abdillah segaf alhadad', 'participant', '', '3578'),
(1089, 'G3Qx4xzS9LocKvlucrPo9FQAR-WpKjds', NULL, '$2y$13$5CKEtm54jLLLYXj0L4qBIe1kyjtYSWOmN1KSur3R63yajJxuyr4gW', NULL, '1058@digimice.id', '10', '0000-00-00 00:00:00', '0000-00-00 00:00:00', '', 'dr. Hetty Puspitaningrum', 'participant', '', '3578'),
(1090, 'G3Qx4xzS9LocKvlucrPo9FQAR-WpKjds', NULL, '$2y$13$5CKEtm54jLLLYXj0L4qBIe1kyjtYSWOmN1KSur3R63yajJxuyr4gW', NULL, '1059@digimice.id', '10', '0000-00-00 00:00:00', '0000-00-00 00:00:00', '', 'dr. Rwin Berthaningrum', 'participant', '', '3578'),
(1091, 'G3Qx4xzS9LocKvlucrPo9FQAR-WpKjds', NULL, '$2y$13$5CKEtm54jLLLYXj0L4qBIe1kyjtYSWOmN1KSur3R63yajJxuyr4gW', NULL, '1060@digimice.id', '10', '0000-00-00 00:00:00', '0000-00-00 00:00:00', '', 'dr. Nurul Hidayah', 'participant', '', '3578'),
(1092, 'G3Qx4xzS9LocKvlucrPo9FQAR-WpKjds', NULL, '$2y$13$5CKEtm54jLLLYXj0L4qBIe1kyjtYSWOmN1KSur3R63yajJxuyr4gW', NULL, '1061@digimice.id', '10', '0000-00-00 00:00:00', '0000-00-00 00:00:00', '', 'dr. Yuni Fatmawati', 'participant', '', '3578'),
(1093, 'G3Qx4xzS9LocKvlucrPo9FQAR-WpKjds', NULL, '$2y$13$5CKEtm54jLLLYXj0L4qBIe1kyjtYSWOmN1KSur3R63yajJxuyr4gW', NULL, '1062@digimice.id', '10', '0000-00-00 00:00:00', '0000-00-00 00:00:00', '', 'dr. Linda Megasari S', 'participant', '', '3578'),
(1094, 'G3Qx4xzS9LocKvlucrPo9FQAR-WpKjds', NULL, '$2y$13$5CKEtm54jLLLYXj0L4qBIe1kyjtYSWOmN1KSur3R63yajJxuyr4gW', NULL, '1063@digimice.id', '10', '0000-00-00 00:00:00', '0000-00-00 00:00:00', '', 'dr. Hidayat', 'participant', '', '3578'),
(1095, 'G3Qx4xzS9LocKvlucrPo9FQAR-WpKjds', NULL, '$2y$13$5CKEtm54jLLLYXj0L4qBIe1kyjtYSWOmN1KSur3R63yajJxuyr4gW', NULL, '1064@digimice.id', '10', '0000-00-00 00:00:00', '0000-00-00 00:00:00', '', 'dr. Imma Rachmawati', 'participant', '', '3578'),
(1096, 'G3Qx4xzS9LocKvlucrPo9FQAR-WpKjds', NULL, '$2y$13$5CKEtm54jLLLYXj0L4qBIe1kyjtYSWOmN1KSur3R63yajJxuyr4gW', NULL, '1065@digimice.id', '10', '0000-00-00 00:00:00', '0000-00-00 00:00:00', '', 'dr. ADE', 'participant', '', '3578'),
(1097, 'G3Qx4xzS9LocKvlucrPo9FQAR-WpKjds', NULL, '$2y$13$5CKEtm54jLLLYXj0L4qBIe1kyjtYSWOmN1KSur3R63yajJxuyr4gW', NULL, '1066@digimice.id', '10', '0000-00-00 00:00:00', '0000-00-00 00:00:00', '', 'dr. HENDRI', 'participant', '', '3578'),
(1098, 'G3Qx4xzS9LocKvlucrPo9FQAR-WpKjds', NULL, '$2y$13$5CKEtm54jLLLYXj0L4qBIe1kyjtYSWOmN1KSur3R63yajJxuyr4gW', NULL, '1067@digimice.id', '10', '0000-00-00 00:00:00', '0000-00-00 00:00:00', '', 'dr. HEXA', 'participant', '', '3578'),
(1099, 'G3Qx4xzS9LocKvlucrPo9FQAR-WpKjds', NULL, '$2y$13$5CKEtm54jLLLYXj0L4qBIe1kyjtYSWOmN1KSur3R63yajJxuyr4gW', NULL, '1068@digimice.id', '10', '0000-00-00 00:00:00', '0000-00-00 00:00:00', '', 'dr. EDDY S', 'participant', '', '3578'),
(1100, 'G3Qx4xzS9LocKvlucrPo9FQAR-WpKjds', NULL, '$2y$13$5CKEtm54jLLLYXj0L4qBIe1kyjtYSWOmN1KSur3R63yajJxuyr4gW', NULL, '1069@digimice.id', '10', '0000-00-00 00:00:00', '0000-00-00 00:00:00', '', 'dr. TJATUR', 'participant', '', '3578'),
(1101, 'G3Qx4xzS9LocKvlucrPo9FQAR-WpKjds', NULL, '$2y$13$5CKEtm54jLLLYXj0L4qBIe1kyjtYSWOmN1KSur3R63yajJxuyr4gW', NULL, '1070@digimice.id', '10', '0000-00-00 00:00:00', '0000-00-00 00:00:00', '', 'dr. KHOTIB', 'participant', '', '3578'),
(1102, 'G3Qx4xzS9LocKvlucrPo9FQAR-WpKjds', NULL, '$2y$13$5CKEtm54jLLLYXj0L4qBIe1kyjtYSWOmN1KSur3R63yajJxuyr4gW', NULL, '1071@digimice.id', '10', '0000-00-00 00:00:00', '0000-00-00 00:00:00', '', 'dr. TALIFFIA SETYA H', 'participant', '', '3578'),
(1103, 'G3Qx4xzS9LocKvlucrPo9FQAR-WpKjds', NULL, '$2y$13$5CKEtm54jLLLYXj0L4qBIe1kyjtYSWOmN1KSur3R63yajJxuyr4gW', NULL, '1072@digimice.id', '10', '0000-00-00 00:00:00', '0000-00-00 00:00:00', '', 'dr. AGUS TRI CAHYONO', 'participant', '', '3578'),
(1104, 'G3Qx4xzS9LocKvlucrPo9FQAR-WpKjds', NULL, '$2y$13$5CKEtm54jLLLYXj0L4qBIe1kyjtYSWOmN1KSur3R63yajJxuyr4gW', NULL, '1073@digimice.id', '10', '0000-00-00 00:00:00', '0000-00-00 00:00:00', '', 'dr. TIEN FARIDA', 'participant', '', '3578'),
(1105, 'G3Qx4xzS9LocKvlucrPo9FQAR-WpKjds', NULL, '$2y$13$5CKEtm54jLLLYXj0L4qBIe1kyjtYSWOmN1KSur3R63yajJxuyr4gW', NULL, '1074@digimice.id', '10', '0000-00-00 00:00:00', '0000-00-00 00:00:00', '', 'dr. YULIUS ANGGANA', 'participant', '', '3578'),
(1106, 'G3Qx4xzS9LocKvlucrPo9FQAR-WpKjds', NULL, '$2y$13$5CKEtm54jLLLYXj0L4qBIe1kyjtYSWOmN1KSur3R63yajJxuyr4gW', NULL, '1075@digimice.id', '10', '0000-00-00 00:00:00', '0000-00-00 00:00:00', '', 'dr. RATIH NAWANG PALUPI', 'participant', '', '3578'),
(1107, 'G3Qx4xzS9LocKvlucrPo9FQAR-WpKjds', NULL, '$2y$13$5CKEtm54jLLLYXj0L4qBIe1kyjtYSWOmN1KSur3R63yajJxuyr4gW', NULL, '1076@digimice.id', '10', '0000-00-00 00:00:00', '0000-00-00 00:00:00', '', 'dr. DEDY HENDRAWAN', 'participant', '', '3578'),
(1108, 'G3Qx4xzS9LocKvlucrPo9FQAR-WpKjds', NULL, '$2y$13$5CKEtm54jLLLYXj0L4qBIe1kyjtYSWOmN1KSur3R63yajJxuyr4gW', NULL, '1077@digimice.id', '10', '0000-00-00 00:00:00', '0000-00-00 00:00:00', '', 'dr. DIAH WAHJU TJAHJANA', 'participant', '', '3578'),
(1109, 'G3Qx4xzS9LocKvlucrPo9FQAR-WpKjds', NULL, '$2y$13$5CKEtm54jLLLYXj0L4qBIe1kyjtYSWOmN1KSur3R63yajJxuyr4gW', NULL, '1078@digimice.id', '10', '0000-00-00 00:00:00', '0000-00-00 00:00:00', '', 'dr. CHRISTIAN TRI WIBOWO', 'participant', '', '3578'),
(1110, 'G3Qx4xzS9LocKvlucrPo9FQAR-WpKjds', NULL, '$2y$13$5CKEtm54jLLLYXj0L4qBIe1kyjtYSWOmN1KSur3R63yajJxuyr4gW', NULL, '1079@digimice.id', '10', '0000-00-00 00:00:00', '0000-00-00 00:00:00', '', 'dr. LESTARI S P', 'participant', '', '3578'),
(1111, 'G3Qx4xzS9LocKvlucrPo9FQAR-WpKjds', NULL, '$2y$13$5CKEtm54jLLLYXj0L4qBIe1kyjtYSWOmN1KSur3R63yajJxuyr4gW', NULL, '1080@digimice.id', '10', '0000-00-00 00:00:00', '0000-00-00 00:00:00', '', 'dr. EKO WAHYU', 'participant', '', '3578'),
(1112, 'G3Qx4xzS9LocKvlucrPo9FQAR-WpKjds', NULL, '$2y$13$5CKEtm54jLLLYXj0L4qBIe1kyjtYSWOmN1KSur3R63yajJxuyr4gW', NULL, '1081@digimice.id', '10', '0000-00-00 00:00:00', '0000-00-00 00:00:00', '', 'dr. ANA KRISMIAWATI', 'participant', '', '3578'),
(1113, 'G3Qx4xzS9LocKvlucrPo9FQAR-WpKjds', NULL, '$2y$13$5CKEtm54jLLLYXj0L4qBIe1kyjtYSWOmN1KSur3R63yajJxuyr4gW', NULL, '1082@digimice.id', '10', '0000-00-00 00:00:00', '0000-00-00 00:00:00', '', 'dr. MEIVY', 'participant', '', '3578'),
(1114, 'G3Qx4xzS9LocKvlucrPo9FQAR-WpKjds', NULL, '$2y$13$5CKEtm54jLLLYXj0L4qBIe1kyjtYSWOmN1KSur3R63yajJxuyr4gW', NULL, '1083@digimice.id', '10', '0000-00-00 00:00:00', '0000-00-00 00:00:00', '', 'dr. SITI HAMIDAH', 'participant', '', '3578'),
(1115, 'G3Qx4xzS9LocKvlucrPo9FQAR-WpKjds', NULL, '$2y$13$5CKEtm54jLLLYXj0L4qBIe1kyjtYSWOmN1KSur3R63yajJxuyr4gW', NULL, '1084@digimice.id', '10', '0000-00-00 00:00:00', '0000-00-00 00:00:00', '', 'dr. CRESTI SUKMADEVI SONDAKH, MKes', 'participant', '', '3578'),
(1116, 'G3Qx4xzS9LocKvlucrPo9FQAR-WpKjds', NULL, '$2y$13$5CKEtm54jLLLYXj0L4qBIe1kyjtYSWOmN1KSur3R63yajJxuyr4gW', NULL, '1085@digimice.id', '10', '0000-00-00 00:00:00', '0000-00-00 00:00:00', '', 'dr. NURUL LAILAH', 'participant', '', '3578'),
(1117, 'G3Qx4xzS9LocKvlucrPo9FQAR-WpKjds', NULL, '$2y$13$5CKEtm54jLLLYXj0L4qBIe1kyjtYSWOmN1KSur3R63yajJxuyr4gW', NULL, '1086@digimice.id', '10', '0000-00-00 00:00:00', '0000-00-00 00:00:00', '', 'dr. BAMBANG W', 'participant', '', '3578'),
(1118, 'G3Qx4xzS9LocKvlucrPo9FQAR-WpKjds', NULL, '$2y$13$5CKEtm54jLLLYXj0L4qBIe1kyjtYSWOmN1KSur3R63yajJxuyr4gW', NULL, '1087@digimice.id', '10', '0000-00-00 00:00:00', '0000-00-00 00:00:00', '', 'dr. ADJI', 'participant', '', '3578'),
(1119, 'G3Qx4xzS9LocKvlucrPo9FQAR-WpKjds', NULL, '$2y$13$5CKEtm54jLLLYXj0L4qBIe1kyjtYSWOmN1KSur3R63yajJxuyr4gW', NULL, '1088@digimice.id', '10', '0000-00-00 00:00:00', '0000-00-00 00:00:00', '', 'dr. HERMAN S', 'participant', '', '3578'),
(1120, 'G3Qx4xzS9LocKvlucrPo9FQAR-WpKjds', NULL, '$2y$13$5CKEtm54jLLLYXj0L4qBIe1kyjtYSWOmN1KSur3R63yajJxuyr4gW', NULL, '1089@digimice.id', '10', '0000-00-00 00:00:00', '0000-00-00 00:00:00', '', 'dr. M AGUST F', 'participant', '', '3578'),
(1121, 'G3Qx4xzS9LocKvlucrPo9FQAR-WpKjds', NULL, '$2y$13$5CKEtm54jLLLYXj0L4qBIe1kyjtYSWOmN1KSur3R63yajJxuyr4gW', NULL, '1090@digimice.id', '10', '0000-00-00 00:00:00', '0000-00-00 00:00:00', '', 'dr. HAYATI', 'participant', '', '3578'),
(1122, 'G3Qx4xzS9LocKvlucrPo9FQAR-WpKjds', NULL, '$2y$13$5CKEtm54jLLLYXj0L4qBIe1kyjtYSWOmN1KSur3R63yajJxuyr4gW', NULL, '1091@digimice.id', '10', '0000-00-00 00:00:00', '0000-00-00 00:00:00', '', 'dr. MEITA', 'participant', '', '3578'),
(1123, 'G3Qx4xzS9LocKvlucrPo9FQAR-WpKjds', NULL, '$2y$13$5CKEtm54jLLLYXj0L4qBIe1kyjtYSWOmN1KSur3R63yajJxuyr4gW', NULL, '1092@digimice.id', '10', '0000-00-00 00:00:00', '0000-00-00 00:00:00', '', 'dr. RETRIATMADJA', 'participant', '', '3578'),
(1124, 'G3Qx4xzS9LocKvlucrPo9FQAR-WpKjds', NULL, '$2y$13$5CKEtm54jLLLYXj0L4qBIe1kyjtYSWOmN1KSur3R63yajJxuyr4gW', NULL, '1093@digimice.id', '10', '0000-00-00 00:00:00', '0000-00-00 00:00:00', '', 'dr. SAIFUDIN', 'participant', '', '3578'),
(1125, 'G3Qx4xzS9LocKvlucrPo9FQAR-WpKjds', NULL, '$2y$13$5CKEtm54jLLLYXj0L4qBIe1kyjtYSWOmN1KSur3R63yajJxuyr4gW', NULL, '1094@digimice.id', '10', '0000-00-00 00:00:00', '0000-00-00 00:00:00', '', 'dr. MASYHUDI', 'participant', '', '3578'),
(1126, 'G3Qx4xzS9LocKvlucrPo9FQAR-WpKjds', NULL, '$2y$13$5CKEtm54jLLLYXj0L4qBIe1kyjtYSWOmN1KSur3R63yajJxuyr4gW', NULL, '1095@digimice.id', '10', '0000-00-00 00:00:00', '0000-00-00 00:00:00', '', 'dr. CICIK SECHA', 'participant', '', '3578'),
(1127, 'G3Qx4xzS9LocKvlucrPo9FQAR-WpKjds', NULL, '$2y$13$5CKEtm54jLLLYXj0L4qBIe1kyjtYSWOmN1KSur3R63yajJxuyr4gW', NULL, '1096@digimice.id', '10', '0000-00-00 00:00:00', '0000-00-00 00:00:00', '', 'dr. MARIA', 'participant', '', '3578'),
(1128, 'G3Qx4xzS9LocKvlucrPo9FQAR-WpKjds', NULL, '$2y$13$5CKEtm54jLLLYXj0L4qBIe1kyjtYSWOmN1KSur3R63yajJxuyr4gW', NULL, '1097@digimice.id', '10', '0000-00-00 00:00:00', '0000-00-00 00:00:00', '', 'dr. IRAWATI', 'participant', '', '3578'),
(1129, 'G3Qx4xzS9LocKvlucrPo9FQAR-WpKjds', NULL, '$2y$13$5CKEtm54jLLLYXj0L4qBIe1kyjtYSWOmN1KSur3R63yajJxuyr4gW', NULL, '1098@digimice.id', '10', '0000-00-00 00:00:00', '0000-00-00 00:00:00', '', 'dr. NUGROHO EKO', 'participant', '', '3578'),
(1130, 'G3Qx4xzS9LocKvlucrPo9FQAR-WpKjds', NULL, '$2y$13$5CKEtm54jLLLYXj0L4qBIe1kyjtYSWOmN1KSur3R63yajJxuyr4gW', NULL, '1099@digimice.id', '10', '0000-00-00 00:00:00', '0000-00-00 00:00:00', '', 'dr. ENI WAHYUNI', 'participant', '', '3578'),
(1131, 'G3Qx4xzS9LocKvlucrPo9FQAR-WpKjds', NULL, '$2y$13$5CKEtm54jLLLYXj0L4qBIe1kyjtYSWOmN1KSur3R63yajJxuyr4gW', NULL, '1100@digimice.id', '10', '0000-00-00 00:00:00', '0000-00-00 00:00:00', '', 'dr. CRISNA', 'participant', '', '3578'),
(1132, 'G3Qx4xzS9LocKvlucrPo9FQAR-WpKjds', NULL, '$2y$13$5CKEtm54jLLLYXj0L4qBIe1kyjtYSWOmN1KSur3R63yajJxuyr4gW', NULL, '1101@digimice.id', '10', '0000-00-00 00:00:00', '0000-00-00 00:00:00', '', 'dr. PRAJOGO', 'participant', '', '3578'),
(1133, 'G3Qx4xzS9LocKvlucrPo9FQAR-WpKjds', NULL, '$2y$13$5CKEtm54jLLLYXj0L4qBIe1kyjtYSWOmN1KSur3R63yajJxuyr4gW', NULL, '1102@digimice.id', '10', '0000-00-00 00:00:00', '0000-00-00 00:00:00', '', 'dr. RIRIN PUSPITASARI', 'participant', '', '3578'),
(1134, 'G3Qx4xzS9LocKvlucrPo9FQAR-WpKjds', NULL, '$2y$13$5CKEtm54jLLLYXj0L4qBIe1kyjtYSWOmN1KSur3R63yajJxuyr4gW', NULL, '1103@digimice.id', '10', '0000-00-00 00:00:00', '0000-00-00 00:00:00', '', 'dr. ACUB ZAENAL AMOE', 'participant', '', '3578'),
(1135, 'G3Qx4xzS9LocKvlucrPo9FQAR-WpKjds', NULL, '$2y$13$5CKEtm54jLLLYXj0L4qBIe1kyjtYSWOmN1KSur3R63yajJxuyr4gW', NULL, '1104@digimice.id', '10', '0000-00-00 00:00:00', '0000-00-00 00:00:00', '', 'dr. DEDDY W', 'participant', '', '3578'),
(1136, 'G3Qx4xzS9LocKvlucrPo9FQAR-WpKjds', NULL, '$2y$13$5CKEtm54jLLLYXj0L4qBIe1kyjtYSWOmN1KSur3R63yajJxuyr4gW', NULL, '1105@digimice.id', '10', '0000-00-00 00:00:00', '0000-00-00 00:00:00', '', 'dr. SULUH R', 'participant', '', '3578'),
(1137, 'G3Qx4xzS9LocKvlucrPo9FQAR-WpKjds', NULL, '$2y$13$5CKEtm54jLLLYXj0L4qBIe1kyjtYSWOmN1KSur3R63yajJxuyr4gW', NULL, '1106@digimice.id', '10', '0000-00-00 00:00:00', '0000-00-00 00:00:00', '', 'dr. ERA K', 'participant', '', '3578'),
(1138, 'G3Qx4xzS9LocKvlucrPo9FQAR-WpKjds', NULL, '$2y$13$5CKEtm54jLLLYXj0L4qBIe1kyjtYSWOmN1KSur3R63yajJxuyr4gW', NULL, '1107@digimice.id', '10', '0000-00-00 00:00:00', '0000-00-00 00:00:00', '', 'dr. GESTA', 'participant', '', '3578'),
(1139, 'G3Qx4xzS9LocKvlucrPo9FQAR-WpKjds', NULL, '$2y$13$5CKEtm54jLLLYXj0L4qBIe1kyjtYSWOmN1KSur3R63yajJxuyr4gW', NULL, '1108@digimice.id', '10', '0000-00-00 00:00:00', '0000-00-00 00:00:00', '', 'dr. AYU HARTINI', 'participant', '', '3578'),
(1140, 'G3Qx4xzS9LocKvlucrPo9FQAR-WpKjds', NULL, '$2y$13$5CKEtm54jLLLYXj0L4qBIe1kyjtYSWOmN1KSur3R63yajJxuyr4gW', NULL, '1109@digimice.id', '10', '0000-00-00 00:00:00', '0000-00-00 00:00:00', '', 'dr. MUSTADHIM', 'participant', '', '3506'),
(1141, 'G3Qx4xzS9LocKvlucrPo9FQAR-WpKjds', NULL, '$2y$13$5CKEtm54jLLLYXj0L4qBIe1kyjtYSWOmN1KSur3R63yajJxuyr4gW', NULL, '1110@digimice.id', '10', '0000-00-00 00:00:00', '0000-00-00 00:00:00', '', 'dr. ZAINAL ABIDIN', 'participant', '', '3506'),
(1142, 'G3Qx4xzS9LocKvlucrPo9FQAR-WpKjds', NULL, '$2y$13$5CKEtm54jLLLYXj0L4qBIe1kyjtYSWOmN1KSur3R63yajJxuyr4gW', NULL, '1111@digimice.id', '10', '0000-00-00 00:00:00', '0000-00-00 00:00:00', '', 'dr. AS\'AD ZAINUDIN', 'participant', '', '3529'),
(1143, 'G3Qx4xzS9LocKvlucrPo9FQAR-WpKjds', NULL, '$2y$13$5CKEtm54jLLLYXj0L4qBIe1kyjtYSWOmN1KSur3R63yajJxuyr4gW', NULL, '1112@digimice.id', '10', '0000-00-00 00:00:00', '0000-00-00 00:00:00', '', 'dr. ZARAWANDAH ANJASMORO', 'participant', '', '3529'),
(1144, 'G3Qx4xzS9LocKvlucrPo9FQAR-WpKjds', NULL, '$2y$13$5CKEtm54jLLLYXj0L4qBIe1kyjtYSWOmN1KSur3R63yajJxuyr4gW', NULL, '1113@digimice.id', '10', '0000-00-00 00:00:00', '0000-00-00 00:00:00', '', 'dr. UMI FADILA', 'participant', '', '3511'),
(1145, 'G3Qx4xzS9LocKvlucrPo9FQAR-WpKjds', NULL, '$2y$13$5CKEtm54jLLLYXj0L4qBIe1kyjtYSWOmN1KSur3R63yajJxuyr4gW', NULL, '1114@digimice.id', '10', '0000-00-00 00:00:00', '0000-00-00 00:00:00', '', 'dr. RASMONO', 'participant', '', '3511'),
(1146, 'G3Qx4xzS9LocKvlucrPo9FQAR-WpKjds', NULL, '$2y$13$5CKEtm54jLLLYXj0L4qBIe1kyjtYSWOmN1KSur3R63yajJxuyr4gW', NULL, '1115@digimice.id', '10', '0000-00-00 00:00:00', '0000-00-00 00:00:00', '', 'dr. SUDJARWO', 'participant', '', '3575'),
(1147, 'G3Qx4xzS9LocKvlucrPo9FQAR-WpKjds', NULL, '$2y$13$5CKEtm54jLLLYXj0L4qBIe1kyjtYSWOmN1KSur3R63yajJxuyr4gW', NULL, '1116@digimice.id', '10', '0000-00-00 00:00:00', '0000-00-00 00:00:00', '', 'dr. AGUS SULISTIAWAN', 'participant', '', '3671'),
(1148, 'G3Qx4xzS9LocKvlucrPo9FQAR-WpKjds', NULL, '$2y$13$5CKEtm54jLLLYXj0L4qBIe1kyjtYSWOmN1KSur3R63yajJxuyr4gW', NULL, '1117@digimice.id', '10', '0000-00-00 00:00:00', '0000-00-00 00:00:00', '', 'dr. DEDI INDRA WIJAYA', 'participant', '', '3571'),
(1149, 'G3Qx4xzS9LocKvlucrPo9FQAR-WpKjds', NULL, '$2y$13$5CKEtm54jLLLYXj0L4qBIe1kyjtYSWOmN1KSur3R63yajJxuyr4gW', NULL, '1118@digimice.id', '10', '0000-00-00 00:00:00', '0000-00-00 00:00:00', '', 'dr. SITI NURFAIDAH', 'participant', '', '3502'),
(1150, 'G3Qx4xzS9LocKvlucrPo9FQAR-WpKjds', NULL, '$2y$13$5CKEtm54jLLLYXj0L4qBIe1kyjtYSWOmN1KSur3R63yajJxuyr4gW', NULL, '1119@digimice.id', '10', '0000-00-00 00:00:00', '0000-00-00 00:00:00', '', 'dr. ADI SURYANINGSIH', 'participant', '', '3502'),
(1151, 'G3Qx4xzS9LocKvlucrPo9FQAR-WpKjds', NULL, '$2y$13$5CKEtm54jLLLYXj0L4qBIe1kyjtYSWOmN1KSur3R63yajJxuyr4gW', NULL, '1120@digimice.id', '10', '0000-00-00 00:00:00', '0000-00-00 00:00:00', '', 'dr. A ZAIN W', 'participant', '', '3509'),
(1152, 'G3Qx4xzS9LocKvlucrPo9FQAR-WpKjds', NULL, '$2y$13$5CKEtm54jLLLYXj0L4qBIe1kyjtYSWOmN1KSur3R63yajJxuyr4gW', NULL, '1121@digimice.id', '10', '0000-00-00 00:00:00', '0000-00-00 00:00:00', '', 'dr. AMAM SANTOSO', 'participant', '', '3519'),
(1153, 'G3Qx4xzS9LocKvlucrPo9FQAR-WpKjds', NULL, '$2y$13$5CKEtm54jLLLYXj0L4qBIe1kyjtYSWOmN1KSur3R63yajJxuyr4gW', NULL, '1122@digimice.id', '10', '0000-00-00 00:00:00', '0000-00-00 00:00:00', '', 'dr. RAHMAT RAMADHANI', 'participant', '', '3519'),
(1154, 'G3Qx4xzS9LocKvlucrPo9FQAR-WpKjds', NULL, '$2y$13$5CKEtm54jLLLYXj0L4qBIe1kyjtYSWOmN1KSur3R63yajJxuyr4gW', NULL, '1123@digimice.id', '10', '0000-00-00 00:00:00', '0000-00-00 00:00:00', '', 'dr. RATNA SULISTYOWATI, MKes', 'participant', '', '3503'),
(1155, 'G3Qx4xzS9LocKvlucrPo9FQAR-WpKjds', NULL, '$2y$13$5CKEtm54jLLLYXj0L4qBIe1kyjtYSWOmN1KSur3R63yajJxuyr4gW', NULL, '1124@digimice.id', '10', '0000-00-00 00:00:00', '0000-00-00 00:00:00', '', 'dr. DIDIK AGUNG', 'participant', '', '3515'),
(1156, 'G3Qx4xzS9LocKvlucrPo9FQAR-WpKjds', NULL, '$2y$13$5CKEtm54jLLLYXj0L4qBIe1kyjtYSWOmN1KSur3R63yajJxuyr4gW', NULL, '1125@digimice.id', '10', '0000-00-00 00:00:00', '0000-00-00 00:00:00', '', 'dr. SILVY RAHMAHYANTY', 'participant', '', '3515'),
(1157, 'G3Qx4xzS9LocKvlucrPo9FQAR-WpKjds', NULL, '$2y$13$5CKEtm54jLLLYXj0L4qBIe1kyjtYSWOmN1KSur3R63yajJxuyr4gW', NULL, '1126@digimice.id', '10', '0000-00-00 00:00:00', '0000-00-00 00:00:00', '', 'dr. Miftahul Khoiriyah, Mkes', 'participant', '', '3576'),
(1158, 'G3Qx4xzS9LocKvlucrPo9FQAR-WpKjds', NULL, '$2y$13$5CKEtm54jLLLYXj0L4qBIe1kyjtYSWOmN1KSur3R63yajJxuyr4gW', NULL, '1127@digimice.id', '10', '0000-00-00 00:00:00', '0000-00-00 00:00:00', '', 'dr. LUTFI RAHMAN', 'participant', '', '3576'),
(1159, 'G3Qx4xzS9LocKvlucrPo9FQAR-WpKjds', NULL, '$2y$13$5CKEtm54jLLLYXj0L4qBIe1kyjtYSWOmN1KSur3R63yajJxuyr4gW', NULL, '1128@digimice.id', '10', '0000-00-00 00:00:00', '0000-00-00 00:00:00', '', 'dr. DIDIK JAMADI', 'participant', '', '3518'),
(1160, 'G3Qx4xzS9LocKvlucrPo9FQAR-WpKjds', NULL, '$2y$13$5CKEtm54jLLLYXj0L4qBIe1kyjtYSWOmN1KSur3R63yajJxuyr4gW', NULL, '1129@digimice.id', '10', '0000-00-00 00:00:00', '0000-00-00 00:00:00', '', 'dr. M. CHOLID', 'participant', '', '3518'),
(1161, 'G3Qx4xzS9LocKvlucrPo9FQAR-WpKjds', NULL, '$2y$13$5CKEtm54jLLLYXj0L4qBIe1kyjtYSWOmN1KSur3R63yajJxuyr4gW', NULL, '1130@digimice.id', '10', '0000-00-00 00:00:00', '0000-00-00 00:00:00', '', 'dr. KURNIYANTO', 'participant', '', '3510'),
(1162, 'G3Qx4xzS9LocKvlucrPo9FQAR-WpKjds', NULL, '$2y$13$5CKEtm54jLLLYXj0L4qBIe1kyjtYSWOmN1KSur3R63yajJxuyr4gW', NULL, '1131@digimice.id', '10', '0000-00-00 00:00:00', '0000-00-00 00:00:00', '', 'dr. MOH MASYHUDI', 'participant', '', '3523'),
(1163, 'G3Qx4xzS9LocKvlucrPo9FQAR-WpKjds', NULL, '$2y$13$5CKEtm54jLLLYXj0L4qBIe1kyjtYSWOmN1KSur3R63yajJxuyr4gW', NULL, '1132@digimice.id', '10', '0000-00-00 00:00:00', '0000-00-00 00:00:00', '', 'dr. ANIK YUNIDA', 'participant', '', '3523'),
(1164, 'G3Qx4xzS9LocKvlucrPo9FQAR-WpKjds', NULL, '$2y$13$5CKEtm54jLLLYXj0L4qBIe1kyjtYSWOmN1KSur3R63yajJxuyr4gW', NULL, '1133@digimice.id', '10', '0000-00-00 00:00:00', '0000-00-00 00:00:00', '', 'dr. MUHAMMAD ARIF SURJADI', 'participant', '', '3507'),
(1165, 'G3Qx4xzS9LocKvlucrPo9FQAR-WpKjds', NULL, '$2y$13$5CKEtm54jLLLYXj0L4qBIe1kyjtYSWOmN1KSur3R63yajJxuyr4gW', NULL, '1134@digimice.id', '10', '0000-00-00 00:00:00', '0000-00-00 00:00:00', '', 'dr. ALFAN RIZKI NUR ROHMAN', 'participant', '', '3507'),
(1166, 'G3Qx4xzS9LocKvlucrPo9FQAR-WpKjds', NULL, '$2y$13$5CKEtm54jLLLYXj0L4qBIe1kyjtYSWOmN1KSur3R63yajJxuyr4gW', NULL, '1135@digimice.id', '10', '0000-00-00 00:00:00', '0000-00-00 00:00:00', '', 'dr. TRI SUSANDHI JULIARTO, M.MKes', 'participant', '', '3528'),
(1167, 'G3Qx4xzS9LocKvlucrPo9FQAR-WpKjds', NULL, '$2y$13$5CKEtm54jLLLYXj0L4qBIe1kyjtYSWOmN1KSur3R63yajJxuyr4gW', NULL, '1136@digimice.id', '10', '0000-00-00 00:00:00', '0000-00-00 00:00:00', '', 'dr. HAMSAWI, SH', 'participant', '', '3528'),
(1168, 'G3Qx4xzS9LocKvlucrPo9FQAR-WpKjds', NULL, '$2y$13$5CKEtm54jLLLYXj0L4qBIe1kyjtYSWOmN1KSur3R63yajJxuyr4gW', NULL, '1137@digimice.id', '10', '0000-00-00 00:00:00', '0000-00-00 00:00:00', '', 'dr. INDAH PITARTI', 'participant', '', '3521'),
(1169, 'G3Qx4xzS9LocKvlucrPo9FQAR-WpKjds', NULL, '$2y$13$5CKEtm54jLLLYXj0L4qBIe1kyjtYSWOmN1KSur3R63yajJxuyr4gW', NULL, '1138@digimice.id', '10', '0000-00-00 00:00:00', '0000-00-00 00:00:00', '', 'dr.Nur Ahaddiyah', 'participant', '', '3509'),
(1170, 'G3Qx4xzS9LocKvlucrPo9FQAR-WpKjds', NULL, '$2y$13$5CKEtm54jLLLYXj0L4qBIe1kyjtYSWOmN1KSur3R63yajJxuyr4gW', NULL, '1139@digimice.id', '10', '0000-00-00 00:00:00', '0000-00-00 00:00:00', '', 'dr. Nuri Usmawati', 'participant', '', '3509'),
(1171, 'G3Qx4xzS9LocKvlucrPo9FQAR-WpKjds', NULL, '$2y$13$5CKEtm54jLLLYXj0L4qBIe1kyjtYSWOmN1KSur3R63yajJxuyr4gW', NULL, '1140@digimice.id', '10', '0000-00-00 00:00:00', '0000-00-00 00:00:00', '', 'dr. Arti Tyagita Kusumawardhani', 'participant', '', '3509'),
(1172, 'G3Qx4xzS9LocKvlucrPo9FQAR-WpKjds', NULL, '$2y$13$5CKEtm54jLLLYXj0L4qBIe1kyjtYSWOmN1KSur3R63yajJxuyr4gW', NULL, '1141@digimice.id', '10', '0000-00-00 00:00:00', '0000-00-00 00:00:00', '', 'dr.Nurfalakis ', 'participant', '', '3509'),
(1173, 'G3Qx4xzS9LocKvlucrPo9FQAR-WpKjds', NULL, '$2y$13$5CKEtm54jLLLYXj0L4qBIe1kyjtYSWOmN1KSur3R63yajJxuyr4gW', NULL, '1142@digimice.id', '10', '0000-00-00 00:00:00', '0000-00-00 00:00:00', '', 'dr. Tunsiah', 'participant', '', '3509'),
(1174, 'G3Qx4xzS9LocKvlucrPo9FQAR-WpKjds', NULL, '$2y$13$5CKEtm54jLLLYXj0L4qBIe1kyjtYSWOmN1KSur3R63yajJxuyr4gW', NULL, '1143@digimice.id', '10', '0000-00-00 00:00:00', '0000-00-00 00:00:00', '', 'dr. Endang Sulistyowati ER ', 'participant', '', '3509'),
(1175, 'G3Qx4xzS9LocKvlucrPo9FQAR-WpKjds', NULL, '$2y$13$5CKEtm54jLLLYXj0L4qBIe1kyjtYSWOmN1KSur3R63yajJxuyr4gW', NULL, '1144@digimice.id', '10', '0000-00-00 00:00:00', '0000-00-00 00:00:00', '', 'dr. Niluh Hendrawanti, M.M Kes', 'participant', '', '3509'),
(1176, 'G3Qx4xzS9LocKvlucrPo9FQAR-WpKjds', NULL, '$2y$13$5CKEtm54jLLLYXj0L4qBIe1kyjtYSWOmN1KSur3R63yajJxuyr4gW', NULL, '1145@digimice.id', '10', '0000-00-00 00:00:00', '0000-00-00 00:00:00', '', 'dr. Martha Nuraini Putri ', 'participant', '', '3509'),
(1177, 'G3Qx4xzS9LocKvlucrPo9FQAR-WpKjds', NULL, '$2y$13$5CKEtm54jLLLYXj0L4qBIe1kyjtYSWOmN1KSur3R63yajJxuyr4gW', NULL, '1146@digimice.id', '10', '0000-00-00 00:00:00', '0000-00-00 00:00:00', '', 'dr. Sukron Nanda Firmansyah', 'participant', '', '3509'),
(1178, 'G3Qx4xzS9LocKvlucrPo9FQAR-WpKjds', NULL, '$2y$13$5CKEtm54jLLLYXj0L4qBIe1kyjtYSWOmN1KSur3R63yajJxuyr4gW', NULL, '1147@digimice.id', '10', '0000-00-00 00:00:00', '0000-00-00 00:00:00', '', 'dr Firman Fadly Kusuma Putra ', 'participant', '', '3509'),
(1179, 'G3Qx4xzS9LocKvlucrPo9FQAR-WpKjds', NULL, '$2y$13$5CKEtm54jLLLYXj0L4qBIe1kyjtYSWOmN1KSur3R63yajJxuyr4gW', NULL, '1148@digimice.id', '10', '0000-00-00 00:00:00', '0000-00-00 00:00:00', '', 'dr.Riska Nur Emalia R ', 'participant', '', '3509'),
(1180, 'G3Qx4xzS9LocKvlucrPo9FQAR-WpKjds', NULL, '$2y$13$5CKEtm54jLLLYXj0L4qBIe1kyjtYSWOmN1KSur3R63yajJxuyr4gW', NULL, '1149@digimice.id', '10', '0000-00-00 00:00:00', '0000-00-00 00:00:00', '', 'dr Ariani Windaastuti ', 'participant', '', '3509'),
(1181, 'G3Qx4xzS9LocKvlucrPo9FQAR-WpKjds', NULL, '$2y$13$5CKEtm54jLLLYXj0L4qBIe1kyjtYSWOmN1KSur3R63yajJxuyr4gW', NULL, '1150@digimice.id', '10', '0000-00-00 00:00:00', '0000-00-00 00:00:00', '', 'dr. Achmad Primaharianto ', 'participant', '', '3509'),
(1182, 'G3Qx4xzS9LocKvlucrPo9FQAR-WpKjds', NULL, '$2y$13$5CKEtm54jLLLYXj0L4qBIe1kyjtYSWOmN1KSur3R63yajJxuyr4gW', NULL, '1151@digimice.id', '10', '0000-00-00 00:00:00', '0000-00-00 00:00:00', '', 'dr. Lina Oktaviani ', 'participant', '', '3509'),
(1183, 'G3Qx4xzS9LocKvlucrPo9FQAR-WpKjds', NULL, '$2y$13$5CKEtm54jLLLYXj0L4qBIe1kyjtYSWOmN1KSur3R63yajJxuyr4gW', NULL, '1152@digimice.id', '10', '0000-00-00 00:00:00', '0000-00-00 00:00:00', '', 'dr. Syaiful Anam ', 'participant', '', '3509'),
(1184, 'G3Qx4xzS9LocKvlucrPo9FQAR-WpKjds', NULL, '$2y$13$5CKEtm54jLLLYXj0L4qBIe1kyjtYSWOmN1KSur3R63yajJxuyr4gW', NULL, '1153@digimice.id', '10', '0000-00-00 00:00:00', '0000-00-00 00:00:00', '', 'dr. Maria Ulfa Rahardja ', 'participant', '', '3509'),
(1185, 'G3Qx4xzS9LocKvlucrPo9FQAR-WpKjds', NULL, '$2y$13$5CKEtm54jLLLYXj0L4qBIe1kyjtYSWOmN1KSur3R63yajJxuyr4gW', NULL, '1154@digimice.id', '10', '0000-00-00 00:00:00', '0000-00-00 00:00:00', '', 'dr. Sinta Agita Anggraini ', 'participant', '', '3509'),
(1186, 'G3Qx4xzS9LocKvlucrPo9FQAR-WpKjds', NULL, '$2y$13$5CKEtm54jLLLYXj0L4qBIe1kyjtYSWOmN1KSur3R63yajJxuyr4gW', NULL, '1155@digimice.id', '10', '0000-00-00 00:00:00', '0000-00-00 00:00:00', '', 'dr. Triyanto Budi R ', 'participant', '', '3509'),
(1187, 'G3Qx4xzS9LocKvlucrPo9FQAR-WpKjds', NULL, '$2y$13$5CKEtm54jLLLYXj0L4qBIe1kyjtYSWOmN1KSur3R63yajJxuyr4gW', NULL, '1156@digimice.id', '10', '0000-00-00 00:00:00', '0000-00-00 00:00:00', '', 'dr Moh Hisyam Rifqi ', 'participant', '', '3509'),
(1188, 'G3Qx4xzS9LocKvlucrPo9FQAR-WpKjds', NULL, '$2y$13$5CKEtm54jLLLYXj0L4qBIe1kyjtYSWOmN1KSur3R63yajJxuyr4gW', NULL, '1157@digimice.id', '10', '0000-00-00 00:00:00', '0000-00-00 00:00:00', '', 'dr. Mujiani ', 'participant', '', '3509'),
(1189, 'G3Qx4xzS9LocKvlucrPo9FQAR-WpKjds', NULL, '$2y$13$5CKEtm54jLLLYXj0L4qBIe1kyjtYSWOmN1KSur3R63yajJxuyr4gW', NULL, '1158@digimice.id', '10', '0000-00-00 00:00:00', '0000-00-00 00:00:00', '', 'dr. Oktavia Wahyu KM ', 'participant', '', '3509');
INSERT INTO `user` (`id`, `auth_key`, `avatar`, `password_hash`, `password_reset_token`, `email`, `status`, `created_at`, `updated_at`, `verification_token`, `name`, `role`, `phone`, `regencies_id`) VALUES
(1190, 'G3Qx4xzS9LocKvlucrPo9FQAR-WpKjds', NULL, '$2y$13$5CKEtm54jLLLYXj0L4qBIe1kyjtYSWOmN1KSur3R63yajJxuyr4gW', NULL, '1159@digimice.id', '10', '0000-00-00 00:00:00', '0000-00-00 00:00:00', '', 'dr. Tri Ritasari ', 'participant', '', '3509'),
(1191, 'G3Qx4xzS9LocKvlucrPo9FQAR-WpKjds', NULL, '$2y$13$5CKEtm54jLLLYXj0L4qBIe1kyjtYSWOmN1KSur3R63yajJxuyr4gW', NULL, '1160@digimice.id', '10', '0000-00-00 00:00:00', '0000-00-00 00:00:00', '', 'dr.Halimah Arvi S. ', 'participant', '', '3509'),
(1192, 'G3Qx4xzS9LocKvlucrPo9FQAR-WpKjds', NULL, '$2y$13$5CKEtm54jLLLYXj0L4qBIe1kyjtYSWOmN1KSur3R63yajJxuyr4gW', NULL, '1161@digimice.id', '10', '0000-00-00 00:00:00', '0000-00-00 00:00:00', '', 'dr. Zaenab ', 'participant', '', '3509'),
(1193, 'G3Qx4xzS9LocKvlucrPo9FQAR-WpKjds', NULL, '$2y$13$5CKEtm54jLLLYXj0L4qBIe1kyjtYSWOmN1KSur3R63yajJxuyr4gW', NULL, '1162@digimice.id', '10', '0000-00-00 00:00:00', '0000-00-00 00:00:00', '', 'dr. Vania Salsabila Kamil', 'participant', '', '3509'),
(1194, 'G3Qx4xzS9LocKvlucrPo9FQAR-WpKjds', NULL, '$2y$13$5CKEtm54jLLLYXj0L4qBIe1kyjtYSWOmN1KSur3R63yajJxuyr4gW', NULL, '1163@digimice.id', '10', '0000-00-00 00:00:00', '0000-00-00 00:00:00', '', 'dr. Dhea  Anyssa Rachmawati', 'participant', '', '3509'),
(1195, 'G3Qx4xzS9LocKvlucrPo9FQAR-WpKjds', NULL, '$2y$13$5CKEtm54jLLLYXj0L4qBIe1kyjtYSWOmN1KSur3R63yajJxuyr4gW', NULL, '1164@digimice.id', '10', '0000-00-00 00:00:00', '0000-00-00 00:00:00', '', 'dr. Ni Putu Dewi Puspawati', 'participant', '', '3509'),
(1196, 'G3Qx4xzS9LocKvlucrPo9FQAR-WpKjds', NULL, '$2y$13$5CKEtm54jLLLYXj0L4qBIe1kyjtYSWOmN1KSur3R63yajJxuyr4gW', NULL, '1165@digimice.id', '10', '0000-00-00 00:00:00', '0000-00-00 00:00:00', '', 'dr. Chindia Rima Rohmatika Bunga Lestari', 'participant', '', '3509'),
(1197, 'G3Qx4xzS9LocKvlucrPo9FQAR-WpKjds', NULL, '$2y$13$5CKEtm54jLLLYXj0L4qBIe1kyjtYSWOmN1KSur3R63yajJxuyr4gW', NULL, '1166@digimice.id', '10', '0000-00-00 00:00:00', '0000-00-00 00:00:00', '', 'dr. Nadya Ayu Setyorini', 'participant', '', '3509'),
(1198, 'G3Qx4xzS9LocKvlucrPo9FQAR-WpKjds', NULL, '$2y$13$5CKEtm54jLLLYXj0L4qBIe1kyjtYSWOmN1KSur3R63yajJxuyr4gW', NULL, '1167@digimice.id', '10', '0000-00-00 00:00:00', '0000-00-00 00:00:00', '', 'dr. Fungky Anthony Kuswanto', 'participant', '', '3509'),
(1199, 'G3Qx4xzS9LocKvlucrPo9FQAR-WpKjds', NULL, '$2y$13$5CKEtm54jLLLYXj0L4qBIe1kyjtYSWOmN1KSur3R63yajJxuyr4gW', NULL, '1168@digimice.id', '10', '0000-00-00 00:00:00', '0000-00-00 00:00:00', '', 'dr. Gurid Anggridiaksha', 'participant', '', '3509'),
(1200, 'G3Qx4xzS9LocKvlucrPo9FQAR-WpKjds', NULL, '$2y$13$5CKEtm54jLLLYXj0L4qBIe1kyjtYSWOmN1KSur3R63yajJxuyr4gW', NULL, '1169@digimice.id', '10', '0000-00-00 00:00:00', '0000-00-00 00:00:00', '', 'dr. Handoko Kosasih', 'participant', '', '3509'),
(1201, 'G3Qx4xzS9LocKvlucrPo9FQAR-WpKjds', NULL, '$2y$13$5CKEtm54jLLLYXj0L4qBIe1kyjtYSWOmN1KSur3R63yajJxuyr4gW', NULL, '1170@digimice.id', '10', '0000-00-00 00:00:00', '0000-00-00 00:00:00', '', 'dr. Audrey Soegiarto Santoso', 'participant', '', '3509'),
(1202, 'G3Qx4xzS9LocKvlucrPo9FQAR-WpKjds', NULL, '$2y$13$5CKEtm54jLLLYXj0L4qBIe1kyjtYSWOmN1KSur3R63yajJxuyr4gW', NULL, '1171@digimice.id', '10', '0000-00-00 00:00:00', '0000-00-00 00:00:00', '', 'dr. Radityo Priambodo', 'participant', '', '3509'),
(1203, 'G3Qx4xzS9LocKvlucrPo9FQAR-WpKjds', NULL, '$2y$13$5CKEtm54jLLLYXj0L4qBIe1kyjtYSWOmN1KSur3R63yajJxuyr4gW', NULL, '1172@digimice.id', '10', '0000-00-00 00:00:00', '0000-00-00 00:00:00', '', 'dr. Alfa Rianul Setiawan', 'participant', '', '3509'),
(1204, 'G3Qx4xzS9LocKvlucrPo9FQAR-WpKjds', NULL, '$2y$13$5CKEtm54jLLLYXj0L4qBIe1kyjtYSWOmN1KSur3R63yajJxuyr4gW', NULL, '1173@digimice.id', '10', '0000-00-00 00:00:00', '0000-00-00 00:00:00', '', 'dr Yudia Candrawati', 'participant', '', '3509'),
(1205, 'G3Qx4xzS9LocKvlucrPo9FQAR-WpKjds', NULL, '$2y$13$5CKEtm54jLLLYXj0L4qBIe1kyjtYSWOmN1KSur3R63yajJxuyr4gW', NULL, '1174@digimice.id', '10', '0000-00-00 00:00:00', '0000-00-00 00:00:00', '', 'dr. Budiarto ', 'participant', '', '3509'),
(1206, 'G3Qx4xzS9LocKvlucrPo9FQAR-WpKjds', NULL, '$2y$13$5CKEtm54jLLLYXj0L4qBIe1kyjtYSWOmN1KSur3R63yajJxuyr4gW', NULL, '1175@digimice.id', '10', '0000-00-00 00:00:00', '0000-00-00 00:00:00', '', 'dr. Renny Wulan Sari ', 'participant', '', '3509'),
(1207, 'G3Qx4xzS9LocKvlucrPo9FQAR-WpKjds', NULL, '$2y$13$5CKEtm54jLLLYXj0L4qBIe1kyjtYSWOmN1KSur3R63yajJxuyr4gW', NULL, '1176@digimice.id', '10', '0000-00-00 00:00:00', '0000-00-00 00:00:00', '', 'dr. Meliyana ', 'participant', '', '3509'),
(1208, 'G3Qx4xzS9LocKvlucrPo9FQAR-WpKjds', NULL, '$2y$13$5CKEtm54jLLLYXj0L4qBIe1kyjtYSWOmN1KSur3R63yajJxuyr4gW', NULL, '1177@digimice.id', '10', '0000-00-00 00:00:00', '0000-00-00 00:00:00', '', 'dr. Triandra Devinta Suparno ', 'participant', '', '3509'),
(1209, 'G3Qx4xzS9LocKvlucrPo9FQAR-WpKjds', NULL, '$2y$13$5CKEtm54jLLLYXj0L4qBIe1kyjtYSWOmN1KSur3R63yajJxuyr4gW', NULL, '1178@digimice.id', '10', '0000-00-00 00:00:00', '0000-00-00 00:00:00', '', 'dr. Yedi Murdanu ', 'participant', '', '3509'),
(1210, 'G3Qx4xzS9LocKvlucrPo9FQAR-WpKjds', NULL, '$2y$13$5CKEtm54jLLLYXj0L4qBIe1kyjtYSWOmN1KSur3R63yajJxuyr4gW', NULL, '1179@digimice.id', '10', '0000-00-00 00:00:00', '0000-00-00 00:00:00', '', 'dr. Refa Primadani Yusuf ', 'participant', '', '3509'),
(1211, 'G3Qx4xzS9LocKvlucrPo9FQAR-WpKjds', NULL, '$2y$13$5CKEtm54jLLLYXj0L4qBIe1kyjtYSWOmN1KSur3R63yajJxuyr4gW', NULL, '1180@digimice.id', '10', '0000-00-00 00:00:00', '0000-00-00 00:00:00', '', 'dr. Widya Astri Lintera ', 'participant', '', '3509'),
(1212, 'G3Qx4xzS9LocKvlucrPo9FQAR-WpKjds', NULL, '$2y$13$5CKEtm54jLLLYXj0L4qBIe1kyjtYSWOmN1KSur3R63yajJxuyr4gW', NULL, '1181@digimice.id', '10', '0000-00-00 00:00:00', '0000-00-00 00:00:00', '', 'dr. Dyanita Sulistyawati ', 'participant', '', '3509'),
(1213, 'G3Qx4xzS9LocKvlucrPo9FQAR-WpKjds', NULL, '$2y$13$5CKEtm54jLLLYXj0L4qBIe1kyjtYSWOmN1KSur3R63yajJxuyr4gW', NULL, '1182@digimice.id', '10', '0000-00-00 00:00:00', '0000-00-00 00:00:00', '', 'dr. Winda Rosita Dewi ', 'participant', '', '3509'),
(1214, 'G3Qx4xzS9LocKvlucrPo9FQAR-WpKjds', NULL, '$2y$13$5CKEtm54jLLLYXj0L4qBIe1kyjtYSWOmN1KSur3R63yajJxuyr4gW', NULL, '1183@digimice.id', '10', '0000-00-00 00:00:00', '0000-00-00 00:00:00', '', 'dr. Kun Chyntia Mega Ningrum', 'participant', '', '3509'),
(1215, 'G3Qx4xzS9LocKvlucrPo9FQAR-WpKjds', NULL, '$2y$13$5CKEtm54jLLLYXj0L4qBIe1kyjtYSWOmN1KSur3R63yajJxuyr4gW', NULL, '1184@digimice.id', '10', '0000-00-00 00:00:00', '0000-00-00 00:00:00', '', 'dr. Eki Siwi Dwicahyanti ', 'participant', '', '3509'),
(1216, 'G3Qx4xzS9LocKvlucrPo9FQAR-WpKjds', NULL, '$2y$13$5CKEtm54jLLLYXj0L4qBIe1kyjtYSWOmN1KSur3R63yajJxuyr4gW', NULL, '1185@digimice.id', '10', '0000-00-00 00:00:00', '0000-00-00 00:00:00', '', 'dr. I Wayan Sulianta ', 'participant', '', '3509'),
(1217, 'G3Qx4xzS9LocKvlucrPo9FQAR-WpKjds', NULL, '$2y$13$5CKEtm54jLLLYXj0L4qBIe1kyjtYSWOmN1KSur3R63yajJxuyr4gW', NULL, '1186@digimice.id', '10', '0000-00-00 00:00:00', '0000-00-00 00:00:00', '', 'dr. Rita Wahyuningsih ', 'participant', '', '3509'),
(1218, 'G3Qx4xzS9LocKvlucrPo9FQAR-WpKjds', NULL, '$2y$13$5CKEtm54jLLLYXj0L4qBIe1kyjtYSWOmN1KSur3R63yajJxuyr4gW', NULL, '1187@digimice.id', '10', '0000-00-00 00:00:00', '0000-00-00 00:00:00', '', 'dr. Rukhin Ali ', 'participant', '', '3509'),
(1219, 'G3Qx4xzS9LocKvlucrPo9FQAR-WpKjds', NULL, '$2y$13$5CKEtm54jLLLYXj0L4qBIe1kyjtYSWOmN1KSur3R63yajJxuyr4gW', NULL, '1188@digimice.id', '10', '0000-00-00 00:00:00', '0000-00-00 00:00:00', '', 'dr. Desy Damayantie ', 'participant', '', '3509'),
(1220, 'G3Qx4xzS9LocKvlucrPo9FQAR-WpKjds', NULL, '$2y$13$5CKEtm54jLLLYXj0L4qBIe1kyjtYSWOmN1KSur3R63yajJxuyr4gW', NULL, '1189@digimice.id', '10', '0000-00-00 00:00:00', '0000-00-00 00:00:00', '', 'dr. Rahmat Waluyo', 'participant', '', '3509'),
(1221, 'G3Qx4xzS9LocKvlucrPo9FQAR-WpKjds', NULL, '$2y$13$5CKEtm54jLLLYXj0L4qBIe1kyjtYSWOmN1KSur3R63yajJxuyr4gW', NULL, '1190@digimice.id', '10', '0000-00-00 00:00:00', '0000-00-00 00:00:00', '', 'dr. Irsyad Herminofa', 'participant', '', '3509'),
(1222, 'G3Qx4xzS9LocKvlucrPo9FQAR-WpKjds', NULL, '$2y$13$5CKEtm54jLLLYXj0L4qBIe1kyjtYSWOmN1KSur3R63yajJxuyr4gW', NULL, '1191@digimice.id', '10', '0000-00-00 00:00:00', '0000-00-00 00:00:00', '', 'dr. Yakubus Wanusukhy', 'participant', '', '3509'),
(1223, 'G3Qx4xzS9LocKvlucrPo9FQAR-WpKjds', NULL, '$2y$13$5CKEtm54jLLLYXj0L4qBIe1kyjtYSWOmN1KSur3R63yajJxuyr4gW', NULL, '1192@digimice.id', '10', '0000-00-00 00:00:00', '0000-00-00 00:00:00', '', 'dr. Kinik Darsono,  MPd. Ked.', 'participant', '', '3509'),
(1224, 'G3Qx4xzS9LocKvlucrPo9FQAR-WpKjds', NULL, '$2y$13$5CKEtm54jLLLYXj0L4qBIe1kyjtYSWOmN1KSur3R63yajJxuyr4gW', NULL, '1193@digimice.id', '10', '0000-00-00 00:00:00', '0000-00-00 00:00:00', '', 'dr. Cholidah Hanum', 'participant', '', '3509'),
(1225, 'G3Qx4xzS9LocKvlucrPo9FQAR-WpKjds', NULL, '$2y$13$5CKEtm54jLLLYXj0L4qBIe1kyjtYSWOmN1KSur3R63yajJxuyr4gW', NULL, '1194@digimice.id', '10', '0000-00-00 00:00:00', '0000-00-00 00:00:00', '', 'dr.Deetje Christy Anggraini M.', 'participant', '', '3509'),
(1226, 'G3Qx4xzS9LocKvlucrPo9FQAR-WpKjds', NULL, '$2y$13$5CKEtm54jLLLYXj0L4qBIe1kyjtYSWOmN1KSur3R63yajJxuyr4gW', NULL, '1195@digimice.id', '10', '0000-00-00 00:00:00', '0000-00-00 00:00:00', '', 'dr. Bayu Chandra Cahyono', 'participant', '', '3509'),
(1227, 'G3Qx4xzS9LocKvlucrPo9FQAR-WpKjds', NULL, '$2y$13$5CKEtm54jLLLYXj0L4qBIe1kyjtYSWOmN1KSur3R63yajJxuyr4gW', NULL, '1196@digimice.id', '10', '0000-00-00 00:00:00', '0000-00-00 00:00:00', '', 'dr. Condro Suryo Bawono', 'participant', '', '3509'),
(1228, 'G3Qx4xzS9LocKvlucrPo9FQAR-WpKjds', NULL, '$2y$13$5CKEtm54jLLLYXj0L4qBIe1kyjtYSWOmN1KSur3R63yajJxuyr4gW', NULL, '1197@digimice.id', '10', '0000-00-00 00:00:00', '0000-00-00 00:00:00', '', 'dr. Yeni Rachmawati Komalasari', 'participant', '', '3509'),
(1229, 'G3Qx4xzS9LocKvlucrPo9FQAR-WpKjds', NULL, '$2y$13$5CKEtm54jLLLYXj0L4qBIe1kyjtYSWOmN1KSur3R63yajJxuyr4gW', NULL, '1198@digimice.id', '10', '0000-00-00 00:00:00', '0000-00-00 00:00:00', '', 'dr. Chikita Rizqi Hanifati', 'participant', '', '3509'),
(1230, 'G3Qx4xzS9LocKvlucrPo9FQAR-WpKjds', NULL, '$2y$13$5CKEtm54jLLLYXj0L4qBIe1kyjtYSWOmN1KSur3R63yajJxuyr4gW', NULL, '1199@digimice.id', '10', '0000-00-00 00:00:00', '0000-00-00 00:00:00', '', 'dr. Arisanty Nur Setia Restuti', 'participant', '', '3509'),
(1231, 'G3Qx4xzS9LocKvlucrPo9FQAR-WpKjds', NULL, '$2y$13$5CKEtm54jLLLYXj0L4qBIe1kyjtYSWOmN1KSur3R63yajJxuyr4gW', NULL, '1200@digimice.id', '10', '0000-00-00 00:00:00', '0000-00-00 00:00:00', '', 'dr. Rinda Nurul Karimah', 'participant', '', '3509'),
(1232, 'G3Qx4xzS9LocKvlucrPo9FQAR-WpKjds', NULL, '$2y$13$5CKEtm54jLLLYXj0L4qBIe1kyjtYSWOmN1KSur3R63yajJxuyr4gW', NULL, '1201@digimice.id', '10', '0000-00-00 00:00:00', '0000-00-00 00:00:00', '', 'dr. Ratna Anggraini', 'participant', '', '3509'),
(1233, 'G3Qx4xzS9LocKvlucrPo9FQAR-WpKjds', NULL, '$2y$13$5CKEtm54jLLLYXj0L4qBIe1kyjtYSWOmN1KSur3R63yajJxuyr4gW', NULL, '1202@digimice.id', '10', '0000-00-00 00:00:00', '0000-00-00 00:00:00', '', 'dr. Anindita Pramadyasiwi', 'participant', '', '3509'),
(1234, 'uhHoyB1q9LyXfa1b0OhqXxV7wRcoVL7E', NULL, '$2y$13$1z3Y1r4nhjwAgPnYrxo2requn4CJlGNpLiURIUZph46RFlJaRJpSK', NULL, 'jember@mail.com', '10', '0000-00-00 00:00:00', '0000-00-00 00:00:00', 'u-LrZxkTBD4idTlfuYGyfqdRrE--HOcM_1573231138', 'Panitia Jember 1', 'eo', '081', ''),
(1235, '1XN_eAiXodQgL4elEXuDayCld3bFv91V', NULL, '$2y$13$QWvlOPDqzqmfNW45ksc1L.eu4VUAEAMlF.kzeuHj6Hx8cRn/iq/sq', NULL, 'sby1@panitia.com', '10', '0000-00-00 00:00:00', '0000-00-00 00:00:00', 'awCpZ5OTmQvbFhTOE4Y3pmfDaAZJB2Bm_1573231359', 'Panitia Surabaya 1', 'eo', '081', ''),
(1236, '1XN_eAiXodQgL4elEXuDayCld3bFv91V', NULL, '$2y$13$QWvlOPDqzqmfNW45ksc1L.eu4VUAEAMlF.kzeuHj6Hx8cRn/iq/sq', NULL, 'sby2@panitia.com', '10', '0000-00-00 00:00:00', '0000-00-00 00:00:00', '8Qs7ZCKHUBPiyR2CsI5COv0Mx5UYGgWl_1573231559', 'Panitia Surabaya 2', 'eo', '081', ''),
(1237, '1XN_eAiXodQgL4elEXuDayCld3bFv91V', NULL, '$2y$13$QWvlOPDqzqmfNW45ksc1L.eu4VUAEAMlF.kzeuHj6Hx8cRn/iq/sq', NULL, 'sby3@panitia.com', '10', '0000-00-00 00:00:00', '0000-00-00 00:00:00', 'bBDxtKacG4ADTEpHcQlPiurCgujlp1pu_1573231609', 'Panitia Surabaya 3', 'eo', '081', ''),
(1238, '1XN_eAiXodQgL4elEXuDayCld3bFv91V', NULL, '$2y$13$QWvlOPDqzqmfNW45ksc1L.eu4VUAEAMlF.kzeuHj6Hx8cRn/iq/sq', NULL, 'sby4@panitia.com', '10', '0000-00-00 00:00:00', '0000-00-00 00:00:00', '0P5e0G86HNgMy75OoV2dIydlfg8GpLfL_1573231645', 'Panitia Surabaya 4', 'eo', '081', ''),
(1239, '1XN_eAiXodQgL4elEXuDayCld3bFv91V', NULL, '$2y$13$QWvlOPDqzqmfNW45ksc1L.eu4VUAEAMlF.kzeuHj6Hx8cRn/iq/sq', NULL, 'sby5@panitia.com', '10', '0000-00-00 00:00:00', '0000-00-00 00:00:00', 'eEzYKXLg-a_EU_iD573BJVJJd6yEZcSM_1573231738', 'Panitia Surabaya 5', 'eo', '081', ''),
(1240, '1XN_eAiXodQgL4elEXuDayCld3bFv91V', NULL, '$2y$13$QWvlOPDqzqmfNW45ksc1L.eu4VUAEAMlF.kzeuHj6Hx8cRn/iq/sq', NULL, 'sby6@panitia.com', '10', '0000-00-00 00:00:00', '0000-00-00 00:00:00', '6AhOblnmCLUz9yB5Ckdb9a0cYlZApRhj_1573231775', 'Panitia Surabaya 6', 'eo', '081', ''),
(1241, 'xaZQnKSWeuSpIAAbexCsMG0Z38Aogi1-', NULL, '$2y$13$Aa5PxdBTkgCxR5qBXX7syushv0TcqBWlYO1kQnyH/vOe7uFu2wDQK', NULL, 'x14@mail.com', '10', '0000-00-00 00:00:00', '0000-00-00 00:00:00', 'ZuaaHJC19_dSIFwJnA00hkzjiZWfFDLF_1573232353', 'X14 Peserta', 'participant', '081', ''),
(1242, 'EAKD_dgy0ysMimAiUGL3HcIM4ZgxVGQg', NULL, '$2y$13$P946d7pmE8XMLx/.L5f0iusCiEbLA/VkOexCfNlfEr9LtiR9W7.N2', NULL, 'asal@gmail.com', '10', '0000-00-00 00:00:00', '0000-00-00 00:00:00', 'Ym7HmlN0ryxSWXjnVCh3f_ljR6PXzG_C_1573233075', 'Dr. Warih Kusumaningtyas', 'participant', '0856 3838 5674', ''),
(1243, 'WEEdCa09_Ty-PUvBURgYGrBFX4wpxWmi', NULL, '$2y$13$bBmXOiWcQi4mAK.edAKRq.R1avYVXyqKzRx/f0JIFUE1o.i4CDg7q', NULL, 'abc@gmail.com', '10', '0000-00-00 00:00:00', '0000-00-00 00:00:00', 'vAu8zF8U4QGgIOLZRvOGlzvHPPbJ6xRA_1573233145', 'Dr. Sri Widiastutik', 'participant', '567890', '3401'),
(1244, 'xou8sdRGCCoh2cvJsqZo22kqwYc3DW9b', NULL, '$2y$13$r/n15b2PSfYV8MTIArIQs.z0x/7j7oJO/R52SgGR76LdZIVbkuYre', NULL, 'bcd@gmail.com', '10', '0000-00-00 00:00:00', '0000-00-00 00:00:00', 'DAHIHZrFS7xjrWS2rHBcm39SHJuiuhN7_1573233260', 'Dr. Stefani Soraya Yonelis', 'guess', '1234567', '5201'),
(1245, 'GpkETQDoIKbuRWSZQUhpJyYIb1vD8zCW', NULL, '$2y$13$6zUlvnKCA4rf1AkafPl31.hBZ4JqYyCyY/9r9YJ6aGRiQXThDThKu', NULL, 'baju@gmail.com', '10', '0000-00-00 00:00:00', '0000-00-00 00:00:00', 'lmq59TxsfJqaXkNXMueccGQ1_HwbfYE7_1573233315', 'Dr. Biliningsih', 'participant', '7890654', '6103'),
(1246, 'Ml-zP6Wh3A9zpMLyZmyOMbPjbD6FOEnX', NULL, '$2y$13$HusN14TvzBACnJaTBsoRsu3xug8glhX9zpUt12c9lcaY9PW9stDWu', NULL, 'makan@gmail.com', '10', '0000-00-00 00:00:00', '0000-00-00 00:00:00', 'EJhKmPdeH_kiD2ENvciFAKbc27YHCISf_1573233442', 'Dr. Choirotussanijjah', 'participant', '123450', '6101'),
(1247, 'e0gLRlX_Uq2yECFG1aq0nhoAn_Madi7U', NULL, '$2y$13$7bawJkttj//oXmrat4LAUen57.UQX5MvMFxAagPf10Voepvg5phj6', NULL, 'mau@gmail.com', '10', '0000-00-00 00:00:00', '0000-00-00 00:00:00', '-NX2Tdoxem__LEdraWwcK53oeh9tJEq1_1573233495', 'Dr. Irmawan Farindra', 'participant', '98765', '5201'),
(1248, 'Ji3iZ9EDB9SUZs4OlYjrXgFcauHbDJwb', NULL, '$2y$13$tvWwfkzy.w1aaDFc8VazuuA7Z6MPUKnVSpPEzPRjWL27hFgdKqH4O', NULL, 'sama@gmail.com', '10', '0000-00-00 00:00:00', '0000-00-00 00:00:00', 'J4ADTiwfCLDuaiDfK-cUfEL1VNwwCuYi_1573233538', 'Dr. Warda El Maida Rusdi', 'participant', '87654', '6301'),
(1249, 'Jo2eRWKj9X-GAsmERrbq2T5koCnKEbbJ', NULL, '$2y$13$1rW93qBjunUnB7TYhoc6De.8B7GKp4iJDMe.mRCa4ixhVTDlw6N.K', NULL, 'sisa@gmail.com', '10', '0000-00-00 00:00:00', '0000-00-00 00:00:00', 'mw0LTifu_btoA0QpsGWmwQXWaEzZhXKW_1573233592', 'Dr. Renny Novi Puspitasari', 'participant', '567890', '6301'),
(1250, 'OVAo1tjSLBba9krGoQlYCDX5BTp1sDk8', NULL, '$2y$13$jEMYzvLU0JRFWbqqMwtivucjyHGNOLHCdSy7HG/GUT30nFsl2t8Ta', NULL, 'nana@gmail.com', '10', '0000-00-00 00:00:00', '0000-00-00 00:00:00', 'TOpX7iCpONEGtnf5oQkyfgv3a_QRgTHf_1573233645', 'Dr. Diah Retno Kusumawati', 'participant', '765432', '6103'),
(1251, 'rOZ3n_smI1t0xCTP4CRLxHFBmcs5fkWl', NULL, '$2y$13$MEVLMz25VMamG.WZJjhG7.sMSMwKjbbck9YrxxNDJ.WB09yOvR7zG', NULL, 'sasa@gmail.com', '10', '0000-00-00 00:00:00', '0000-00-00 00:00:00', 'vyTfQidmcD_qC8tAEC0QbUcrJcj6ZVve_1573233980', 'Dr. Ganis Rahma Yani', 'participant', '67549', '5319'),
(1252, 'AfGYR4lcPD1hI9dm1m8AXC6_L4gBOrc7', NULL, '$2y$13$giPR/XuK0TGO90RS4Na3bOu2TuJWz5XH2ihBk5DvShSfMNMwtnlFS', NULL, 'nama@gmail.com', '10', '0000-00-00 00:00:00', '0000-00-00 00:00:00', 'j2GI7mdojszKAWbHg_qwodtEfZ0E4zzC_1573234212', 'Dr. nurul hidayati', 'participant', '987654', '5371'),
(1253, 'DxSqTi52n2mbq5swhmcMzsvLkTu48CFT', NULL, '$2y$13$s9pJP4Wh1hnZOFbL8q8u4eTI7IRYSeOC.0vryQqhlM50h69O/SNcy', NULL, 'mama@gmail.com', '10', '0000-00-00 00:00:00', '0000-00-00 00:00:00', 'RN8gonr6wIHYT7_v1hBMNvMUUlbhS1vW_1573235189', 'Dr. Reza Suzana', 'participant', '987654', '5201'),
(1254, 'typoOxDf121Dvi43L3QHbvJYBiCA0XWO', NULL, '$2y$13$CjMX769aBojxfIqzbPemT.k3huotKPfli5GY86W0tH0grpTlibiNy', NULL, 'mami@gmail.com', '10', '0000-00-00 00:00:00', '0000-00-00 00:00:00', 'yLJr7thRU2PBRYzPtLnLTTKrYfhEcLuF_1573235518', 'Dr. KHOIRUN NISA\' SECSIE CAESARI', 'participant', '98675', '5201'),
(1255, 'Y-MtGsJmrlKoSDu14iKpg4T07E0pdN88', NULL, '$2y$13$C/W3xvCosSPG7U0.SKoboOiEF1Tt0MmvSLWi2xlR.V4gur4On9G4O', NULL, 'mima@gmail.com', '10', '0000-00-00 00:00:00', '0000-00-00 00:00:00', 'VmrvVe9kQq7izl5cHQFpTz127-Mk69QD_1573235839', 'Dr. mirda', 'participant', '129876', '1376'),
(1256, '7uFPTN7Y1fs_ye4ILTqfA-VxmDIpR2KE', NULL, '$2y$13$nTOViA7X58auK93i3tCB2OhUI3RyWmBygQ7l09qFSuxGBFRsr6/em', NULL, 'siapa@gmail.com', '10', '0000-00-00 00:00:00', '0000-00-00 00:00:00', 'ut98z0dtttBouSpDbX-DxZ7epqrVJZMc_1573236436', 'dr. Andrew Limandow ', 'participant', '87654', '5320'),
(1257, 'Oewz_dEL_Xjt71Rhvtfwi7QVThxQisJ0', NULL, '$2y$13$R4gP9pyWvORR9bxME3CzEuqPL3BVyhe4XlKgj0IHrg3xheUH1WA8W', NULL, 'nina@gmail.com', '10', '0000-00-00 00:00:00', '0000-00-00 00:00:00', 'OTZTNmVu_Q_G6wLPdadTEm18HsqaFaj8_1573236527', 'Dr. Bobby Hartono', 'participant', '09876', ''),
(1258, 'gfaucopVqkRQr3_ANl89pTMNfv2Mcz2T', NULL, '$2y$13$L9hdXtQ2GDmH0GnMJwb/quHCUjRVKYLwB2FsHNQwvI2XKI4mlr.BW', NULL, 'sasi@gmail.com', '10', '0000-00-00 00:00:00', '0000-00-00 00:00:00', 'ZhbcmFamXP45Ft5la2xwEXlx3ogve3zf_1573236574', 'Nina Amelia Indah Kusumo', 'lead eo', '098765', '5201'),
(1259, 'Fbhnue3XmLFqn0lBxX2-GHoaKr1f6_ck', NULL, '$2y$13$N12xq8xDK4EgSJ1pCxgXm.d3vVTcdDglG02ilntSaRi35KrboZvKe', NULL, 'sasin@gmail.com', '10', '0000-00-00 00:00:00', '0000-00-00 00:00:00', 'LRHvf1u_PV6ZI0gJOzhFHe0pzaU1Zxjn_1573236643', 'Adelia Limandow', 'participant', '098765', ''),
(1260, 'U9WS62pTIFDj24Tk0cckx451r-59Kvmo', NULL, '$2y$13$OA1holnnQnyxz2QxBAHQ9eH0HtnteBW5P3J1xbL/2xZoFh5JGClVq', NULL, 'x15@dummy.au', '10', '0000-00-00 00:00:00', '0000-00-00 00:00:00', 'mPOOicL46ki7q6CAA71Fibk1p0skKchj_1573238361', 'X15 Peserta Dummy', 'participant', '081', ''),
(1261, 'WWZEeXXgnnU_nG6pWQcp0oKsEYTkKlGv', NULL, '$2y$13$bFKHxHZNbLIwRhsQJWV9Y..9Lcog1KtyuAsJPo78TNyVsaeIIqjOS', NULL, 'nani@gmail.com', '10', '0000-00-00 00:00:00', '0000-00-00 00:00:00', 'vH9WDKZagsIuaYvS57119NqXBsJQJqg__1573257564', 'Dr. Lucky fitvia', 'participant', '89765', '3101'),
(1262, 'oW8-Mc33eqfIvhfOuCJLxm-psIazXgkN', NULL, '$2y$13$q0Vu1Glp4zzg86KEjCB0OuXgewz6VjfE5GsEUa.ykaurpun6LSjCO', NULL, 'nanu@gmail.com', '10', '0000-00-00 00:00:00', '0000-00-00 00:00:00', '4JFkZu3lOxaBeP0458U1wVhovAJXa618_1573257706', 'dr. Lucky Fitvia Eka', 'participant', '1235478', ''),
(1263, 'wETFc3ZfmoSdwEnoUVMtdUGdoLJMOS1N', NULL, '$2y$13$pSwD9ZNqhdiEvYhUejK/EOtOXNLB7FwJG1OcnxbJeSMLCSH15M4bq', NULL, 'na77@gmail.com', '10', '0000-00-00 00:00:00', '0000-00-00 00:00:00', 'EKqT03klU8NKM1GMLPkosFVWJjgOOa73_1573257714', 'dr. Lucky Fitvia Eka', 'participant', '1235478', ''),
(1264, 'B6_zjJKddIYpGb122yhpkX_Lho3fG8y1', NULL, '$2y$13$YNFG0HrQRw.JGSstkb6yvu4zBCpR9XYfo4Xnm45AEfsdAh1L6pZKG', NULL, 'xsa@gmail.com', '10', '0000-00-00 00:00:00', '0000-00-00 00:00:00', 'bC2QMcxhLIpoRyp7fb_YfbkUKFi9p_m9_1573257785', 'dr. Afan Abdul Jabbar', 'participant', '0811111', '5202'),
(1265, 'US1CqwNmr_64IpB-GmWn_-eGuBkA6nT-', NULL, '$2y$13$hXh5wPhx2ATcMCVfgrYX.uxxTyAg3Qtw8Vt9AeZzcT9EYepweWjOe', NULL, 'oke@gmail.com', '10', '0000-00-00 00:00:00', '0000-00-00 00:00:00', 'RpP3mE9dFgVawL3v-L03uqK8yxD1_u_e_1573258824', 'Dr. Santy', 'participant', '08996370909', ''),
(1266, 'ZuqfUk2dmID_ZRn66buDFR13khfY_rTB', NULL, '$2y$13$i7zSu4S002UCaAt5IjuytuPh0LLBdE6ywrV/MgIOcx0cUEJVAEBki', NULL, 'ardibayu999@gmail.com', '10', '0000-00-00 00:00:00', '0000-00-00 00:00:00', 'Q19nufp3DYIgnaK9cFeiikNn4cyTnIA0_1573259194', 'dr. Ardi Bayu Sutrisno', 'participant', '081336414204', '3509'),
(1267, 'TBjbLw9cq9A5Fy4jAvc1n0WICWukXAFl', NULL, '$2y$13$aZFtdVxULz41MXJJHqaMlOV0EQptxpkA7Au2JQP9Xy6E5y3v7Xw0a', NULL, 'ditta2yani@gmail.com', '10', '0000-00-00 00:00:00', '0000-00-00 00:00:00', 'MDOI_YC6MMpzIp1yCO8tEo--ipdTBaYy_1573259369', 'dr. Ditta Dwiyani', 'participant', '081259408000', '3509'),
(1268, 'i68PRCi17V5kDSfEkJxH92UPYsl9i7e7', NULL, '$2y$10$du89CdaholOsGS87zCW3QeAlbjAxVF89HQrLtUN65FMs/iML.FSM6', NULL, 'a123aku3@gmail.com', '10', '2019-12-07 03:27:59', '2020-03-15 11:23:39', NULL, 'angga', 'super', '123456789', '11'),
(1269, 'XTxAhmCvdcHQdWKQthsZb1Lft1c1o2qv', NULL, '$2y$10$Jp.tuZ2SU54oUPBTWU8cYeKcRHX8q2IfVzjC9C6xCRF0jhkquxdF2', NULL, 'a123aku2@gmail.com', '10', '2019-12-07 03:55:01', '2020-03-15 14:42:54', NULL, 'angga', 'super', '123456789', '11'),
(1270, 'Df7zsQCMdQwpfZSoTd0Ravf3600kV5L9', 'upload/images/image1596343547.jpeg', '$2y$10$euIDq2rLLv7QFBCS6Cx7D.MbIp8F2f40iFSX3GqmV4BkzxMYuob8G', NULL, 'angga@gmail.com', '10', '2020-03-17 02:22:11', '2020-08-12 02:18:27', NULL, 'Angga Dwi Saputra', 'lead eo', '082245836528', '0'),
(1271, NULL, NULL, '$2y$10$vNPgxH40FiREGX1/lH/qCOLrLeyVPWtG.2CHDlE9Gzpgt9DF1vk3C', NULL, 'tes1@gmail.com', '10', '2020-04-01 07:09:08', '2020-04-16 14:38:38', NULL, 'angga dwi sa', 'participant', '123', '1'),
(1272, NULL, NULL, '$2y$10$GWLGw3eCuyTn3/iXR/aTuep5Ob59jWTDQ2jlzh54NTR52ZTbAGTIi', NULL, 'tes2@gmail.com', '10', '2020-04-01 07:09:19', '2020-04-01 07:09:19', NULL, 'tes', 'participant', '123', '1'),
(1273, NULL, NULL, '$2y$10$hUS1q/yYqvY6XjNieMu52ehu44mBlQIdt8LNCTvX6SGGwR7iCF0S6', NULL, 'angga2@gmail.com', '10', '2020-04-11 14:00:24', '2020-04-11 14:00:24', NULL, 'angga', 'speaker', '123', '11'),
(1274, NULL, NULL, '$2y$10$LdZOKi5bsdhxFQtozwff5.btgCxvOyP5LJU5BXxL1Rk8Z7MC0jJkS', NULL, 'angga3@gmail.com', '10', '2020-04-11 14:02:08', '2020-04-11 14:02:08', NULL, 'angga', 'speaker', '123', '11'),
(1275, NULL, NULL, '$2y$10$qQ.BvtWp9m3C6RC1kLoOPuQZ5x052IpwRLfy14uLuR1Crt.vq/EMW', NULL, 'katy@gmail.com', '10', '2020-04-11 14:09:54', '2020-04-11 14:09:54', NULL, 'katy', 'speaker', '123', '3510'),
(1276, NULL, NULL, '$2y$10$zaqXDvGQSDqPHIRyiaZHdO164ogdSjc/igLTyHE2kI7H.89HMPeRy', NULL, 'tes@gmail.com', '10', '2020-04-11 14:20:41', '2020-04-11 14:20:41', NULL, 'tess', 'speaker', '123', '3510'),
(1278, NULL, NULL, '$2y$10$i1DfKs/oYgwh0DTj2XbRR.3se3HqVGY35PXImf8euJ9stpoYzFVRC', NULL, 'coba@gmail.com', '10', '2020-04-11 14:24:19', '2020-04-11 14:24:19', NULL, 'coba', 'speaker', '1', '3510'),
(1279, 'jv6FsgR5LdoLa625WI9gXLGD1kqZd9kD', 'upload/images/image1588654625.jpeg', '$2y$10$IcqfuoSUC9xyjZxwaHf95e7EcUx7RxbOhxr7DduuJHp7rPWXYTeuO', NULL, 'demo@gmail.com', '10', '2020-04-19 11:46:38', '2020-05-31 08:21:29', NULL, 'Demo', 'participant', '123', '1101'),
(1280, NULL, 'upload/images/blank.jpg', '$2y$10$IkTJjNXSJ759yyXgVDkn/uxDQnCxgKmsh18Zyt/f3mWByu99lRM7e', NULL, 'demo1@gmail.com', '10', '2020-04-19 11:47:01', '2020-04-19 11:47:01', NULL, 'Demo1', 'participant', '123', '1101'),
(1281, NULL, 'upload/images/blank.jpg', '$2y$10$FxiMZjC8hxF0TUKwSWGG4OOWv.sYnEvEhFlfvr5TUSKGzunshE4.2', NULL, 'demo2@gmail.com', '10', '2020-04-19 11:47:12', '2020-04-19 11:47:12', NULL, 'Demo2', 'participant', '123', '1101'),
(1286, 'nhBUos0y9OE7xKkoNPliPifljcjroAeE', 'upload/images/blank.jpg', '$2y$10$gBHWpCCwNSNcgY3aeDNXKupEiO.cCMqaXjk26qg9BYvOKAjXkE3JG', NULL, 'anggadwisaputra83h@gmail.com', '10', '2020-05-21 02:40:35', '2020-06-26 11:55:29', NULL, 'Angga Dwi', 'participant', '123', '1103'),
(1287, 'IsPdhMD9KzwKw6wmpdz0tjx7R7ilOQ1g', 'upload/images/blank.jpg', '$2y$10$dPnCYE7yEP.nOBq7GyKA2ei1WtXlxHVEOTEVz0iy8deejKXE6A7kC', NULL, 'user@gmail.com', '10', '2020-06-16 11:07:36', '2020-06-18 07:37:03', NULL, 'angga dwi', 'participant', '123', '1610'),
(1288, NULL, NULL, '$2y$10$Ne0Hx3tjVF/oC1ajlgJLTe4J.XfaLB5JbLzhrUDu3DRti6stDXDXe', NULL, 'anggadwi@gmail.com', '10', '2020-06-18 01:00:56', '2020-06-18 01:00:56', NULL, 'Angga Dwi', 'speaker', '123', '3510'),
(1289, 'zLurpDEra1noo4tBRaUMCi3sSdN295hn', 'upload/images/blank.jpg', '$2y$10$ZZWCtCSSpOVNFBc1vZNKKevmhRe9TJCtD0m7NYMZ55AxKiJ/PcGhq', NULL, 'user2@gmail.com', '10', '2020-06-18 08:31:37', '2020-06-18 08:31:55', NULL, 'angga dwi s', 'participant', '123', '3510'),
(1290, NULL, NULL, '$2y$10$qSESSsU6tuUMzAeywNxEP.scSQFHTXHdRelf176bFvmtLKJGjgh0e', NULL, 'user3@gmail.com', '10', '2020-06-19 05:28:09', '2020-06-19 05:28:09', NULL, 'Angga Dwi Saputra', 'speaker', '122', '3510'),
(1291, 'EiJEWSQKrDEIkG60gUgznT12ndoo2NpH', 'upload/images/image1592568541.jpeg', '$2y$10$cp6oWUX3EYyO7I6KplQ0eee/U4w3RuloMRggmaNHjCFrzZSnXXD2a', NULL, 'user4@gmail.com', '10', '2020-06-19 12:00:45', '2020-06-28 05:24:15', NULL, 'Angga Dwi S', 'speaker', '123', '3510'),
(1292, 'W1CtttmiILEWrzH4v6LrA2yNL76MYV5K', 'upload/images/image1594279962.jpeg', '$2y$10$Sb3sO8gD3pQQfjBJi94Ao.9wNeUWEOm7iOV.OCd1GGgV2BN2uH.7O', NULL, 'nandabrianas.ti9.poliwangi@gmail.com', '10', '2020-06-26 06:57:23', '2020-07-16 02:20:23', NULL, 'Nanda Brian Adnan Saputra', 'speaker', '087750424428', '3510'),
(1293, NULL, 'upload/images/blank.jpg', '$2y$10$ONtZZB009AUXfxcn2gBZKO.eYrsxnBFzHoUjmda31dW0vwKWigdbm', NULL, 'anggadwi2@gmail.com', '10', '2020-06-26 11:34:28', '2020-06-26 11:34:28', NULL, 'anggadwi2', 'speaker', '123', '1101'),
(1294, 'ProgvZpJCKTy726BvPzJiiGA4ViKTJRV', 'upload/images/blank.jpg', '$2y$10$2w5Kaoi1p.5zePdMojGeUO4cRDWIe26eCaLIl0UyGgimKEOJrEeg.', NULL, 'angga.dwi.ti11.poliwangi@gmail.com', '10', '2020-07-09 13:30:37', '2020-07-09 13:31:11', NULL, 'Angga Dwi S', 'lead eo', '123', '3510'),
(1295, '7D6hsjA4UYfBfI3yledqlRChx5WhdYoJ', 'upload/images/blank.jpg', '$2y$10$BLC3/ogoQwCHkK0Vq9G/NeG21yp1G4iprMR7dFMWlViwhemOfNpJC', NULL, 'brianadnan97@gmail.com', '10', '2020-07-16 03:21:35', '2020-07-16 03:21:53', NULL, 'Brian Adnan', 'participant', '087750424428', '3510'),
(1296, 'zXsgjdLE0uJTTzoWSFFZNND25kG0RHdo', 'upload/images/blank.jpg', '$2y$10$8255Hy8C9foP34K.KqOUzeNX223uZEmdb9lF.uXCP/wkSIf8Ihyn6', NULL, 'bryien65@gmail.com', '10', '2020-07-16 07:27:14', '2020-07-30 04:42:32', NULL, 'Brian ', 'participant', '087750424428', '5107'),
(1297, 'vex6h326AxEv1aDa3tnn3Alw2EsqBH4p', 'upload/images/blank.jpg', '$2y$10$zy3wLgV6C8X1Gxu3hP6u0O7hYdVYNg6YjfaiePbnLoIl5QaG4tuIi', NULL, 'briansaputra65@gmail.com', '10', '2020-07-16 07:29:01', '2020-07-16 07:29:31', NULL, 'Brian Saputra', 'speaker', '087750424428', '1101'),
(1298, NULL, 'upload/images/blank.jpg', '$2y$10$yi7tzcS0wmM8rkW3q7GB2.t/qcWP4vIWgeKAx1NHxGavxa11TNX5C', NULL, 'demo4@gmail.com', '10', '2020-08-06 13:19:30', '2020-08-06 13:31:51', NULL, 'demo4', 'eo', '123', '1101'),
(1299, 'Od1Z4osv05ko4dHdDzg8ywChnaUFrdbh', 'upload/images/blank.jpg', '$2y$10$uOYZmUbBc3WE3jHmU.50leplsnL0SAUveyIB1WV5Td5odSv6KwRHK', NULL, 'demo99@gmail.com', '10', '2020-08-07 12:23:41', '2020-08-10 13:14:29', NULL, 'angga', 'speaker', '123', '1101'),
(1300, 'xiJVnIsjGsFbZhvQC3psEX5sSN4K6KaU', 'upload/images/blank.jpg', '$2y$10$XFK0.MTZ30Y42rP0sgJ6Du56FMdvIhhcOsPSkrEbsQlJ/Zui6YChe', NULL, 'demo98@gmail.com', '10', '2020-08-10 13:43:46', '2020-08-10 13:44:10', NULL, 'angga', 'speaker', '123', '1101'),
(1301, '3iNChoOYbWdN8pGsU2u52zM0ghuJNhVQ', 'upload/images/blank.jpg', '$2y$10$48RYs7um07REI1yiAz2iS.eBLOPvEVwruQIGK6Bdl1XSMugewFu3e', NULL, 'o@o.o', '10', '2020-08-12 02:03:40', '2020-08-12 02:04:07', NULL, 'o@o.o', 'eo', '111', '1101'),
(1302, NULL, 'upload/images/blank.jpg', '$2y$10$8re7Ir4tqvb467FGM73eDuv2r9dufuAJRZG2sANfwWdJJb.SLbcYG', NULL, 'anggadwisss16@gmail.com', 'activated', '2020-08-14 08:54:29', '2020-08-14 09:13:21', '00xmBzXGdwsjAHGYFXdss0igSmeYSqzc', 'angga dwi', 'lead eo', '123', '1'),
(1303, 'QsBkZ4Bxw1d8shPQmvS9ClfBvX2kNPAR', 'upload/images/blank.jpg', '$2y$10$0PaTmBrw9c8RoPv.KJX.TOC71YqgNYvxG8pvLYUCyNhajhaV9RFpK', NULL, 'anggadwisss16@gmail.comk', 'activated', '2020-08-15 05:01:36', '2020-08-15 05:15:29', '8H4m8skPaotdyTKJ0yzRbbcqm7z7d7dR', 'angga', 'lead eo', '123', '1101'),
(1304, NULL, 'upload/images/blank.jpg', '$2y$10$mlSNWYAahxjq4yLODrR.FeyluBwU85SmpAczQ06pgxlMDpv.7pLG.', NULL, 'a123akug@gmail.com', 'deactivated', '2020-08-15 06:37:00', '2020-08-15 06:37:00', NULL, 'pemateri', 'speaker', '123', '1101'),
(1305, NULL, 'upload/images/blank.jpg', '$2y$10$dd341KbFbkZ9BZxLEfPKSORA7XnT6qU6ylwJkjSi.wc9rs1i5y9s.', NULL, 'a123akgu@gmail.com', 'deactivated', '2020-08-15 06:39:48', '2020-08-15 06:41:26', NULL, 'angga', 'eo', '123', '1101'),
(1306, 'DuxKtABhn2KHRojaIsWWoCpx62CuPG0d', 'upload/images/blank.jpg', '$2y$10$BgaIULRc9eJVFlVpMWiU5.tWOTb3KmWjvhkI8R8j9XwcTHoHtQjHS', NULL, 'a123akughjg@gmail.com', 'activated', '2020-08-15 07:42:15', '2020-08-17 14:04:57', 'QtVueNAf9PFfhzYbZad5uQOM4aDSEtJo', 'a123aku@gmail.com', 'eo', '111', '1101'),
(1307, 'KD2jkzkd1IsunZ7gGzAkIDX60O2ienXc', 'upload/images/blank.jpg', '$2y$10$tgVtGA2wS1ln3Ga0YDlDoOoj9y7gsZEK9WyGcP2S1TnNup5btAdwe', NULL, 'a123aaaku@gmail.com', 'activated', '2020-08-17 14:09:33', '2020-08-17 14:11:28', 'RsDWWCR2TBy52tyM2s0I8EvSFhue48lj', 'Angga Dwi Saputra', 'lead eo', '123', '1101'),
(1308, NULL, 'upload/images/blank.jpg', '$2y$10$K1WgvjrLRMi0qgj1mkfLAONFf0dpvxw2/dPcSpug4SW55blUaCL02', NULL, 'anggadwissss16@gmail.com', 'deactivated', '2020-08-17 14:20:11', '2020-08-17 14:20:11', 'TWLeagk5UsgChWetG9llgIkRHHeHsuRi', 'Dwi Saputra', 'speaker', '123', '1101'),
(1309, NULL, 'upload/images/blank.jpg', '$2y$10$wodKUl89wUyJTUBj2Oa/oOodNKgvy87z1rWzxthVd9NyhfmRelByy', NULL, 'anggadwiss13@gmail.com', 'activated', '2020-08-17 14:28:26', '2020-08-17 14:29:28', '2OksdjM573tuAIMV58PdaJBwtBx8skdT', 'Dwi Saputra', 'speaker', '123', '1101'),
(1310, NULL, 'upload/images/blank.jpg', '$2y$10$gXlwnIgefJf6Atai6CUUbeMVJsj9P6i89eLHEchyNvUkbVBhDoHb.', NULL, 'anggadwiss@gmail.com', 'deactivated', '2020-08-17 14:36:52', '2020-08-17 14:36:52', 'ddmwCkZCUmsXsffy9krJU5arhyqU0PP9', 'Saputra', 'speaker', '123', '1101'),
(1311, NULL, 'upload/images/blank.jpg', '$2y$10$/if3CeDZESC2J6vAeS0oo.piXkCwyxAWfNLspDfKNyJFPW4TR4Uq6', NULL, 'anggadwisssgh16@gmail.com', 'activated', '2020-08-17 14:38:18', '2020-08-17 14:48:48', '6hlbnjGsO9sXKUdb8KMPXzpMDSwddq6L', 'Putra', 'eo', '111', '1101'),
(1312, 'FEPumDvCDE50xOQdGFlijHWYmYGUCIss', 'upload/images/blank.jpg', '$2y$10$vhoyqGQMVhe5CxJDCtEaGuVowyL8zwrNCII9RNY0OV6gF/MzH7BiG', NULL, 'angga.dwi.ti19.poliwangi@gmail.com', 'activated', '2020-08-17 15:19:12', '2020-08-17 15:21:11', 'b5JZWWKT679wFS2ngRdQms2g2Jb7nCWZ', 'Deby', 'participant', '123', '1101'),
(1313, NULL, 'upload/images/blank.jpg', '$2y$10$nWzpKpCfNF4gv6xKW7cWlOI.n21DewX6KvIsLfDh5ELo1NBYLJKRi', NULL, 'dhimaspanji66sgmail.com', 'deactivated', '2020-08-18 04:03:41', '2020-08-18 04:08:21', 'FsyY0dQNFxudMLSuddQmXpCdWJfBxTBN', 'Pemateri', 'eo', '123', '3510'),
(1314, NULL, 'upload/images/blank.jpg', '$2y$10$ShYQEsF.ZxpCIufeWXjLVeGsDqffu.I7ftuXZXv4RcG3xlsh46k8C', NULL, 'zzzz@gmail.com', 'deactivated', '2020-08-18 04:09:45', '2020-08-18 04:09:45', 'LcXMxGq9Z3d5A7NLMv93yHyd2Xd58Edf', 'Pemateri', 'eo', '123', '3510'),
(1315, NULL, 'upload/images/blank.jpg', '$2y$10$TLKITWGiv6s2Z2rR56ZkeOqdGEnlYpmhfM4XPq4hhhGoD6rYgVnqa', NULL, 'dhimaspanji6s6@gmail.com', 'deactivated', '2020-08-18 04:11:22', '2020-08-18 04:12:15', 'zsgXpR9Qq0d9fB2N6cFbZKPB9dBsj5fs', 'Pemateri', 'eo', '123', '3510'),
(1316, NULL, 'upload/images/blank.jpg', '$2y$10$Inj4WnbzBg8Vkm5Cf1RWnOyRay1L/e0OBtogetUlmlzxyI2VCKJti', NULL, 'dhimaspanji66@gmail.com', 'deactivated', '2020-08-18 04:20:11', '2020-08-18 04:20:11', 'VX9f2HBhZ1kL1TTCQ783QjEddswQajPd', 'Pemateri', 'eo', '123', '3510'),
(1317, 'OoddOTN23vsqUbVJ0xsgwqHexz1B4Dms', 'upload/images/blank.jpg', '$2y$10$nhoJGJo7PPfks.ymr.c/d.4d9y5z6j7KcamLZISOffwGTSptV4snm', NULL, 'anggadwisssad16@gmail.com', 'activated', '2020-08-18 04:24:04', '2020-08-18 04:26:26', 'Uin2saMLEPlfCdlfV1Zoc9d92c8p2AEZ', 'Pemateri', 'eo', '123', '3510'),
(1318, 'WLJR8dSvRIhWdMARWBir6GuE117LVb2s', 'upload/images/blank.jpg', '$2y$10$mwUf.OszrX8qsCGOPIgfLOXYS2rAWnPOKN21UAEYncsv8qDaugR6q', NULL, 'anggadwiss156@gmail.com', 'activated', '2020-08-18 05:17:13', '2020-08-18 05:20:47', '0Dcv7uumKCh2U4dyxhzR6ShDsIsT25Qs', 'angga dwi', 'lead eo', '123', '1101'),
(1319, NULL, 'upload/images/blank.jpg', '$2y$10$ud.YVD1wJvaxiBimUZIy4OMKWXBzjR9xZm5OGqv0p72EEKG6T1fpG', NULL, 'a123aksu@gmail.com', 'deactivated', '2020-08-18 05:23:15', '2020-08-18 05:23:15', 'QCkGGb0dvEzUvW7gc02dDZgXalOe3A4c', 'pemateri', 'speaker', '123', '1101'),
(1320, NULL, 'upload/images/blank.jpg', '$2y$10$RbwFtHvX50xn.6qSK7DLUeGyJOYlPOkRhHFvt0uaYcBrXoU.sVil.', NULL, 'angga.dwi.ti10.poliwangi@gmail.com', 'activated', '2020-08-18 05:26:13', '2020-08-18 05:28:16', 'g6risaBuZPPOXe8YvPQXjd3qIZdyZS5i', 'Pemateri', 'eo', '123', '3510'),
(1321, '8SpZdDtvAeBsd9kyhZ3vDN0y0NdMIUiM', 'upload/images/blank.jpg', '$2y$10$wn25TChPX9BHMVGLBtiIoOX5m/TlKyu3RieFhXKCsLT6Tdfm7aAaq', NULL, 'anggadwiss1h6@gmail.com', 'activated', '2020-08-18 11:50:51', '2020-08-18 14:12:20', 'yI8KSzNn2RUszA2PIO6tuGlAsbhLaGFd', 'angga', 'lead eo', '123', ''),
(1322, NULL, 'upload/images/blank.jpg', '$2y$10$dgWxIwbJe3Yeg1XuVZujUORyA88u6OsHwdE3iDIsvRN7LSg8xdJ1C', NULL, 'a123akhu@gmail.com', 'activated', '2020-08-18 13:40:42', '2020-08-18 13:42:54', 'kXsfz277vc5ndZuCwsArhF28Y4KI3OIt', 'Pemateri', 'eo', '123', '3510'),
(1323, NULL, 'upload/images/blank.jpg', '$2y$10$GUBkWGS5wXEODetaugpMK.nXotnsDIlEo6nWxWcpLTNndv7qt5Nl6', NULL, 'anggadwisaputra86@gmail.com', 'activated', '2020-08-18 13:47:46', '2020-08-18 13:51:25', 'D9B6S2dLqNWP4a6fWJUDvAOie8RzxZUv', 'amgga dwi', 'speaker', '123', '1101'),
(1324, NULL, 'upload/images/blank.jpg', '$2y$10$pxVKnhAOLjFz.K4krI/02uDX/8QPulcgQNBXSCMviyLjI0c5nt15K', NULL, 'a123akssu@gmail.com', 'activated', '2020-08-18 13:52:18', '2020-08-18 13:53:42', 'xQUqWibdkudKwAdsB5n4hGPHSHcdSewF', 'Anggota Panitia', 'eo', '123', '3510'),
(1325, 'p3E2BEEe3tLWhFmpcQwYY865XFEYdxRt', 'upload/images/blank.jpg', '$2y$10$Hh0sDlNduiASRaW1eCwsF.1kJIJ5qN6cBVXnEpFPT/SffwVy4CFey', NULL, 'a123akua@gmail.com', 'activated', '2020-08-18 13:57:11', '2020-08-18 13:58:26', 'rtPFYFbRjPVU3mSYqu9JS0TfdM1g5qwU', 'Anggota Panitia', 'eo', '123', '3510'),
(1326, NULL, 'upload/images/blank.jpg', '$2y$10$Z/nLZnw1t7bFjKWZnC50Nu8N2GB3ByDybLzj2an4lr4XCmR/kB6wS', NULL, 'anggadwisaputra93@gmail.com', 'activated', '2020-08-19 03:17:55', '2020-08-19 03:24:52', '3OGmXoowYVFggEsQesjU0tZQ4BtQas1j', 'boy', 'lead eo', '1123', '1101'),
(1327, NULL, 'upload/images/blank.jpg', '$2y$10$ly9oRWINurhxUohdWOyi6u4PuOeUE9rNmopzDJeZTDJ3GZm/N35Dm', NULL, 'anggadwisaputra85@gmail.com', 'deactivated', '2020-08-19 03:22:00', '2020-08-19 03:22:00', 'DGid9B2uKfIf1i0owIsk0iWpPdQJXdLF', 'angga', 'lead eo', '111', '1101');

--
-- Indexes for dumped tables
--

--
-- Indexes for table `event`
--
ALTER TABLE `event`
  ADD PRIMARY KEY (`id`) USING BTREE,
  ADD KEY `fk_event_event_type1_idx` (`event_type_id`);

--
-- Indexes for table `event_agenda`
--
ALTER TABLE `event_agenda`
  ADD PRIMARY KEY (`id`),
  ADD KEY `fk_event_agenda_event_session1_idx` (`event_session_id`,`event_session_event_id`,`event_session_event_event_type_id`);

--
-- Indexes for table `event_certificate`
--
ALTER TABLE `event_certificate`
  ADD PRIMARY KEY (`id`),
  ADD KEY `fk_event_certificate_event1_idx` (`event_id`,`event_event_type_id`);

--
-- Indexes for table `event_material`
--
ALTER TABLE `event_material`
  ADD PRIMARY KEY (`id`),
  ADD KEY `fk_event_material_event1_idx` (`event_id`,`event_event_type_id`);

--
-- Indexes for table `event_order_history`
--
ALTER TABLE `event_order_history`
  ADD PRIMARY KEY (`id`);

--
-- Indexes for table `event_packet`
--
ALTER TABLE `event_packet`
  ADD PRIMARY KEY (`id`);

--
-- Indexes for table `event_presensi`
--
ALTER TABLE `event_presensi`
  ADD PRIMARY KEY (`id`);

--
-- Indexes for table `event_session`
--
ALTER TABLE `event_session`
  ADD PRIMARY KEY (`id`),
  ADD KEY `fk_event_session_event1_idx` (`event_id`,`event_event_type_id`);

--
-- Indexes for table `event_type`
--
ALTER TABLE `event_type`
  ADD PRIMARY KEY (`id`);

--
-- Indexes for table `migration`
--
ALTER TABLE `migration`
  ADD PRIMARY KEY (`version`);

--
-- Indexes for table `migrations`
--
ALTER TABLE `migrations`
  ADD PRIMARY KEY (`id`);

--
-- Indexes for table `participant`
--
ALTER TABLE `participant`
  ADD PRIMARY KEY (`id`),
  ADD KEY `fk_participant_participant_group1_idx` (`participant_group_id`);

--
-- Indexes for table `participant_group`
--
ALTER TABLE `participant_group`
  ADD PRIMARY KEY (`id`);

--
-- Indexes for table `participant_order_history`
--
ALTER TABLE `participant_order_history`
  ADD PRIMARY KEY (`id`);

--
-- Indexes for table `participant_refund_order`
--
ALTER TABLE `participant_refund_order`
  ADD PRIMARY KEY (`id`);

--
-- Indexes for table `payment_type`
--
ALTER TABLE `payment_type`
  ADD PRIMARY KEY (`id`);

--
-- Indexes for table `provinces`
--
ALTER TABLE `provinces`
  ADD PRIMARY KEY (`id`);

--
-- Indexes for table `regencies`
--
ALTER TABLE `regencies`
  ADD PRIMARY KEY (`id`);

--
-- Indexes for table `speakers`
--
ALTER TABLE `speakers`
  ADD PRIMARY KEY (`id`);

--
-- Indexes for table `team`
--
ALTER TABLE `team`
  ADD PRIMARY KEY (`id`),
  ADD KEY `fk_team_user1_idx` (`user_id`),
  ADD KEY `event_id` (`event_id`);

--
-- Indexes for table `user`
--
ALTER TABLE `user`
  ADD PRIMARY KEY (`id`),
  ADD UNIQUE KEY `email` (`email`),
  ADD UNIQUE KEY `password_reset_token` (`password_reset_token`);

--
-- AUTO_INCREMENT for dumped tables
--

--
-- AUTO_INCREMENT for table `event`
--
ALTER TABLE `event`
  MODIFY `id` int(11) NOT NULL AUTO_INCREMENT, AUTO_INCREMENT=238;

--
-- AUTO_INCREMENT for table `event_agenda`
--
ALTER TABLE `event_agenda`
  MODIFY `id` int(11) NOT NULL AUTO_INCREMENT, AUTO_INCREMENT=70;

--
-- AUTO_INCREMENT for table `event_certificate`
--
ALTER TABLE `event_certificate`
  MODIFY `id` int(11) NOT NULL AUTO_INCREMENT, AUTO_INCREMENT=3;

--
-- AUTO_INCREMENT for table `event_material`
--
ALTER TABLE `event_material`
  MODIFY `id` int(11) NOT NULL AUTO_INCREMENT, AUTO_INCREMENT=58;

--
-- AUTO_INCREMENT for table `event_order_history`
--
ALTER TABLE `event_order_history`
  MODIFY `id` int(11) NOT NULL AUTO_INCREMENT, AUTO_INCREMENT=75;

--
-- AUTO_INCREMENT for table `event_packet`
--
ALTER TABLE `event_packet`
  MODIFY `id` int(11) NOT NULL AUTO_INCREMENT, AUTO_INCREMENT=3;

--
-- AUTO_INCREMENT for table `event_presensi`
--
ALTER TABLE `event_presensi`
  MODIFY `id` int(11) NOT NULL AUTO_INCREMENT, AUTO_INCREMENT=1051;

--
-- AUTO_INCREMENT for table `event_session`
--
ALTER TABLE `event_session`
  MODIFY `id` int(11) NOT NULL AUTO_INCREMENT, AUTO_INCREMENT=132;

--
-- AUTO_INCREMENT for table `event_type`
--
ALTER TABLE `event_type`
  MODIFY `id` int(11) NOT NULL AUTO_INCREMENT, AUTO_INCREMENT=5;

--
-- AUTO_INCREMENT for table `migrations`
--
ALTER TABLE `migrations`
  MODIFY `id` int(10) UNSIGNED NOT NULL AUTO_INCREMENT, AUTO_INCREMENT=3;

--
-- AUTO_INCREMENT for table `participant`
--
ALTER TABLE `participant`
  MODIFY `id` int(11) NOT NULL AUTO_INCREMENT, AUTO_INCREMENT=1103;

--
-- AUTO_INCREMENT for table `participant_group`
--
ALTER TABLE `participant_group`
  MODIFY `id` int(11) NOT NULL AUTO_INCREMENT, AUTO_INCREMENT=52;

--
-- AUTO_INCREMENT for table `participant_order_history`
--
ALTER TABLE `participant_order_history`
  MODIFY `id` int(11) NOT NULL AUTO_INCREMENT, AUTO_INCREMENT=34;

--
-- AUTO_INCREMENT for table `participant_refund_order`
--
ALTER TABLE `participant_refund_order`
  MODIFY `id` int(11) NOT NULL AUTO_INCREMENT, AUTO_INCREMENT=9;

--
-- AUTO_INCREMENT for table `payment_type`
--
ALTER TABLE `payment_type`
  MODIFY `id` int(11) NOT NULL AUTO_INCREMENT, AUTO_INCREMENT=4;

--
-- AUTO_INCREMENT for table `speakers`
--
ALTER TABLE `speakers`
  MODIFY `id` int(11) NOT NULL AUTO_INCREMENT, AUTO_INCREMENT=27;

--
-- AUTO_INCREMENT for table `team`
--
ALTER TABLE `team`
  MODIFY `id` int(11) NOT NULL AUTO_INCREMENT, AUTO_INCREMENT=166;

--
-- AUTO_INCREMENT for table `user`
--
ALTER TABLE `user`
  MODIFY `id` int(11) NOT NULL AUTO_INCREMENT, AUTO_INCREMENT=1328;
COMMIT;

/*!40101 SET CHARACTER_SET_CLIENT=@OLD_CHARACTER_SET_CLIENT */;
/*!40101 SET CHARACTER_SET_RESULTS=@OLD_CHARACTER_SET_RESULTS */;
/*!40101 SET COLLATION_CONNECTION=@OLD_COLLATION_CONNECTION */;
